transaction_id,customer_id,amount,customer_avg_amount,amount_ratio,velocity_10m,location_distance_km,hour,merchant_risk_index,is_new_device,is_fraud
tx-gen-000001,cust-0017,27.03,57.6,0.47,0,0.0,23,0.4,0,0
tx-gen-000002,cust-0009,209.225,83.69,2.5,1,0.0,6,0.1,0,0
tx-gen-000003,cust-0011,117.88,89.52,1.32,0,0.0,10,0.4,0,0
tx-gen-000004,cust-0030,95.9,105.05,0.91,0,0.0,8,0.1,0,0
tx-gen-000005,cust-0035,8.36,49.28,0.17,0,0.0,8,0.1,0,0
tx-gen-000006,cust-0030,1235.5,105.05,11.76,3,5389.0,23,0.8,0,1
tx-gen-000007,cust-0041,15.58,91.84,0.17,0,0.0,2,0.1,0,0
tx-gen-000008,cust-0050,10.86,181.57,0.06,0,0.0,1,0.4,0,0
tx-gen-000009,cust-0024,541.16,269.07,2.01,0,0.0,23,0.1,0,0
tx-gen-000010,cust-0006,35.46,38.58,0.92,2,0.0,5,0.1,0,0
tx-gen-000011,cust-0009,103.04,83.69,1.23,0,0.0,6,0.4,0,0
tx-gen-000012,cust-0039,5.0,215.8,0.02,0,0.0,6,0.4,0,0
tx-gen-000013,cust-0046,218.52499999999998,87.41,2.5,0,0.0,3,0.1,0,0
tx-gen-000014,cust-0008,343.98,192.55,1.79,0,0.0,19,0.1,0,0
tx-gen-000015,cust-0038,31.61,132.45,0.24,0,0.0,11,0.1,1,0
tx-gen-000016,cust-0022,10.29,51.28,0.2,0,0.0,15,0.1,0,0
tx-gen-000017,cust-0009,16.96,83.69,0.2,0,0.0,23,0.4,0,0
tx-gen-000018,cust-0027,33.2,91.53,0.36,0,0.0,19,0.1,0,0
tx-gen-000019,cust-0047,101.78,136.82,0.74,0,0.0,11,0.1,0,0
tx-gen-000020,cust-0007,50.35,89.03,0.57,0,0.0,7,0.4,0,0
tx-gen-000021,cust-0018,19.31,56.11,0.34,1,0.0,20,0.1,0,0
tx-gen-000022,cust-0007,84.26,89.03,0.95,2,0.0,4,0.1,1,0
tx-gen-000023,cust-0016,43.34,288.45,0.15,0,0.0,4,0.1,0,0
tx-gen-000024,cust-0004,73.49,212.71,0.35,0,0.0,4,0.1,0,0
tx-gen-000025,cust-0030,47.93,105.05,0.46,0,0.0,14,0.1,0,0
tx-gen-000026,cust-0004,129.53,212.71,0.61,0,0.0,8,0.1,0,0
tx-gen-000027,cust-0038,203.7,132.45,1.54,0,0.0,8,0.1,0,0
tx-gen-000028,cust-0012,23.41,105.11,0.22,0,0.0,4,0.1,1,0
tx-gen-000029,cust-0037,69.39,96.1,0.72,0,0.0,2,0.1,0,0
tx-gen-000030,cust-0038,118.87,132.45,0.9,0,0.0,19,0.1,0,0
tx-gen-000031,cust-0016,13.72,288.45,0.05,0,0.0,21,0.1,1,0
tx-gen-000032,cust-0005,640.94,53.47,11.99,7,4845.0,12,0.1,1,1
tx-gen-000033,cust-0009,78.28,83.69,0.94,0,0.0,6,0.1,0,0
tx-gen-000034,cust-0035,9.21,49.28,0.19,0,0.0,16,0.4,0,0
tx-gen-000035,cust-0020,15.27,227.03,0.07,0,0.0,10,0.1,0,0
tx-gen-000036,cust-0048,384.72499999999997,153.89,2.5,0,0.0,18,0.1,0,0
tx-gen-000037,cust-0014,546.25,218.5,2.5,0,0.0,0,0.4,1,0
tx-gen-000038,cust-0004,351.47,212.71,1.65,0,0.0,13,0.1,0,0
tx-gen-000039,cust-0009,30.4,83.69,0.36,0,0.0,20,0.1,0,0
tx-gen-000040,cust-0028,30.42,296.01,0.1,1,0.0,4,0.1,0,0
tx-gen-000041,cust-0010,252.87,219.36,1.15,0,0.0,14,0.4,0,0
tx-gen-000042,cust-0003,39.26,67.68,0.58,0,0.0,15,0.1,0,0
tx-gen-000043,cust-0007,11.59,89.03,0.13,2,0.0,23,0.1,0,0
tx-gen-000044,cust-0016,197.17,288.45,0.68,0,0.0,2,0.1,0,0
tx-gen-000045,cust-0022,5.0,51.28,0.1,0,0.0,11,0.1,0,0
tx-gen-000046,cust-0007,213.71,89.03,2.4,0,0.0,12,0.1,0,0
tx-gen-000047,cust-0030,31.46,105.05,0.3,0,0.0,17,0.1,0,0
tx-gen-000048,cust-0022,55.7,51.28,1.09,0,0.0,7,0.1,0,0
tx-gen-000049,cust-0044,103.3,276.55,0.37,1,0.0,19,0.1,0,0
tx-gen-000050,cust-0017,42.28,57.6,0.73,0,0.0,3,0.1,0,0
tx-gen-000051,cust-0047,108.26,136.82,0.79,2,0.0,17,0.4,0,0
tx-gen-000052,cust-0037,19.64,96.1,0.2,0,0.0,0,0.1,1,0
tx-gen-000053,cust-0035,123.2,49.28,2.5,0,0.0,22,0.1,1,0
tx-gen-000054,cust-0022,76.52,51.28,1.49,0,0.0,8,0.1,0,0
tx-gen-000055,cust-0021,159.25,63.7,2.5,0,0.0,21,0.4,0,0
tx-gen-000056,cust-0025,418.65,185.89,2.25,0,0.0,20,0.4,0,0
tx-gen-000057,cust-0001,54.72,60.06,0.91,0,0.0,3,0.1,0,0
tx-gen-000058,cust-0021,159.25,63.7,2.5,0,0.0,5,0.1,0,0
tx-gen-000059,cust-0048,14.26,153.89,0.09,0,0.0,17,0.1,0,0
tx-gen-000060,cust-0022,11.19,51.28,0.22,0,0.0,9,0.1,0,0
tx-gen-000061,cust-0002,5.0,104.26,0.05,1,0.0,5,0.4,0,0
tx-gen-000062,cust-0027,36.02,91.53,0.39,0,0.0,9,0.1,0,0
tx-gen-000063,cust-0026,24.01,48.78,0.49,1,0.0,17,0.1,0,0
tx-gen-000064,cust-0007,28.18,89.03,0.32,1,0.0,22,0.1,0,0
tx-gen-000065,cust-0030,185.37,105.05,1.76,0,0.0,16,0.1,0,0
tx-gen-000066,cust-0043,45.13,102.29,0.44,0,0.0,20,0.4,0,0
tx-gen-000067,cust-0029,87.05,263.95,0.33,1,0.0,22,0.1,0,0
tx-gen-000068,cust-0011,70.04,89.52,0.78,0,0.0,4,0.1,0,0
tx-gen-000069,cust-0041,13.95,91.84,0.15,0,0.0,10,0.1,0,0
tx-gen-000070,cust-0005,86.65,53.47,1.62,0,0.0,8,0.1,0,0
tx-gen-000071,cust-0006,5.0,38.58,0.13,0,0.0,1,0.1,0,0
tx-gen-000072,cust-0005,133.675,53.47,2.5,0,0.0,2,0.4,0,0
tx-gen-000073,cust-0027,135.42,91.53,1.48,1,0.0,3,0.1,0,0
tx-gen-000074,cust-0025,41.18,185.89,0.22,0,0.0,0,0.1,0,0
tx-gen-000075,cust-0027,5.0,91.53,0.05,1,0.0,17,0.4,0,0
tx-gen-000076,cust-0018,94.82,56.11,1.69,0,0.0,15,0.1,0,0
tx-gen-000077,cust-0026,59.86,48.78,1.23,2,0.0,13,0.1,0,0
tx-gen-000078,cust-0026,63.69,48.78,1.31,0,0.0,11,0.1,0,0
tx-gen-000079,cust-0030,154.97,105.05,1.48,0,0.0,16,0.1,0,0
tx-gen-000080,cust-0022,5.0,51.28,0.1,0,0.0,12,0.1,0,0
tx-gen-000081,cust-0017,25.57,57.6,0.44,0,0.0,19,0.1,0,0
tx-gen-000082,cust-0023,31.27,253.94,0.12,0,0.0,5,0.1,1,0
tx-gen-000083,cust-0013,467.07,234.88,1.99,0,0.0,13,0.1,0,0
tx-gen-000084,cust-0008,187.99,192.55,0.98,0,0.0,20,0.1,0,0
tx-gen-000085,cust-0011,35.97,89.52,0.4,2,0.0,10,0.1,0,0
tx-gen-000086,cust-0002,6.85,104.26,0.07,0,0.0,9,0.1,0,0
tx-gen-000087,cust-0005,19.92,53.47,0.37,0,0.0,2,0.1,0,0
tx-gen-000088,cust-0044,108.77,276.55,0.39,0,0.0,0,0.4,0,0
tx-gen-000089,cust-0028,387.14,296.01,1.31,0,0.0,6,0.4,0,0
tx-gen-000090,cust-0027,92.89,91.53,1.01,2,0.0,14,0.1,0,0
tx-gen-000091,cust-0030,229.25,105.05,2.18,0,0.0,15,0.1,1,0
tx-gen-000092,cust-0018,35.86,56.11,0.64,0,0.0,23,0.1,0,0
tx-gen-000093,cust-0038,16.87,132.45,0.13,0,0.0,8,0.1,0,0
tx-gen-000094,cust-0049,84.57,67.7,1.25,0,0.0,13,0.1,0,0
tx-gen-000095,cust-0021,91.12,63.7,1.43,0,0.0,7,0.1,0,0
tx-gen-000096,cust-0039,177.79,215.8,0.82,0,0.0,3,0.4,1,0
tx-gen-000097,cust-0006,56.86,38.58,1.47,0,0.0,23,0.1,0,0
tx-gen-000098,cust-0031,173.75,255.21,0.68,0,0.0,16,0.1,0,0
tx-gen-000099,cust-0015,77.69,105.03,0.74,0,0.0,3,0.1,0,0
tx-gen-000100,cust-0036,42.51,76.21,0.56,0,0.0,17,0.4,0,0
tx-gen-000101,cust-0018,5.0,56.11,0.09,0,0.0,23,0.1,0,0
tx-gen-000102,cust-0048,17.57,153.89,0.11,0,0.0,20,0.1,0,0
tx-gen-000103,cust-0047,5.0,136.82,0.04,0,0.0,18,0.4,0,0
tx-gen-000104,cust-0013,237.64,234.88,1.01,0,0.0,20,0.1,0,0
tx-gen-000105,cust-0009,31.58,83.69,0.38,0,0.0,23,0.4,1,0
tx-gen-000106,cust-0041,65.25,91.84,0.71,1,0.0,16,0.1,0,0
tx-gen-000107,cust-0031,607.72,255.21,2.38,2,0.0,0,0.1,0,0
tx-gen-000108,cust-0031,73.18,255.21,0.29,0,0.0,22,0.1,0,0
tx-gen-000109,cust-0044,146.1,276.55,0.53,1,0.0,13,0.4,0,0
tx-gen-000110,cust-0016,406.35,288.45,1.41,0,0.0,21,0.4,0,0
tx-gen-000111,cust-0050,47.17,181.57,0.26,0,0.0,0,0.1,0,0
tx-gen-000112,cust-0028,23.71,296.01,0.08,0,0.0,12,0.1,0,0
tx-gen-000113,cust-0049,23.16,67.7,0.34,0,0.0,4,0.1,0,0
tx-gen-000114,cust-0012,18.48,105.11,0.18,0,0.0,5,0.1,0,0
tx-gen-000115,cust-0031,638.025,255.21,2.5,0,0.0,1,0.1,0,0
tx-gen-000116,cust-0030,173.43,105.05,1.65,0,0.0,5,0.1,0,0
tx-gen-000117,cust-0043,102.65,102.29,1.0,0,0.0,0,0.1,0,0
tx-gen-000118,cust-0010,450.02,219.36,2.05,0,0.0,22,0.1,0,0
tx-gen-000119,cust-0039,351.32,215.8,1.63,0,0.0,19,0.1,0,0
tx-gen-000120,cust-0020,46.88,227.03,0.21,0,0.0,18,0.4,0,0
tx-gen-000121,cust-0039,481.41,215.8,2.23,0,0.0,7,0.1,0,0
tx-gen-000122,cust-0015,81.41,105.03,0.78,2,0.0,8,0.4,1,0
tx-gen-000123,cust-0044,455.57,276.55,1.65,0,0.0,10,0.1,0,0
tx-gen-000124,cust-0034,640.55,282.9,2.26,2,0.0,7,0.1,0,0
tx-gen-000125,cust-0032,49.74,129.95,0.38,0,0.0,18,0.1,0,0
tx-gen-000126,cust-0007,10.38,89.03,0.12,0,0.0,0,0.1,0,0
tx-gen-000127,cust-0026,12.62,48.78,0.26,0,0.0,1,0.1,0,0
tx-gen-000128,cust-0021,35.48,63.7,0.56,1,0.0,18,0.4,0,0
tx-gen-000129,cust-0035,83.96,49.28,1.7,0,0.0,22,0.1,0,0
tx-gen-000130,cust-0032,256.18,129.95,1.97,0,0.0,16,0.1,0,0
tx-gen-000131,cust-0019,5.0,193.01,0.03,0,0.0,2,0.1,0,0
tx-gen-000132,cust-0016,206.21,288.45,0.71,0,0.0,6,0.4,0,0
tx-gen-000133,cust-0015,56.74,105.03,0.54,1,0.0,7,0.1,0,0
tx-gen-000134,cust-0010,55.1,219.36,0.25,0,0.0,13,0.4,0,0
tx-gen-000135,cust-0031,32.59,255.21,0.13,0,0.0,4,0.1,0,0
tx-gen-000136,cust-0039,88.89,215.8,0.41,0,0.0,10,0.1,0,0
tx-gen-000137,cust-0027,228.825,91.53,2.5,1,0.0,5,0.1,0,0
tx-gen-000138,cust-0020,88.63,227.03,0.39,1,0.0,18,0.1,0,0
tx-gen-000139,cust-0031,186.67,255.21,0.73,0,0.0,5,0.4,1,0
tx-gen-000140,cust-0013,285.16,234.88,1.21,0,0.0,17,0.4,0,0
tx-gen-000141,cust-0027,41.37,91.53,0.45,0,0.0,1,0.1,0,0
tx-gen-000142,cust-0042,618.4000000000001,247.36,2.5,0,0.0,2,0.1,1,0
tx-gen-000143,cust-0022,128.2,51.28,2.5,0,0.0,1,0.1,0,0
tx-gen-000144,cust-0047,39.69,136.82,0.29,0,0.0,14,0.1,0,0
tx-gen-000145,cust-0017,39.61,57.6,0.69,1,0.0,4,0.1,0,0
tx-gen-000146,cust-0035,17.64,49.28,0.36,1,0.0,19,0.1,0,0
tx-gen-000147,cust-0005,17.93,53.47,0.34,0,0.0,3,0.1,0,0
tx-gen-000148,cust-0007,5.0,89.03,0.06,0,0.0,3,0.1,0,0
tx-gen-000149,cust-0002,98.06,104.26,0.94,0,0.0,2,0.1,0,0
tx-gen-000150,cust-0016,201.49,288.45,0.7,0,0.0,12,0.1,0,0
tx-gen-000151,cust-0025,9.82,185.89,0.05,1,0.0,22,0.1,0,0
tx-gen-000152,cust-0030,34.31,105.05,0.33,0,0.0,19,0.1,0,0
tx-gen-000153,cust-0030,250.95,105.05,2.39,0,0.0,18,0.1,1,0
tx-gen-000154,cust-0038,36.27,132.45,0.27,0,0.0,14,0.1,0,0
tx-gen-000155,cust-0025,29.1,185.89,0.16,0,0.0,16,0.1,0,0
tx-gen-000156,cust-0019,129.76,193.01,0.67,2,0.0,20,0.1,0,0
tx-gen-000157,cust-0018,630.69,56.11,11.24,5,4270.0,11,0.8,1,1
tx-gen-000158,cust-0039,539.5,215.8,2.5,0,0.0,22,0.1,0,0
tx-gen-000159,cust-0047,37.92,136.82,0.28,1,0.0,10,0.1,0,0
tx-gen-000160,cust-0020,253.17,227.03,1.12,0,0.0,0,0.4,0,0
tx-gen-000161,cust-0019,276.75,193.01,1.43,0,0.0,19,0.1,0,0
tx-gen-000162,cust-0024,73.01,269.07,0.27,0,0.0,19,0.1,0,0
tx-gen-000163,cust-0031,332.47,255.21,1.3,1,0.0,20,0.1,0,0
tx-gen-000164,cust-0005,24.52,53.47,0.46,2,0.0,12,0.1,0,0
tx-gen-000165,cust-0024,269.21,269.07,1.0,0,0.0,21,0.1,0,0
tx-gen-000166,cust-0024,270.1,269.07,1.0,0,0.0,20,0.4,0,0
tx-gen-000167,cust-0024,206.48,269.07,0.77,0,0.0,6,0.1,0,0
tx-gen-000168,cust-0036,7.21,76.21,0.09,0,0.0,12,0.1,0,0
tx-gen-000169,cust-0030,189.47,105.05,1.8,0,0.0,12,0.1,0,0
tx-gen-000170,cust-0003,26.18,67.68,0.39,0,0.0,20,0.1,0,0
tx-gen-000171,cust-0009,17.28,83.69,0.21,0,0.0,18,0.4,0,0
tx-gen-000172,cust-0010,9.13,219.36,0.04,1,0.0,14,0.1,0,0
tx-gen-000173,cust-0018,300.01,56.11,5.35,5,6518.0,17,0.4,1,1
tx-gen-000174,cust-0035,44.05,49.28,0.89,0,0.0,16,0.1,0,0
tx-gen-000175,cust-0008,217.94,192.55,1.13,0,0.0,9,0.1,0,0
tx-gen-000176,cust-0039,5.0,215.8,0.02,0,0.0,14,0.1,0,0
tx-gen-000177,cust-0037,68.96,96.1,0.72,0,0.0,10,0.1,0,0
tx-gen-000178,cust-0015,26.97,105.03,0.26,0,0.0,10,0.4,0,0
tx-gen-000179,cust-0010,227.28,219.36,1.04,0,0.0,4,0.1,0,0
tx-gen-000180,cust-0002,19.98,104.26,0.19,0,0.0,14,0.1,0,0
tx-gen-000181,cust-0017,67.63,57.6,1.17,0,0.0,7,0.4,0,0
tx-gen-000182,cust-0029,129.06,263.95,0.49,0,0.0,17,0.4,0,0
tx-gen-000183,cust-0040,537.125,214.85,2.5,0,0.0,23,0.4,0,0
tx-gen-000184,cust-0002,15.42,104.26,0.15,0,0.0,14,0.1,0,0
tx-gen-000185,cust-0046,36.46,87.41,0.42,0,0.0,16,0.1,0,0
tx-gen-000186,cust-0009,10.08,83.69,0.12,0,0.0,14,0.4,0,0
tx-gen-000187,cust-0039,539.5,215.8,2.5,0,0.0,7,0.4,0,0
tx-gen-000188,cust-0045,559.46,266.62,2.1,0,0.0,14,0.4,0,0
tx-gen-000189,cust-0029,78.74,263.95,0.3,1,0.0,15,0.1,0,0
tx-gen-000190,cust-0047,147.6,136.82,1.08,0,0.0,20,0.1,0,0
tx-gen-000191,cust-0010,372.8,219.36,1.7,0,0.0,4,0.1,0,0
tx-gen-000192,cust-0028,239.81,296.01,0.81,0,0.0,22,0.1,0,0
tx-gen-000193,cust-0036,57.48,76.21,0.75,0,0.0,3,0.1,0,0
tx-gen-000194,cust-0049,18.74,67.7,0.28,0,0.0,16,0.1,0,0
tx-gen-000195,cust-0037,9.39,96.1,0.1,0,0.0,2,0.1,0,0
tx-gen-000196,cust-0036,173.39,76.21,2.28,0,0.0,8,0.4,0,0
tx-gen-000197,cust-0036,175.8,76.21,2.31,0,0.0,14,0.4,0,0
tx-gen-000198,cust-0039,216.38,215.8,1.0,0,0.0,8,0.1,0,0
tx-gen-000199,cust-0020,94.0,227.03,0.41,0,0.0,22,0.1,0,0
tx-gen-000200,cust-0043,43.94,102.29,0.43,0,0.0,21,0.1,0,0
tx-gen-000201,cust-0025,240.63,185.89,1.29,0,0.0,0,0.1,0,0
tx-gen-000202,cust-0050,412.91,181.57,2.27,1,0.0,6,0.1,0,0
tx-gen-000203,cust-0049,147.66,67.7,2.18,0,0.0,10,0.1,0,0
tx-gen-000204,cust-0039,326.63,215.8,1.51,0,0.0,20,0.1,0,0
tx-gen-000205,cust-0028,304.09,296.01,1.03,0,0.0,23,0.1,0,0
tx-gen-000206,cust-0015,9.23,105.03,0.09,0,0.0,13,0.1,0,0
tx-gen-000207,cust-0014,38.52,218.5,0.18,0,0.0,6,0.1,0,0
tx-gen-000208,cust-0048,352.14,153.89,2.29,0,0.0,18,0.1,0,0
tx-gen-000209,cust-0036,71.07,76.21,0.93,0,0.0,5,0.1,0,0
tx-gen-000210,cust-0028,3205.18,296.01,10.83,7,7343.0,2,0.8,1,1
tx-gen-000211,cust-0019,5.0,193.01,0.03,0,0.0,21,0.1,1,0
tx-gen-000212,cust-0030,11.24,105.05,0.11,0,0.0,22,0.1,0,0
tx-gen-000213,cust-0028,322.4,296.01,1.09,0,0.0,16,0.1,0,0
tx-gen-000214,cust-0022,5.0,51.28,0.1,0,0.0,7,0.1,0,0
tx-gen-000215,cust-0033,36.98,210.95,0.18,0,0.0,19,0.1,0,0
tx-gen-000216,cust-0010,174.54,219.36,0.8,0,0.0,7,0.1,0,0
tx-gen-000217,cust-0049,79.7,67.7,1.18,2,0.0,20,0.1,0,0
tx-gen-000218,cust-0030,110.87,105.05,1.06,0,0.0,17,0.1,0,0
tx-gen-000219,cust-0042,62.82,247.36,0.25,1,0.0,20,0.1,0,0
tx-gen-000220,cust-0010,273.19,219.36,1.25,0,0.0,16,0.1,0,0
tx-gen-000221,cust-0038,35.87,132.45,0.27,0,0.0,4,0.1,0,0
tx-gen-000222,cust-0004,83.73,212.71,0.39,0,0.0,3,0.1,1,0
tx-gen-000223,cust-0006,52.95,38.58,1.37,0,0.0,3,0.1,0,0
tx-gen-000224,cust-0048,161.4,153.89,1.05,0,0.0,22,0.4,0,0
tx-gen-000225,cust-0031,482.85,255.21,1.89,0,0.0,15,0.1,0,0
tx-gen-000226,cust-0022,54.96,51.28,1.07,0,0.0,16,0.4,0,0
tx-gen-000227,cust-0046,73.43,87.41,0.84,0,0.0,23,0.4,0,0
tx-gen-000228,cust-0024,26.46,269.07,0.1,0,0.0,6,0.1,0,0
tx-gen-000229,cust-0004,97.51,212.71,0.46,0,0.0,22,0.1,0,0
tx-gen-000230,cust-0044,85.22,276.55,0.31,1,0.0,22,0.4,0,0
tx-gen-000231,cust-0038,37.05,132.45,0.28,2,0.0,20,0.1,0,0
tx-gen-000232,cust-0026,121.95,48.78,2.5,0,0.0,17,0.1,0,0
tx-gen-000233,cust-0022,25.61,51.28,0.5,0,0.0,21,0.1,0,0
tx-gen-000234,cust-0024,1354.02,269.07,5.03,6,2753.0,2,0.8,1,1
tx-gen-000235,cust-0010,488.31,219.36,2.23,0,0.0,4,0.4,0,0
tx-gen-000236,cust-0034,282.15,282.9,1.0,0,0.0,15,0.4,0,0
tx-gen-000237,cust-0011,141.78,89.52,1.58,0,0.0,20,0.1,0,0
tx-gen-000238,cust-0024,187.93,269.07,0.7,0,0.0,14,0.1,0,0
tx-gen-000239,cust-0029,227.04,263.95,0.86,2,0.0,18,0.1,0,0
tx-gen-000240,cust-0013,159.32,234.88,0.68,0,0.0,22,0.1,0,0
tx-gen-000241,cust-0025,40.38,185.89,0.22,1,0.0,2,0.1,0,0
tx-gen-000242,cust-0009,107.27,83.69,1.28,1,0.0,17,0.1,0,0
tx-gen-000243,cust-0007,29.34,89.03,0.33,0,0.0,23,0.1,0,0
tx-gen-000244,cust-0018,5.0,56.11,0.09,1,0.0,17,0.1,0,0
tx-gen-000245,cust-0015,108.91,105.03,1.04,0,0.0,19,0.1,0,0
tx-gen-000246,cust-0024,52.45,269.07,0.19,0,0.0,10,0.1,0,0
tx-gen-000247,cust-0007,222.575,89.03,2.5,0,0.0,3,0.1,0,0
tx-gen-000248,cust-0019,482.525,193.01,2.5,0,0.0,0,0.1,0,0
tx-gen-000249,cust-0040,786.68,214.85,3.66,7,9147.0,5,0.4,0,1
tx-gen-000250,cust-0028,729.22,296.01,2.46,0,0.0,5,0.1,0,0
tx-gen-000251,cust-0027,42.31,91.53,0.46,0,0.0,16,0.1,0,0
tx-gen-000252,cust-0032,5.0,129.95,0.04,0,0.0,11,0.4,0,0
tx-gen-000253,cust-0019,482.525,193.01,2.5,0,0.0,23,0.1,0,0
tx-gen-000254,cust-0043,57.17,102.29,0.56,0,0.0,15,0.1,0,0
tx-gen-000255,cust-0033,527.375,210.95,2.5,0,0.0,4,0.4,0,0
tx-gen-000256,cust-0003,169.20000000000002,67.68,2.5,0,0.0,23,0.1,0,0
tx-gen-000257,cust-0005,102.52,53.47,1.92,0,0.0,19,0.1,0,0
tx-gen-000258,cust-0022,17.89,51.28,0.35,0,0.0,1,0.4,0,0
tx-gen-000259,cust-0050,88.3,181.57,0.49,1,0.0,13,0.1,0,0
tx-gen-000260,cust-0050,345.84,181.57,1.9,0,0.0,8,0.1,0,0
tx-gen-000261,cust-0003,25.8,67.68,0.38,0,0.0,5,0.4,0,0
tx-gen-000262,cust-0031,47.4,255.21,0.19,0,0.0,21,0.1,0,0
tx-gen-000263,cust-0004,173.09,212.71,0.81,0,0.0,5,0.1,0,0
tx-gen-000264,cust-0026,121.95,48.78,2.5,2,0.0,4,0.1,0,0
tx-gen-000265,cust-0032,154.75,129.95,1.19,1,0.0,6,0.1,0,0
tx-gen-000266,cust-0006,32.57,38.58,0.84,0,0.0,10,0.4,0,0
tx-gen-000267,cust-0021,6.51,63.7,0.1,0,0.0,21,0.1,0,0
tx-gen-000268,cust-0045,254.5,266.62,0.95,0,0.0,16,0.1,1,0
tx-gen-000269,cust-0040,537.125,214.85,2.5,0,0.0,23,0.1,0,0
tx-gen-000270,cust-0024,40.61,269.07,0.15,0,0.0,13,0.1,0,0
tx-gen-000271,cust-0029,1453.3,263.95,5.51,5,9793.0,2,0.8,1,1
tx-gen-000272,cust-0003,49.44,67.68,0.73,0,0.0,22,0.1,0,0
tx-gen-000273,cust-0037,201.68,96.1,2.1,0,0.0,9,0.1,0,0
tx-gen-000274,cust-0008,1490.7,192.55,7.74,3,4764.0,22,0.8,1,1
tx-gen-000275,cust-0046,118.01,87.41,1.35,0,0.0,16,0.1,1,0
tx-gen-000276,cust-0013,280.46,234.88,1.19,0,0.0,17,0.1,0,0
tx-gen-000277,cust-0006,46.77,38.58,1.21,0,0.0,2,0.1,0,0
tx-gen-000278,cust-0019,85.98,193.01,0.45,0,0.0,8,0.1,0,0
tx-gen-000279,cust-0008,66.92,192.55,0.35,0,0.0,15,0.1,0,0
tx-gen-000280,cust-0036,126.31,76.21,1.66,0,0.0,13,0.4,0,0
tx-gen-000281,cust-0005,88.83,53.47,1.66,0,0.0,13,0.4,0,0
tx-gen-000282,cust-0037,193.92,96.1,2.02,0,0.0,20,0.1,0,0
tx-gen-000283,cust-0023,620.79,253.94,2.44,0,0.0,4,0.4,1,0
tx-gen-000284,cust-0028,211.97,296.01,0.72,0,0.0,1,0.1,0,0
tx-gen-000285,cust-0011,62.32,89.52,0.7,1,0.0,12,0.1,0,0
tx-gen-000286,cust-0019,309.0,193.01,1.6,0,0.0,19,0.1,0,0
tx-gen-000287,cust-0009,87.85,83.69,1.05,0,0.0,22,0.4,0,0
tx-gen-000288,cust-0038,160.34,132.45,1.21,0,0.0,0,0.1,0,0
tx-gen-000289,cust-0039,342.82,215.8,1.59,1,0.0,7,0.1,0,0
tx-gen-000290,cust-0003,149.39,67.68,2.21,0,0.0,11,0.1,0,0
tx-gen-000291,cust-0027,37.75,91.53,0.41,1,0.0,18,0.1,0,0
tx-gen-000292,cust-0042,116.49,247.36,0.47,1,0.0,23,0.1,0,0
tx-gen-000293,cust-0020,22.41,227.03,0.1,0,0.0,10,0.1,0,0
tx-gen-000294,cust-0014,188.66,218.5,0.86,1,0.0,1,0.1,0,0
tx-gen-000295,cust-0023,9.3,253.94,0.04,0,0.0,21,0.1,0,0
tx-gen-000296,cust-0016,180.74,288.45,0.63,0,0.0,8,0.1,0,0
tx-gen-000297,cust-0019,150.99,193.01,0.78,0,0.0,0,0.1,0,0
tx-gen-000298,cust-0011,30.22,89.52,0.34,0,0.0,13,0.1,0,0
tx-gen-000299,cust-0033,188.51,210.95,0.89,0,0.0,2,0.1,1,0
tx-gen-000300,cust-0033,6.53,210.95,0.03,0,0.0,21,0.1,0,0
tx-gen-000301,cust-0019,7.35,193.01,0.04,0,0.0,13,0.1,0,0
tx-gen-000302,cust-0007,153.96,89.03,1.73,0,0.0,1,0.1,0,0
tx-gen-000303,cust-0026,21.78,48.78,0.45,0,0.0,3,0.1,0,0
tx-gen-000304,cust-0025,25.26,185.89,0.14,1,0.0,1,0.1,0,0
tx-gen-000305,cust-0040,158.7,214.85,0.74,0,0.0,19,0.1,1,0
tx-gen-000306,cust-0036,112.0,76.21,1.47,0,0.0,3,0.1,0,0
tx-gen-000307,cust-0003,16.45,67.68,0.24,1,0.0,11,0.1,0,0
tx-gen-000308,cust-0010,213.92,219.36,0.98,0,0.0,22,0.1,0,0
tx-gen-000309,cust-0011,7.99,89.52,0.09,0,0.0,2,0.1,0,0
tx-gen-000310,cust-0033,11.19,210.95,0.05,0,0.0,5,0.1,0,0
tx-gen-000311,cust-0022,38.87,51.28,0.76,0,0.0,21,0.4,0,0
tx-gen-000312,cust-0045,207.41,266.62,0.78,0,0.0,7,0.1,0,0
tx-gen-000313,cust-0050,184.21,181.57,1.01,0,0.0,17,0.1,0,0
tx-gen-000314,cust-0041,118.93,91.84,1.29,1,0.0,14,0.1,0,0
tx-gen-000315,cust-0037,240.25,96.1,2.5,0,0.0,0,0.1,0,0
tx-gen-000316,cust-0010,159.32,219.36,0.73,0,0.0,13,0.1,0,0
tx-gen-000317,cust-0031,99.54,255.21,0.39,0,0.0,16,0.1,0,0
tx-gen-000318,cust-0043,162.2,102.29,1.59,2,0.0,7,0.1,0,0
tx-gen-000319,cust-0035,15.57,49.28,0.32,0,0.0,5,0.1,0,0
tx-gen-000320,cust-0016,166.72,288.45,0.58,1,0.0,4,0.1,1,0
tx-gen-000321,cust-0050,14.84,181.57,0.08,0,0.0,20,0.1,0,0
tx-gen-000322,cust-0047,5.0,136.82,0.04,0,0.0,2,0.4,0,0
tx-gen-000323,cust-0026,121.95,48.78,2.5,0,0.0,7,0.1,1,0
tx-gen-000324,cust-0006,69.74,38.58,1.81,0,0.0,6,0.1,0,0
tx-gen-000325,cust-0035,58.67,49.28,1.19,0,0.0,3,0.1,0,0
tx-gen-000326,cust-0038,69.65,132.45,0.53,0,0.0,14,0.4,0,0
tx-gen-000327,cust-0007,16.94,89.03,0.19,0,0.0,23,0.1,0,0
tx-gen-000328,cust-0036,12.96,76.21,0.17,0,0.0,9,0.1,0,0
tx-gen-000329,cust-0031,73.5,255.21,0.29,0,0.0,3,0.1,0,0
tx-gen-000330,cust-0050,144.67,181.57,0.8,0,0.0,6,0.1,0,0
tx-gen-000331,cust-0003,84.86,67.68,1.25,1,0.0,22,0.1,0,0
tx-gen-000332,cust-0003,73.05,67.68,1.08,0,0.0,3,0.1,0,0
tx-gen-000333,cust-0019,63.39,193.01,0.33,0,0.0,20,0.1,0,0
tx-gen-000334,cust-0022,128.2,51.28,2.5,0,0.0,8,0.4,0,0
tx-gen-000335,cust-0009,112.06,83.69,1.34,0,0.0,14,0.1,0,0
tx-gen-000336,cust-0011,72.35,89.52,0.81,0,0.0,0,0.1,0,0
tx-gen-000337,cust-0022,48.51,51.28,0.95,0,0.0,16,0.1,0,0
tx-gen-000338,cust-0026,26.54,48.78,0.54,0,0.0,21,0.1,0,0
tx-gen-000339,cust-0012,29.92,105.11,0.28,1,0.0,11,0.1,0,0
tx-gen-000340,cust-0025,81.79,185.89,0.44,0,0.0,7,0.1,0,0
tx-gen-000341,cust-0001,85.18,60.06,1.42,0,0.0,17,0.1,0,0
tx-gen-000342,cust-0020,5.0,227.03,0.02,0,0.0,17,0.1,0,0
tx-gen-000343,cust-0019,23.81,193.01,0.12,2,0.0,2,0.1,0,0
tx-gen-000344,cust-0030,5.0,105.05,0.05,0,0.0,3,0.1,0,0
tx-gen-000345,cust-0031,10.61,255.21,0.04,0,0.0,21,0.1,0,0
tx-gen-000346,cust-0006,74.62,38.58,1.93,0,0.0,1,0.1,0,0
tx-gen-000347,cust-0004,258.71,212.71,1.22,0,0.0,0,0.1,0,0
tx-gen-000348,cust-0021,40.95,63.7,0.64,0,0.0,5,0.1,0,0
tx-gen-000349,cust-0032,13.38,129.95,0.1,1,0.0,10,0.1,0,0
tx-gen-000350,cust-0033,142.71,210.95,0.68,0,0.0,7,0.1,0,0
tx-gen-000351,cust-0020,145.63,227.03,0.64,1,0.0,0,0.1,0,0
tx-gen-000352,cust-0038,25.19,132.45,0.19,0,0.0,13,0.1,0,0
tx-gen-000353,cust-0004,121.01,212.71,0.57,0,0.0,6,0.1,0,0
tx-gen-000354,cust-0050,92.3,181.57,0.51,0,0.0,9,0.1,0,0
tx-gen-000355,cust-0029,252.53,263.95,0.96,0,0.0,8,0.1,1,0
tx-gen-000356,cust-0035,49.68,49.28,1.01,0,0.0,15,0.1,0,0
tx-gen-000357,cust-0034,13.12,282.9,0.05,0,0.0,6,0.1,1,0
tx-gen-000358,cust-0030,49.31,105.05,0.47,0,0.0,13,0.1,0,0
tx-gen-000359,cust-0016,283.58,288.45,0.98,0,0.0,2,0.1,0,0
tx-gen-000360,cust-0049,47.35,67.7,0.7,0,0.0,3,0.4,0,0
tx-gen-000361,cust-0002,202.41,104.26,1.94,0,0.0,2,0.1,0,0
tx-gen-000362,cust-0044,297.28,276.55,1.07,0,0.0,10,0.1,0,0
tx-gen-000363,cust-0015,18.68,105.03,0.18,0,0.0,3,0.1,0,0
tx-gen-000364,cust-0047,10.01,136.82,0.07,0,0.0,13,0.4,0,0
tx-gen-000365,cust-0016,296.64,288.45,1.03,0,0.0,0,0.4,0,0
tx-gen-000366,cust-0004,5.72,212.71,0.03,0,0.0,20,0.1,0,0
tx-gen-000367,cust-0032,114.53,129.95,0.88,0,0.0,8,0.1,0,0
tx-gen-000368,cust-0027,228.825,91.53,2.5,0,0.0,7,0.1,0,0
tx-gen-000369,cust-0016,247.14,288.45,0.86,1,0.0,8,0.1,1,0
tx-gen-000370,cust-0036,37.44,76.21,0.49,0,0.0,21,0.4,0,0
tx-gen-000371,cust-0017,59.38,57.6,1.03,1,0.0,20,0.1,0,0
tx-gen-000372,cust-0006,23.65,38.58,0.61,0,0.0,8,0.1,0,0
tx-gen-000373,cust-0039,170.23,215.8,0.79,1,0.0,14,0.1,0,0
tx-gen-000374,cust-0043,255.72500000000002,102.29,2.5,1,0.0,15,0.1,0,0
tx-gen-000375,cust-0001,29.3,60.06,0.49,0,0.0,7,0.1,0,0
tx-gen-000376,cust-0016,721.125,288.45,2.5,1,0.0,14,0.1,0,0
tx-gen-000377,cust-0050,428.07,181.57,2.36,0,0.0,10,0.4,0,0
tx-gen-000378,cust-0024,58.63,269.07,0.22,0,0.0,6,0.1,1,0
tx-gen-000379,cust-0031,18.35,255.21,0.07,0,0.0,3,0.1,0,0
tx-gen-000380,cust-0037,10.21,96.1,0.11,0,0.0,6,0.1,1,0
tx-gen-000381,cust-0038,5.0,132.45,0.04,0,0.0,20,0.1,0,0
tx-gen-000382,cust-0037,9.53,96.1,0.1,0,0.0,10,0.4,0,0
tx-gen-000383,cust-0017,66.18,57.6,1.15,0,0.0,11,0.1,0,0
tx-gen-000384,cust-0023,18.75,253.94,0.07,0,0.0,17,0.1,0,0
tx-gen-000385,cust-0042,95.03,247.36,0.38,1,0.0,16,0.1,0,0
tx-gen-000386,cust-0043,190.62,102.29,1.86,0,0.0,13,0.1,0,0
tx-gen-000387,cust-0005,5.0,53.47,0.09,0,0.0,19,0.1,0,0
tx-gen-000388,cust-0040,361.92,214.85,1.68,0,0.0,2,0.1,0,0
tx-gen-000389,cust-0035,16.32,49.28,0.33,0,0.0,1,0.1,0,0
tx-gen-000390,cust-0019,1998.12,193.01,10.35,3,4448.0,4,0.1,1,1
tx-gen-000391,cust-0013,29.54,234.88,0.13,0,0.0,23,0.1,0,0
tx-gen-000392,cust-0024,321.04,269.07,1.19,0,0.0,18,0.4,0,0
tx-gen-000393,cust-0020,225.08,227.03,0.99,0,0.0,8,0.1,0,0
tx-gen-000394,cust-0036,160.0,76.21,2.1,0,0.0,22,0.1,0,0
tx-gen-000395,cust-0028,393.19,296.01,1.33,2,0.0,3,0.4,1,0
tx-gen-000396,cust-0034,460.28,282.9,1.63,1,0.0,21,0.1,0,0
tx-gen-000397,cust-0037,31.84,96.1,0.33,0,0.0,5,0.1,0,0
tx-gen-000398,cust-0035,9.63,49.28,0.2,1,0.0,23,0.1,0,0
tx-gen-000399,cust-0014,303.44,218.5,1.39,0,0.0,6,0.1,0,0
tx-gen-000400,cust-0037,158.01,96.1,1.64,0,0.0,10,0.4,0,0
tx-gen-000401,cust-0009,209.225,83.69,2.5,0,0.0,3,0.4,0,0
tx-gen-000402,cust-0007,47.37,89.03,0.53,0,0.0,22,0.1,0,0
tx-gen-000403,cust-0039,100.4,215.8,0.47,0,0.0,16,0.1,0,0
tx-gen-000404,cust-0029,395.39,263.95,1.5,1,0.0,9,0.4,0,0
tx-gen-000405,cust-0044,115.25,276.55,0.42,0,0.0,14,0.1,0,0
tx-gen-000406,cust-0016,721.125,288.45,2.5,0,0.0,11,0.1,0,0
tx-gen-000407,cust-0041,179.53,91.84,1.95,0,0.0,11,0.1,0,0
tx-gen-000408,cust-0020,127.22,227.03,0.56,0,0.0,13,0.1,0,0
tx-gen-000409,cust-0029,366.83,263.95,1.39,0,0.0,15,0.1,0,0
tx-gen-000410,cust-0036,107.05,76.21,1.4,1,0.0,10,0.1,0,0
tx-gen-000411,cust-0027,9.96,91.53,0.11,1,0.0,17,0.4,1,0
tx-gen-000412,cust-0037,223.76,96.1,2.33,0,0.0,15,0.1,0,0
tx-gen-000413,cust-0032,91.45,129.95,0.7,0,0.0,5,0.1,0,0
tx-gen-000414,cust-0005,93.64,53.47,1.75,0,0.0,10,0.1,0,0
tx-gen-000415,cust-0007,34.34,89.03,0.39,0,0.0,14,0.1,0,0
tx-gen-000416,cust-0022,115.83,51.28,2.26,0,0.0,4,0.4,0,0
tx-gen-000417,cust-0045,131.44,266.62,0.49,2,0.0,14,0.1,1,0
tx-gen-000418,cust-0019,5.0,193.01,0.03,2,0.0,14,0.1,0,0
tx-gen-000419,cust-0021,150.2,63.7,2.36,0,0.0,18,0.1,0,0
tx-gen-000420,cust-0038,12.68,132.45,0.1,0,0.0,9,0.4,0,0
tx-gen-000421,cust-0046,33.62,87.41,0.38,1,0.0,12,0.1,0,0
tx-gen-000422,cust-0027,228.825,91.53,2.5,0,0.0,16,0.1,0,0
tx-gen-000423,cust-0046,218.52499999999998,87.41,2.5,0,0.0,7,0.1,0,0
tx-gen-000424,cust-0038,112.85,132.45,0.85,0,0.0,2,0.1,0,0
tx-gen-000425,cust-0024,268.86,269.07,1.0,0,0.0,20,0.4,0,0
tx-gen-000426,cust-0050,108.04,181.57,0.6,0,0.0,7,0.1,0,0
tx-gen-000427,cust-0042,85.84,247.36,0.35,2,0.0,8,0.1,0,0
tx-gen-000428,cust-0001,23.93,60.06,0.4,0,0.0,4,0.4,0,0
tx-gen-000429,cust-0045,297.63,266.62,1.12,0,0.0,13,0.1,0,0
tx-gen-000430,cust-0038,184.88,132.45,1.4,2,0.0,17,0.1,0,0
tx-gen-000431,cust-0019,302.68,193.01,1.57,1,0.0,19,0.1,0,0
tx-gen-000432,cust-0023,395.85,253.94,1.56,0,0.0,10,0.1,0,0
tx-gen-000433,cust-0007,8.51,89.03,0.1,0,0.0,4,0.1,0,0
tx-gen-000434,cust-0046,59.62,87.41,0.68,0,0.0,5,0.1,0,0
tx-gen-000435,cust-0048,9.12,153.89,0.06,0,0.0,21,0.4,0,0
tx-gen-000436,cust-0030,83.77,105.05,0.8,0,0.0,20,0.1,0,0
tx-gen-000437,cust-0026,536.89,48.78,11.01,6,4019.0,21,0.8,1,1
tx-gen-000438,cust-0014,127.29,218.5,0.58,0,0.0,16,0.4,0,0
tx-gen-000439,cust-0012,229.84,105.11,2.19,0,0.0,22,0.1,0,0
tx-gen-000440,cust-0032,56.16,129.95,0.43,0,0.0,4,0.1,0,0
tx-gen-000441,cust-0038,16.49,132.45,0.12,0,0.0,0,0.1,0,0
tx-gen-000442,cust-0046,13.49,87.41,0.15,0,0.0,22,0.4,0,0
tx-gen-000443,cust-0008,276.01,192.55,1.43,0,0.0,15,0.1,0,0
tx-gen-000444,cust-0025,178.99,185.89,0.96,0,0.0,13,0.4,0,0
tx-gen-000445,cust-0041,9.79,91.84,0.11,0,0.0,17,0.1,0,0
tx-gen-000446,cust-0009,7.35,83.69,0.09,0,0.0,1,0.4,0,0
tx-gen-000447,cust-0001,72.5,60.06,1.21,2,0.0,18,0.1,0,0
tx-gen-000448,cust-0032,9.82,129.95,0.08,0,0.0,18,0.1,0,0
tx-gen-000449,cust-0011,154.44,89.52,1.73,0,0.0,19,0.1,0,0
tx-gen-000450,cust-0035,60.37,49.28,1.23,0,0.0,15,0.4,0,0
tx-gen-000451,cust-0036,6.47,76.21,0.08,0,0.0,3,0.1,0,0
tx-gen-000452,cust-0024,23.85,269.07,0.09,0,0.0,18,0.1,1,0
tx-gen-000453,cust-0007,222.575,89.03,2.5,0,0.0,11,0.1,1,0
tx-gen-000454,cust-0029,123.75,263.95,0.47,1,0.0,22,0.1,0,0
tx-gen-000455,cust-0016,133.57,288.45,0.46,1,0.0,12,0.1,0,0
tx-gen-000456,cust-0028,495.99,296.01,1.68,1,0.0,16,0.1,0,0
tx-gen-000457,cust-0037,240.25,96.1,2.5,0,0.0,14,0.4,0,0
tx-gen-000458,cust-0046,218.52499999999998,87.41,2.5,2,0.0,3,0.1,0,0
tx-gen-000459,cust-0044,387.14,276.55,1.4,1,0.0,8,0.1,1,0
tx-gen-000460,cust-0042,116.76,247.36,0.47,0,0.0,1,0.1,0,0
tx-gen-000461,cust-0016,25.15,288.45,0.09,0,0.0,17,0.1,0,0
tx-gen-000462,cust-0041,137.87,91.84,1.5,0,0.0,3,0.1,0,0
tx-gen-000463,cust-0006,31.53,38.58,0.82,0,0.0,7,0.1,0,0
tx-gen-000464,cust-0038,1286.48,132.45,9.71,3,7016.0,11,0.8,1,1
tx-gen-000465,cust-0014,120.62,218.5,0.55,0,0.0,6,0.1,0,0
tx-gen-000466,cust-0022,121.44,51.28,2.37,1,0.0,21,0.4,0,0
tx-gen-000467,cust-0044,32.6,276.55,0.12,0,0.0,4,0.1,0,0
tx-gen-000468,cust-0002,70.74,104.26,0.68,0,0.0,9,0.1,1,0
tx-gen-000469,cust-0028,5.0,296.01,0.02,0,0.0,0,0.1,1,0
tx-gen-000470,cust-0018,35.48,56.11,0.63,0,0.0,19,0.1,0,0
tx-gen-000471,cust-0042,14.33,247.36,0.06,0,0.0,1,0.1,0,0
tx-gen-000472,cust-0028,37.44,296.01,0.13,0,0.0,15,0.1,0,0
tx-gen-000473,cust-0038,16.56,132.45,0.13,0,0.0,12,0.1,0,0
tx-gen-000474,cust-0008,201.71,192.55,1.05,0,0.0,10,0.1,0,0
tx-gen-000475,cust-0006,52.88,38.58,1.37,0,0.0,7,0.1,0,0
tx-gen-000476,cust-0009,73.28,83.69,0.88,0,0.0,2,0.1,0,0
tx-gen-000477,cust-0040,537.125,214.85,2.5,0,0.0,1,0.1,0,0
tx-gen-000478,cust-0010,103.05,219.36,0.47,1,0.0,1,0.1,0,0
tx-gen-000479,cust-0007,29.96,89.03,0.34,0,0.0,5,0.4,0,0
tx-gen-000480,cust-0028,600.75,296.01,2.03,0,0.0,17,0.1,0,0
tx-gen-000481,cust-0036,19.29,76.21,0.25,0,0.0,7,0.1,0,0
tx-gen-000482,cust-0043,255.72500000000002,102.29,2.5,0,0.0,16,0.4,0,0
tx-gen-000483,cust-0026,5.0,48.78,0.1,0,0.0,23,0.1,0,0
tx-gen-000484,cust-0032,324.875,129.95,2.5,1,0.0,11,0.4,0,0
tx-gen-000485,cust-0024,11.87,269.07,0.04,1,0.0,0,0.1,0,0
tx-gen-000486,cust-0024,596.72,269.07,2.22,2,0.0,17,0.1,0,0
tx-gen-000487,cust-0002,78.21,104.26,0.75,0,0.0,6,0.1,1,0
tx-gen-000488,cust-0026,121.95,48.78,2.5,0,0.0,5,0.4,0,0
tx-gen-000489,cust-0026,5.0,48.78,0.1,0,0.0,20,0.4,0,0
tx-gen-000490,cust-0020,183.24,227.03,0.81,0,0.0,11,0.1,0,0
tx-gen-000491,cust-0041,229.60000000000002,91.84,2.5,0,0.0,3,0.1,0,0
tx-gen-000492,cust-0016,213.58,288.45,0.74,0,0.0,20,0.1,0,0
tx-gen-000493,cust-0004,211.14,212.71,0.99,0,0.0,21,0.1,0,0
tx-gen-000494,cust-0045,3092.96,266.62,11.6,8,6592.0,4,0.8,1,1
tx-gen-000495,cust-0009,99.58,83.69,1.19,0,0.0,11,0.1,0,0
tx-gen-000496,cust-0028,179.42,296.01,0.61,0,0.0,19,0.1,0,0
tx-gen-000497,cust-0005,52.81,53.47,0.99,0,0.0,11,0.1,0,0
tx-gen-000498,cust-0011,78.58,89.52,0.88,1,0.0,5,0.1,0,0
tx-gen-000499,cust-0008,445.61,192.55,2.31,0,0.0,7,0.1,0,0
tx-gen-000500,cust-0016,13.42,288.45,0.05,1,0.0,3,0.1,0,0
tx-gen-000501,cust-0003,22.32,67.68,0.33,0,0.0,16,0.1,0,0
tx-gen-000502,cust-0047,342.04999999999995,136.82,2.5,0,0.0,2,0.4,0,0
tx-gen-000503,cust-0004,470.02,212.71,2.21,2,0.0,22,0.1,0,0
tx-gen-000504,cust-0030,63.89,105.05,0.61,0,0.0,6,0.1,0,0
tx-gen-000505,cust-0024,260.44,269.07,0.97,0,0.0,7,0.1,0,0
tx-gen-000506,cust-0024,87.41,269.07,0.32,0,0.0,21,0.1,0,0
tx-gen-000507,cust-0016,60.11,288.45,0.21,0,0.0,7,0.1,0,0
tx-gen-000508,cust-0045,166.12,266.62,0.62,0,0.0,11,0.1,0,0
tx-gen-000509,cust-0048,67.09,153.89,0.44,0,0.0,11,0.1,0,0
tx-gen-000510,cust-0032,113.87,129.95,0.88,0,0.0,23,0.1,1,0
tx-gen-000511,cust-0034,22.89,282.9,0.08,2,0.0,21,0.1,0,0
tx-gen-000512,cust-0007,222.575,89.03,2.5,0,0.0,0,0.1,0,0
tx-gen-000513,cust-0028,740.025,296.01,2.5,0,0.0,21,0.1,0,0
tx-gen-000514,cust-0026,58.43,48.78,1.2,0,0.0,16,0.1,0,0
tx-gen-000515,cust-0013,180.41,234.88,0.77,0,0.0,5,0.1,0,0
tx-gen-000516,cust-0030,38.91,105.05,0.37,0,0.0,23,0.4,0,0
tx-gen-000517,cust-0029,443.68,263.95,1.68,0,0.0,2,0.1,0,0
tx-gen-000518,cust-0020,262.07,227.03,1.15,0,0.0,21,0.1,0,0
tx-gen-000519,cust-0010,38.93,219.36,0.18,0,0.0,14,0.1,0,0
tx-gen-000520,cust-0020,549.03,227.03,2.42,2,0.0,19,0.1,0,0
tx-gen-000521,cust-0036,131.77,76.21,1.73,0,0.0,17,0.1,0,0
tx-gen-000522,cust-0009,209.225,83.69,2.5,0,0.0,14,0.1,0,0
tx-gen-000523,cust-0024,348.07,269.07,1.29,0,0.0,16,0.1,0,0
tx-gen-000524,cust-0005,277.02,53.47,5.18,4,5932.0,20,0.8,1,1
tx-gen-000525,cust-0008,183.0,192.55,0.95,0,0.0,23,0.1,0,0
tx-gen-000526,cust-0047,74.12,136.82,0.54,0,0.0,16,0.1,0,0
tx-gen-000527,cust-0014,546.25,218.5,2.5,0,0.0,0,0.1,0,0
tx-gen-000528,cust-0040,431.93,214.85,2.01,0,0.0,8,0.1,0,0
tx-gen-000529,cust-0031,11.81,255.21,0.05,0,0.0,11,0.1,0,0
tx-gen-000530,cust-0034,7.56,282.9,0.03,2,0.0,11,0.1,0,0
tx-gen-000531,cust-0023,119.95,253.94,0.47,1,0.0,2,0.1,0,0
tx-gen-000532,cust-0025,309.26,185.89,1.66,0,0.0,8,0.1,0,0
tx-gen-000533,cust-0050,453.92499999999995,181.57,2.5,0,0.0,22,0.4,0,0
tx-gen-000534,cust-0015,17.12,105.03,0.16,0,0.0,2,0.1,0,0
tx-gen-000535,cust-0048,138.77,153.89,0.9,1,0.0,23,0.4,0,0
tx-gen-000536,cust-0023,121.76,253.94,0.48,0,0.0,19,0.1,0,0
tx-gen-000537,cust-0048,384.72499999999997,153.89,2.5,0,0.0,20,0.1,0,0
tx-gen-000538,cust-0037,177.39,96.1,1.85,1,0.0,6,0.1,0,0
tx-gen-000539,cust-0032,236.79,129.95,1.82,0,0.0,23,0.1,0,0
tx-gen-000540,cust-0039,136.48,215.8,0.63,0,0.0,22,0.1,1,0
tx-gen-000541,cust-0013,125.86,234.88,0.54,1,0.0,0,0.1,0,0
tx-gen-000542,cust-0021,20.35,63.7,0.32,0,0.0,10,0.4,0,0
tx-gen-000543,cust-0008,11.17,192.55,0.06,0,0.0,5,0.1,1,0
tx-gen-000544,cust-0026,97.58,48.78,2.0,0,0.0,15,0.1,1,0
tx-gen-000545,cust-0047,229.33,136.82,1.68,0,0.0,4,0.1,0,0
tx-gen-000546,cust-0036,190.52499999999998,76.21,2.5,0,0.0,20,0.1,0,0
tx-gen-000547,cust-0012,262.775,105.11,2.5,0,0.0,19,0.1,0,0
tx-gen-000548,cust-0045,216.14,266.62,0.81,0,0.0,15,0.4,0,0
tx-gen-000549,cust-0040,314.82,214.85,1.47,1,0.0,11,0.1,0,0
tx-gen-000550,cust-0048,384.72499999999997,153.89,2.5,0,0.0,13,0.1,0,0
tx-gen-000551,cust-0006,73.1,38.58,1.89,0,0.0,4,0.1,0,0
tx-gen-000552,cust-0016,81.96,288.45,0.28,0,0.0,21,0.1,0,0
tx-gen-000553,cust-0004,127.38,212.71,0.6,1,0.0,4,0.1,0,0
tx-gen-000554,cust-0025,25.71,185.89,0.14,1,0.0,3,0.1,0,0
tx-gen-000555,cust-0037,240.25,96.1,2.5,0,0.0,12,0.1,0,0
tx-gen-000556,cust-0003,63.07,67.68,0.93,2,0.0,0,0.1,0,0
tx-gen-000557,cust-0011,23.24,89.52,0.26,0,0.0,15,0.1,0,0
tx-gen-000558,cust-0006,42.97,38.58,1.11,0,0.0,20,0.1,0,0
tx-gen-000559,cust-0042,238.13,247.36,0.96,0,0.0,12,0.1,0,0
tx-gen-000560,cust-0013,104.15,234.88,0.44,0,0.0,10,0.4,0,0
tx-gen-000561,cust-0016,34.77,288.45,0.12,0,0.0,18,0.4,0,0
tx-gen-000562,cust-0004,236.84,212.71,1.11,0,0.0,22,0.1,0,0
tx-gen-000563,cust-0039,158.53,215.8,0.73,0,0.0,19,0.1,0,0
tx-gen-000564,cust-0006,57.09,38.58,1.48,0,0.0,12,0.1,0,0
tx-gen-000565,cust-0043,75.11,102.29,0.73,0,0.0,10,0.4,0,0
tx-gen-000566,cust-0025,355.38,185.89,1.91,0,0.0,13,0.1,0,0
tx-gen-000567,cust-0015,84.31,105.03,0.8,0,0.0,8,0.1,0,0
tx-gen-000568,cust-0007,73.28,89.03,0.82,0,0.0,7,0.4,0,0
tx-gen-000569,cust-0015,219.8,105.03,2.09,0,0.0,5,0.4,0,0
tx-gen-000570,cust-0031,131.85,255.21,0.52,0,0.0,10,0.1,0,0
tx-gen-000571,cust-0046,974.96,87.41,11.15,4,7857.0,23,0.8,1,1
tx-gen-000572,cust-0012,15.12,105.11,0.14,1,0.0,5,0.1,0,0
tx-gen-000573,cust-0028,8.64,296.01,0.03,2,0.0,15,0.1,0,0
tx-gen-000574,cust-0039,303.64,215.8,1.41,0,0.0,2,0.1,0,0
tx-gen-000575,cust-0021,61.69,63.7,0.97,1,0.0,7,0.1,0,0
tx-gen-000576,cust-0045,324.65,266.62,1.22,0,0.0,13,0.1,0,0
tx-gen-000577,cust-0037,23.01,96.1,0.24,0,0.0,2,0.1,0,0
tx-gen-000578,cust-0019,28.3,193.01,0.15,0,0.0,7,0.1,0,0
tx-gen-000579,cust-0037,5.0,96.1,0.05,0,0.0,9,0.1,0,0
tx-gen-000580,cust-0039,93.16,215.8,0.43,0,0.0,13,0.1,0,0
tx-gen-000581,cust-0045,237.66,266.62,0.89,1,0.0,6,0.1,0,0
tx-gen-000582,cust-0020,113.06,227.03,0.5,2,0.0,17,0.1,0,0
tx-gen-000583,cust-0020,130.61,227.03,0.58,0,0.0,7,0.1,0,0
tx-gen-000584,cust-0042,580.07,247.36,2.35,1,0.0,4,0.1,0,0
tx-gen-000585,cust-0032,55.63,129.95,0.43,0,0.0,0,0.1,0,0
tx-gen-000586,cust-0020,163.81,227.03,0.72,0,0.0,17,0.1,0,0
tx-gen-000587,cust-0037,1051.24,96.1,10.94,4,1328.0,13,0.1,1,1
tx-gen-000588,cust-0024,411.91,269.07,1.53,1,0.0,22,0.1,0,0
tx-gen-000589,cust-0041,46.39,91.84,0.51,0,0.0,18,0.1,0,0
tx-gen-000590,cust-0012,102.28,105.11,0.97,0,0.0,4,0.4,0,0
tx-gen-000591,cust-0017,114.23,57.6,1.98,0,0.0,5,0.1,0,0
tx-gen-000592,cust-0037,240.25,96.1,2.5,0,0.0,12,0.1,0,0
tx-gen-000593,cust-0018,8.93,56.11,0.16,1,0.0,17,0.1,1,0
tx-gen-000594,cust-0044,2489.69,276.55,9.0,4,5504.0,1,0.1,1,1
tx-gen-000595,cust-0046,218.52499999999998,87.41,2.5,0,0.0,12,0.1,0,0
tx-gen-000596,cust-0023,172.05,253.94,0.68,0,0.0,20,0.1,0,0
tx-gen-000597,cust-0040,64.18,214.85,0.3,0,0.0,7,0.1,0,0
tx-gen-000598,cust-0024,165.37,269.07,0.61,0,0.0,1,0.4,0,0
tx-gen-000599,cust-0031,638.025,255.21,2.5,1,0.0,3,0.1,0,0
tx-gen-000600,cust-0046,59.31,87.41,0.68,0,0.0,7,0.1,0,0
tx-gen-000601,cust-0016,114.98,288.45,0.4,0,0.0,14,0.1,0,0
tx-gen-000602,cust-0047,1638.9,136.82,11.98,6,1078.0,6,0.8,1,1
tx-gen-000603,cust-0038,132.91,132.45,1.0,0,0.0,1,0.1,0,0
tx-gen-000604,cust-0044,75.95,276.55,0.27,0,0.0,7,0.1,0,0
tx-gen-000605,cust-0043,8.07,102.29,0.08,0,0.0,11,0.1,0,0
tx-gen-000606,cust-0017,7.95,57.6,0.14,1,0.0,21,0.1,0,0
tx-gen-000607,cust-0042,33.89,247.36,0.14,0,0.0,8,0.1,0,0
tx-gen-000608,cust-0022,8.45,51.28,0.16,0,0.0,7,0.1,0,0
tx-gen-000609,cust-0004,31.79,212.71,0.15,1,0.0,2,0.4,0,0
tx-gen-000610,cust-0013,240.54,234.88,1.02,0,0.0,17,0.4,0,0
tx-gen-000611,cust-0010,44.04,219.36,0.2,0,0.0,5,0.1,0,0
tx-gen-000612,cust-0030,44.56,105.05,0.42,0,0.0,9,0.1,0,0
tx-gen-000613,cust-0012,238.7,105.11,2.27,0,0.0,6,0.1,0,0
tx-gen-000614,cust-0050,116.64,181.57,0.64,0,0.0,10,0.1,0,0
tx-gen-000615,cust-0009,92.17,83.69,1.1,0,0.0,15,0.1,1,0
tx-gen-000616,cust-0025,965.7,185.89,5.2,5,9200.0,14,0.1,1,1
tx-gen-000617,cust-0013,2073.25,234.88,8.83,8,5613.0,9,0.4,0,1
tx-gen-000618,cust-0009,15.83,83.69,0.19,0,0.0,19,0.4,0,0
tx-gen-000619,cust-0003,14.45,67.68,0.21,0,0.0,11,0.1,0,0
tx-gen-000620,cust-0022,5.0,51.28,0.1,2,0.0,4,0.1,0,0
tx-gen-000621,cust-0049,12.53,67.7,0.19,0,0.0,17,0.1,0,0
tx-gen-000622,cust-0009,27.33,83.69,0.33,0,0.0,23,0.4,0,0
tx-gen-000623,cust-0046,17.03,87.41,0.19,1,0.0,9,0.1,0,0
tx-gen-000624,cust-0035,5.0,49.28,0.1,0,0.0,1,0.1,0,0
tx-gen-000625,cust-0002,13.4,104.26,0.13,0,0.0,12,0.1,0,0
tx-gen-000626,cust-0017,35.58,57.6,0.62,0,0.0,22,0.1,0,0
tx-gen-000627,cust-0020,52.46,227.03,0.23,0,0.0,4,0.4,0,0
tx-gen-000628,cust-0009,37.91,83.69,0.45,0,0.0,13,0.4,0,0
tx-gen-000629,cust-0008,134.79,192.55,0.7,0,0.0,7,0.1,0,0
tx-gen-000630,cust-0034,331.69,282.9,1.17,0,0.0,13,0.1,0,0
tx-gen-000631,cust-0032,5.21,129.95,0.04,0,0.0,18,0.1,0,0
tx-gen-000632,cust-0006,61.98,38.58,1.61,0,0.0,6,0.1,0,0
tx-gen-000633,cust-0033,208.54,210.95,0.99,0,0.0,5,0.1,0,0
tx-gen-000634,cust-0019,16.46,193.01,0.09,1,0.0,13,0.1,0,0
tx-gen-000635,cust-0019,399.17,193.01,2.07,0,0.0,11,0.1,0,0
tx-gen-000636,cust-0049,169.25,67.7,2.5,0,0.0,21,0.1,0,0
tx-gen-000637,cust-0023,16.0,253.94,0.06,1,0.0,14,0.1,0,0
tx-gen-000638,cust-0022,16.62,51.28,0.32,2,0.0,11,0.1,0,0
tx-gen-000639,cust-0025,305.03,185.89,1.64,0,0.0,12,0.1,0,0
tx-gen-000640,cust-0008,265.6,192.55,1.38,0,0.0,8,0.1,1,0
tx-gen-000641,cust-0031,52.06,255.21,0.2,0,0.0,21,0.1,0,0
tx-gen-000642,cust-0040,1634.19,214.85,7.61,6,1537.0,21,0.1,1,1
tx-gen-000643,cust-0017,13.53,57.6,0.23,0,0.0,3,0.4,0,0
tx-gen-000644,cust-0037,44.47,96.1,0.46,0,0.0,19,0.4,0,0
tx-gen-000645,cust-0007,59.0,89.03,0.66,0,0.0,15,0.1,0,0
tx-gen-000646,cust-0025,179.01,185.89,0.96,0,0.0,19,0.4,0,0
tx-gen-000647,cust-0011,41.21,89.52,0.46,1,0.0,17,0.1,0,0
tx-gen-000648,cust-0032,80.68,129.95,0.62,0,0.0,2,0.1,0,0
tx-gen-000649,cust-0042,340.42,247.36,1.38,0,0.0,9,0.1,0,0
tx-gen-000650,cust-0029,9.86,263.95,0.04,0,0.0,8,0.1,1,0
tx-gen-000651,cust-0048,44.77,153.89,0.29,0,0.0,8,0.1,0,0
tx-gen-000652,cust-0001,75.04,60.06,1.25,0,0.0,23,0.4,0,0
tx-gen-000653,cust-0036,171.91,76.21,2.26,0,0.0,12,0.1,0,0
tx-gen-000654,cust-0015,75.28,105.03,0.72,0,0.0,5,0.4,0,0
tx-gen-000655,cust-0046,66.39,87.41,0.76,0,0.0,4,0.1,0,0
tx-gen-000656,cust-0001,6.81,60.06,0.11,0,0.0,16,0.1,0,0
tx-gen-000657,cust-0007,52.81,89.03,0.59,0,0.0,22,0.1,0,0
tx-gen-000658,cust-0047,104.07,136.82,0.76,0,0.0,3,0.4,0,0
tx-gen-000659,cust-0026,13.55,48.78,0.28,0,0.0,8,0.1,0,0
tx-gen-000660,cust-0041,28.81,91.84,0.31,0,0.0,14,0.1,0,0
tx-gen-000661,cust-0043,48.45,102.29,0.47,2,0.0,21,0.1,0,0
tx-gen-000662,cust-0048,5.0,153.89,0.03,0,0.0,9,0.4,0,0
tx-gen-000663,cust-0012,40.86,105.11,0.39,0,0.0,19,0.1,0,0
tx-gen-000664,cust-0039,51.26,215.8,0.24,0,0.0,21,0.1,0,0
tx-gen-000665,cust-0045,105.78,266.62,0.4,2,0.0,21,0.1,1,0
tx-gen-000666,cust-0029,33.67,263.95,0.13,0,0.0,13,0.1,0,0
tx-gen-000667,cust-0033,466.64,210.95,2.21,0,0.0,20,0.1,1,0
tx-gen-000668,cust-0041,82.69,91.84,0.9,0,0.0,2,0.4,0,0
tx-gen-000669,cust-0044,314.34,276.55,1.14,0,0.0,4,0.1,0,0
tx-gen-000670,cust-0021,99.16,63.7,1.56,0,0.0,1,0.4,0,0
tx-gen-000671,cust-0043,70.58,102.29,0.69,1,0.0,14,0.1,0,0
tx-gen-000672,cust-0001,5.46,60.06,0.09,0,0.0,7,0.1,0,0
tx-gen-000673,cust-0013,180.92,234.88,0.77,0,0.0,15,0.1,0,0
tx-gen-000674,cust-0004,188.02,212.71,0.88,0,0.0,20,0.1,0,0
tx-gen-000675,cust-0029,361.14,263.95,1.37,0,0.0,3,0.1,0,0
tx-gen-000676,cust-0016,162.98,288.45,0.57,1,0.0,4,0.1,0,0
tx-gen-000677,cust-0044,37.74,276.55,0.14,0,0.0,6,0.1,0,0
tx-gen-000678,cust-0040,71.71,214.85,0.33,1,0.0,7,0.1,0,0
tx-gen-000679,cust-0042,111.59,247.36,0.45,0,0.0,13,0.4,0,0
tx-gen-000680,cust-0047,142.05,136.82,1.04,0,0.0,18,0.1,0,0
tx-gen-000681,cust-0012,88.9,105.11,0.85,0,0.0,18,0.1,0,0
tx-gen-000682,cust-0036,33.55,76.21,0.44,1,0.0,15,0.4,0,0
tx-gen-000683,cust-0030,262.625,105.05,2.5,0,0.0,2,0.1,0,0
tx-gen-000684,cust-0004,198.0,212.71,0.93,1,0.0,22,0.4,0,0
tx-gen-000685,cust-0037,26.02,96.1,0.27,0,0.0,15,0.1,1,0
tx-gen-000686,cust-0034,30.37,282.9,0.11,0,0.0,23,0.1,0,0
tx-gen-000687,cust-0006,6.4,38.58,0.17,0,0.0,10,0.1,0,0
tx-gen-000688,cust-0049,19.11,67.7,0.28,1,0.0,5,0.4,1,0
tx-gen-000689,cust-0001,10.52,60.06,0.18,0,0.0,11,0.1,0,0
tx-gen-000690,cust-0040,44.36,214.85,0.21,0,0.0,15,0.1,0,0
tx-gen-000691,cust-0008,64.62,192.55,0.34,0,0.0,4,0.1,0,0
tx-gen-000692,cust-0050,34.57,181.57,0.19,0,0.0,7,0.1,0,0
tx-gen-000693,cust-0042,561.69,247.36,2.27,1,0.0,18,0.1,0,0
tx-gen-000694,cust-0050,15.19,181.57,0.08,0,0.0,16,0.1,0,0
tx-gen-000695,cust-0014,162.44,218.5,0.74,0,0.0,14,0.1,0,0
tx-gen-000696,cust-0048,81.3,153.89,0.53,0,0.0,20,0.1,0,0
tx-gen-000697,cust-0030,262.625,105.05,2.5,0,0.0,10,0.1,0,0
tx-gen-000698,cust-0017,6.84,57.6,0.12,1,0.0,8,0.1,0,0
tx-gen-000699,cust-0029,133.89,263.95,0.51,0,0.0,9,0.1,0,0
tx-gen-000700,cust-0035,198.97,49.28,4.04,3,1689.0,6,0.8,1,1
tx-gen-000701,cust-0023,634.85,253.94,2.5,0,0.0,15,0.1,0,0
tx-gen-000702,cust-0006,77.4,38.58,2.01,0,0.0,20,0.1,0,0
tx-gen-000703,cust-0031,433.52,255.21,1.7,0,0.0,0,0.1,0,0
tx-gen-000704,cust-0035,14.7,49.28,0.3,0,0.0,17,0.1,0,0
tx-gen-000705,cust-0047,25.64,136.82,0.19,1,0.0,0,0.4,0,0
tx-gen-000706,cust-0003,463.59,67.68,6.85,5,6133.0,7,0.1,1,1
tx-gen-000707,cust-0014,241.35,218.5,1.1,0,0.0,19,0.4,0,0
tx-gen-000708,cust-0040,537.125,214.85,2.5,0,0.0,16,0.1,0,0
tx-gen-000709,cust-0004,173.07,212.71,0.81,0,0.0,22,0.1,0,0
tx-gen-000710,cust-0043,86.71,102.29,0.85,0,0.0,22,0.1,0,0
tx-gen-000711,cust-0022,16.84,51.28,0.33,0,0.0,15,0.1,0,0
tx-gen-000712,cust-0013,344.68,234.88,1.47,0,0.0,0,0.1,0,0
tx-gen-000713,cust-0038,27.43,132.45,0.21,1,0.0,14,0.1,1,0
tx-gen-000714,cust-0011,911.14,89.52,10.18,5,2700.0,9,0.8,1,1
tx-gen-000715,cust-0044,108.16,276.55,0.39,0,0.0,16,0.1,0,0
tx-gen-000716,cust-0032,72.01,129.95,0.55,0,0.0,23,0.4,0,0
tx-gen-000717,cust-0009,59.29,83.69,0.71,0,0.0,21,0.1,0,0
tx-gen-000718,cust-0047,37.98,136.82,0.28,0,0.0,16,0.4,0,0
tx-gen-000719,cust-0038,16.16,132.45,0.12,1,0.0,16,0.1,0,0
tx-gen-000720,cust-0035,46.48,49.28,0.94,0,0.0,2,0.1,0,0
tx-gen-000721,cust-0026,16.61,48.78,0.34,0,0.0,16,0.1,0,0
tx-gen-000722,cust-0006,33.58,38.58,0.87,0,0.0,17,0.1,0,0
tx-gen-000723,cust-0040,36.02,214.85,0.17,0,0.0,19,0.1,0,0
tx-gen-000724,cust-0037,63.05,96.1,0.66,1,0.0,7,0.1,0,0
tx-gen-000725,cust-0049,51.49,67.7,0.76,0,0.0,17,0.1,0,0
tx-gen-000726,cust-0014,11.63,218.5,0.05,0,0.0,21,0.1,0,0
tx-gen-000727,cust-0003,27.77,67.68,0.41,0,0.0,0,0.1,1,0
tx-gen-000728,cust-0041,13.26,91.84,0.14,0,0.0,23,0.4,0,0
tx-gen-000729,cust-0042,16.2,247.36,0.07,0,0.0,11,0.1,0,0
tx-gen-000730,cust-0015,262.575,105.03,2.5,0,0.0,2,0.1,0,0
tx-gen-000731,cust-0039,1562.21,215.8,7.24,7,3965.0,15,0.1,1,1
tx-gen-000732,cust-0010,85.36,219.36,0.39,0,0.0,23,0.4,0,0
tx-gen-000733,cust-0015,174.36,105.03,1.66,0,0.0,1,0.1,0,0
tx-gen-000734,cust-0014,64.21,218.5,0.29,0,0.0,21,0.1,0,0
tx-gen-000735,cust-0037,109.95,96.1,1.14,0,0.0,6,0.4,0,0
tx-gen-000736,cust-0004,303.76,212.71,1.43,2,0.0,9,0.4,0,0
tx-gen-000737,cust-0037,87.01,96.1,0.91,0,0.0,19,0.1,0,0
tx-gen-000738,cust-0031,162.79,255.21,0.64,1,0.0,12,0.1,0,0
tx-gen-000739,cust-0038,70.3,132.45,0.53,0,0.0,13,0.4,0,0
tx-gen-000740,cust-0047,58.7,136.82,0.43,0,0.0,6,0.4,0,0
tx-gen-000741,cust-0025,464.72499999999997,185.89,2.5,0,0.0,12,0.1,1,0
tx-gen-000742,cust-0044,491.04,276.55,1.78,0,0.0,14,0.4,0,0
tx-gen-000743,cust-0040,537.125,214.85,2.5,0,0.0,8,0.4,0,0
tx-gen-000744,cust-0043,13.58,102.29,0.13,1,0.0,22,0.4,0,0
tx-gen-000745,cust-0050,238.32,181.57,1.31,0,0.0,6,0.4,0,0
tx-gen-000746,cust-0045,666.55,266.62,2.5,0,0.0,21,0.1,0,0
tx-gen-000747,cust-0038,26.48,132.45,0.2,0,0.0,10,0.1,0,0
tx-gen-000748,cust-0050,12.49,181.57,0.07,0,0.0,15,0.1,0,0
tx-gen-000749,cust-0017,77.84,57.6,1.35,0,0.0,15,0.4,0,0
tx-gen-000750,cust-0025,158.83,185.89,0.85,0,0.0,18,0.1,0,0
tx-gen-000751,cust-0042,456.15,247.36,1.84,0,0.0,18,0.4,0,0
tx-gen-000752,cust-0018,8.45,56.11,0.15,0,0.0,4,0.1,0,0
tx-gen-000753,cust-0031,404.78,255.21,1.59,0,0.0,21,0.4,1,0
tx-gen-000754,cust-0037,21.64,96.1,0.23,1,0.0,5,0.1,0,0
tx-gen-000755,cust-0048,27.5,153.89,0.18,0,0.0,17,0.1,0,0
tx-gen-000756,cust-0022,9.2,51.28,0.18,0,0.0,21,0.1,1,0
tx-gen-000757,cust-0001,101.21,60.06,1.69,1,0.0,5,0.1,0,0
tx-gen-000758,cust-0005,58.51,53.47,1.09,0,0.0,18,0.1,0,0
tx-gen-000759,cust-0026,36.12,48.78,0.74,0,0.0,10,0.1,0,0
tx-gen-000760,cust-0050,80.7,181.57,0.44,0,0.0,6,0.1,0,0
tx-gen-000761,cust-0043,214.52,102.29,2.1,0,0.0,3,0.1,0,0
tx-gen-000762,cust-0033,105.12,210.95,0.5,0,0.0,2,0.4,0,0
tx-gen-000763,cust-0016,489.24,288.45,1.7,2,0.0,7,0.1,0,0
tx-gen-000764,cust-0023,146.85,253.94,0.58,0,0.0,21,0.4,0,0
tx-gen-000765,cust-0046,41.36,87.41,0.47,0,0.0,4,0.4,0,0
tx-gen-000766,cust-0038,82.27,132.45,0.62,0,0.0,4,0.1,0,0
tx-gen-000767,cust-0026,17.49,48.78,0.36,0,0.0,18,0.1,0,0
tx-gen-000768,cust-0005,73.62,53.47,1.38,1,0.0,22,0.1,1,0
tx-gen-000769,cust-0035,34.43,49.28,0.7,0,0.0,7,0.1,1,0
tx-gen-000770,cust-0037,25.39,96.1,0.26,2,0.0,3,0.1,0,0
tx-gen-000771,cust-0030,241.44,105.05,2.3,0,0.0,11,0.1,0,0
tx-gen-000772,cust-0041,44.48,91.84,0.48,1,0.0,1,0.1,0,0
tx-gen-000773,cust-0023,199.16,253.94,0.78,0,0.0,21,0.1,0,0
tx-gen-000774,cust-0044,655.28,276.55,2.37,0,0.0,3,0.1,0,0
tx-gen-000775,cust-0021,62.35,63.7,0.98,0,0.0,5,0.1,0,0
tx-gen-000776,cust-0013,29.2,234.88,0.12,0,0.0,4,0.1,0,0
tx-gen-000777,cust-0014,546.25,218.5,2.5,0,0.0,17,0.4,0,0
tx-gen-000778,cust-0008,190.25,192.55,0.99,0,0.0,20,0.4,0,0
tx-gen-000779,cust-0003,27.6,67.68,0.41,0,0.0,18,0.4,0,0
tx-gen-000780,cust-0037,14.41,96.1,0.15,2,0.0,16,0.1,1,0
tx-gen-000781,cust-0018,88.65,56.11,1.58,0,0.0,11,0.1,0,0
tx-gen-000782,cust-0031,246.99,255.21,0.97,0,0.0,23,0.4,0,0
tx-gen-000783,cust-0050,138.43,181.57,0.76,0,0.0,22,0.4,0,0
tx-gen-000784,cust-0001,134.73,60.06,2.24,0,0.0,12,0.4,0,0
tx-gen-000785,cust-0017,89.51,57.6,1.55,0,0.0,22,0.1,1,0
tx-gen-000786,cust-0022,8.44,51.28,0.16,0,0.0,9,0.1,0,0
tx-gen-000787,cust-0024,100.51,269.07,0.37,0,0.0,11,0.1,0,0
tx-gen-000788,cust-0037,27.45,96.1,0.29,1,0.0,2,0.1,0,0
tx-gen-000789,cust-0025,253.25,185.89,1.36,1,0.0,14,0.1,0,0
tx-gen-000790,cust-0032,5.0,129.95,0.04,0,0.0,9,0.4,0,0
tx-gen-000791,cust-0032,109.64,129.95,0.84,0,0.0,4,0.4,0,0
tx-gen-000792,cust-0011,128.68,89.52,1.44,1,0.0,3,0.1,0,0
tx-gen-000793,cust-0048,322.19,153.89,2.09,0,0.0,20,0.1,1,0
tx-gen-000794,cust-0017,24.12,57.6,0.42,0,0.0,11,0.1,0,0
tx-gen-000795,cust-0039,371.57,215.8,1.72,0,0.0,10,0.4,0,0
tx-gen-000796,cust-0023,29.77,253.94,0.12,0,0.0,11,0.1,0,0
tx-gen-000797,cust-0006,72.29,38.58,1.87,0,0.0,1,0.1,0,0
tx-gen-000798,cust-0011,12.21,89.52,0.14,0,0.0,17,0.1,0,0
tx-gen-000799,cust-0005,27.07,53.47,0.51,0,0.0,6,0.1,0,0
tx-gen-000800,cust-0046,139.51,87.41,1.6,0,0.0,16,0.1,0,0
tx-gen-000801,cust-0024,43.7,269.07,0.16,0,0.0,10,0.1,0,0
tx-gen-000802,cust-0002,27.15,104.26,0.26,1,0.0,8,0.1,0,0
tx-gen-000803,cust-0006,49.42,38.58,1.28,0,0.0,3,0.1,1,0
tx-gen-000804,cust-0031,324.91,255.21,1.27,0,0.0,9,0.1,1,0
tx-gen-000805,cust-0007,91.24,89.03,1.02,0,0.0,3,0.1,0,0
tx-gen-000806,cust-0020,268.8,227.03,1.18,0,0.0,20,0.1,0,0
tx-gen-000807,cust-0011,967.99,89.52,10.81,6,9356.0,11,0.8,0,1
tx-gen-000808,cust-0018,43.9,56.11,0.78,0,0.0,7,0.4,0,0
tx-gen-000809,cust-0041,26.64,91.84,0.29,0,0.0,8,0.1,0,0
tx-gen-000810,cust-0020,96.3,227.03,0.42,0,0.0,20,0.4,0,0
tx-gen-000811,cust-0020,45.5,227.03,0.2,0,0.0,15,0.1,0,0
tx-gen-000812,cust-0049,161.86,67.7,2.39,0,0.0,7,0.1,0,0
tx-gen-000813,cust-0032,113.79,129.95,0.88,0,0.0,10,0.1,0,0
tx-gen-000814,cust-0019,98.87,193.01,0.51,0,0.0,15,0.4,0,0
tx-gen-000815,cust-0036,47.24,76.21,0.62,0,0.0,17,0.1,0,0
tx-gen-000816,cust-0025,464.72499999999997,185.89,2.5,0,0.0,5,0.1,0,0
tx-gen-000817,cust-0040,35.77,214.85,0.17,0,0.0,17,0.1,0,0
tx-gen-000818,cust-0018,49.51,56.11,0.88,0,0.0,5,0.1,0,0
tx-gen-000819,cust-0030,74.06,105.05,0.7,0,0.0,18,0.4,0,0
tx-gen-000820,cust-0010,207.37,219.36,0.95,0,0.0,16,0.1,0,0
tx-gen-000821,cust-0018,5.0,56.11,0.09,0,0.0,21,0.1,0,0
tx-gen-000822,cust-0032,267.27,129.95,2.06,0,0.0,6,0.1,0,0
tx-gen-000823,cust-0024,672.675,269.07,2.5,0,0.0,21,0.1,0,0
tx-gen-000824,cust-0010,182.66,219.36,0.83,0,0.0,17,0.1,0,0
tx-gen-000825,cust-0017,68.71,57.6,1.19,2,0.0,3,0.1,0,0
tx-gen-000826,cust-0025,464.72499999999997,185.89,2.5,0,0.0,7,0.1,0,0
tx-gen-000827,cust-0030,129.04,105.05,1.23,0,0.0,13,0.4,0,0
tx-gen-000828,cust-0025,30.77,185.89,0.17,0,0.0,9,0.1,0,0
tx-gen-000829,cust-0048,132.15,153.89,0.86,0,0.0,9,0.1,0,0
tx-gen-000830,cust-0013,219.19,234.88,0.93,2,0.0,17,0.1,0,0
tx-gen-000831,cust-0028,163.36,296.01,0.55,0,0.0,5,0.1,0,0
tx-gen-000832,cust-0016,2434.27,288.45,8.44,8,6584.0,19,0.8,1,1
tx-gen-000833,cust-0050,242.12,181.57,1.33,0,0.0,8,0.1,0,0
tx-gen-000834,cust-0049,169.25,67.7,2.5,0,0.0,10,0.1,0,0
tx-gen-000835,cust-0007,222.575,89.03,2.5,2,0.0,4,0.1,0,0
tx-gen-000836,cust-0049,40.58,67.7,0.6,0,0.0,22,0.1,0,0
tx-gen-000837,cust-0047,16.44,136.82,0.12,0,0.0,14,0.1,0,0
tx-gen-000838,cust-0035,123.2,49.28,2.5,0,0.0,6,0.4,0,0
tx-gen-000839,cust-0047,249.79,136.82,1.83,0,0.0,11,0.4,0,0
tx-gen-000840,cust-0029,35.14,263.95,0.13,0,0.0,23,0.4,0,0
tx-gen-000841,cust-0041,229.60000000000002,91.84,2.5,0,0.0,21,0.1,0,0
tx-gen-000842,cust-0040,438.17,214.85,2.04,1,0.0,18,0.4,0,0
tx-gen-000843,cust-0044,202.31,276.55,0.73,0,0.0,4,0.1,0,0
tx-gen-000844,cust-0042,221.32,247.36,0.89,0,0.0,18,0.4,0,0
tx-gen-000845,cust-0009,42.61,83.69,0.51,0,0.0,20,0.1,0,0
tx-gen-000846,cust-0003,5.0,67.68,0.07,0,0.0,8,0.1,0,0
tx-gen-000847,cust-0017,23.52,57.6,0.41,0,0.0,2,0.4,0,0
tx-gen-000848,cust-0014,354.8,218.5,1.62,1,0.0,6,0.1,0,0
tx-gen-000849,cust-0036,5.0,76.21,0.07,0,0.0,20,0.1,0,0
tx-gen-000850,cust-0040,87.17,214.85,0.41,1,0.0,16,0.1,0,0
tx-gen-000851,cust-0014,110.95,218.5,0.51,0,0.0,20,0.1,0,0
tx-gen-000852,cust-0013,181.07,234.88,0.77,0,0.0,18,0.1,1,0
tx-gen-000853,cust-0036,190.52499999999998,76.21,2.5,0,0.0,18,0.1,0,0
tx-gen-000854,cust-0044,117.58,276.55,0.43,0,0.0,20,0.1,0,0
tx-gen-000855,cust-0026,20.79,48.78,0.43,0,0.0,20,0.1,0,0
tx-gen-000856,cust-0023,339.65,253.94,1.34,1,0.0,1,0.1,0,0
tx-gen-000857,cust-0041,55.28,91.84,0.6,0,0.0,10,0.4,0,0
tx-gen-000858,cust-0025,47.29,185.89,0.25,2,0.0,3,0.1,0,0
tx-gen-000859,cust-0026,578.29,48.78,11.86,7,5445.0,3,0.1,1,1
tx-gen-000860,cust-0001,36.17,60.06,0.6,1,0.0,4,0.1,0,0
tx-gen-000861,cust-0045,40.48,266.62,0.15,0,0.0,9,0.4,1,0
tx-gen-000862,cust-0010,42.57,219.36,0.19,0,0.0,21,0.1,0,0
tx-gen-000863,cust-0038,91.38,132.45,0.69,0,0.0,7,0.1,0,0
tx-gen-000864,cust-0014,118.62,218.5,0.54,0,0.0,13,0.1,0,0
tx-gen-000865,cust-0045,656.76,266.62,2.46,0,0.0,16,0.4,0,0
tx-gen-000866,cust-0037,43.25,96.1,0.45,0,0.0,2,0.1,0,0
tx-gen-000867,cust-0027,79.53,91.53,0.87,0,0.0,23,0.1,0,0
tx-gen-000868,cust-0001,60.08,60.06,1.0,0,0.0,13,0.1,0,0
tx-gen-000869,cust-0021,5.0,63.7,0.08,0,0.0,14,0.1,0,0
tx-gen-000870,cust-0004,231.7,212.71,1.09,0,0.0,18,0.1,0,0
tx-gen-000871,cust-0006,7.56,38.58,0.2,0,0.0,9,0.1,0,0
tx-gen-000872,cust-0031,638.025,255.21,2.5,0,0.0,11,0.4,0,0
tx-gen-000873,cust-0033,33.95,210.95,0.16,0,0.0,20,0.1,0,0
tx-gen-000874,cust-0026,26.12,48.78,0.54,0,0.0,20,0.4,0,0
tx-gen-000875,cust-0016,25.73,288.45,0.09,0,0.0,5,0.1,1,0
tx-gen-000876,cust-0006,96.44999999999999,38.58,2.5,0,0.0,15,0.1,0,0
tx-gen-000877,cust-0023,177.14,253.94,0.7,0,0.0,4,0.1,0,0
tx-gen-000878,cust-0029,238.83,263.95,0.9,1,0.0,2,0.1,0,0
tx-gen-000879,cust-0044,19.2,276.55,0.07,0,0.0,19,0.1,0,0
tx-gen-000880,cust-0040,297.81,214.85,1.39,0,0.0,4,0.1,0,0
tx-gen-000881,cust-0020,53.49,227.03,0.24,0,0.0,1,0.1,0,0
tx-gen-000882,cust-0014,498.9,218.5,2.28,0,0.0,13,0.4,0,0
tx-gen-000883,cust-0010,50.36,219.36,0.23,0,0.0,16,0.1,0,0
tx-gen-000884,cust-0003,14.32,67.68,0.21,0,0.0,11,0.1,0,0
tx-gen-000885,cust-0018,5.0,56.11,0.09,0,0.0,14,0.1,0,0
tx-gen-000886,cust-0043,65.34,102.29,0.64,0,0.0,18,0.1,0,0
tx-gen-000887,cust-0042,205.81,247.36,0.83,2,0.0,15,0.4,0,0
tx-gen-000888,cust-0021,5.0,63.7,0.08,0,0.0,8,0.4,0,0
tx-gen-000889,cust-0030,156.94,105.05,1.49,0,0.0,22,0.1,0,0
tx-gen-000890,cust-0022,30.96,51.28,0.6,0,0.0,6,0.1,0,0
tx-gen-000891,cust-0041,68.25,91.84,0.74,1,0.0,15,0.1,0,0
tx-gen-000892,cust-0025,108.04,185.89,0.58,1,0.0,16,0.4,0,0
tx-gen-000893,cust-0022,26.26,51.28,0.51,0,0.0,19,0.1,0,0
tx-gen-000894,cust-0044,226.82,276.55,0.82,0,0.0,22,0.1,0,0
tx-gen-000895,cust-0028,49.94,296.01,0.17,0,0.0,2,0.1,0,0
tx-gen-000896,cust-0042,49.67,247.36,0.2,1,0.0,6,0.1,0,0
tx-gen-000897,cust-0046,172.98,87.41,1.98,2,0.0,7,0.1,1,0
tx-gen-000898,cust-0010,548.4000000000001,219.36,2.5,0,0.0,9,0.1,0,0
tx-gen-000899,cust-0047,63.94,136.82,0.47,0,0.0,21,0.1,0,0
tx-gen-000900,cust-0027,28.9,91.53,0.32,0,0.0,14,0.1,0,0
tx-gen-000901,cust-0041,94.85,91.84,1.03,0,0.0,22,0.1,0,0
tx-gen-000902,cust-0012,919.09,105.11,8.74,7,4304.0,16,0.8,1,1
tx-gen-000903,cust-0015,55.19,105.03,0.53,0,0.0,16,0.1,0,0
tx-gen-000904,cust-0033,5.42,210.95,0.03,0,0.0,16,0.1,0,0
tx-gen-000905,cust-0031,43.33,255.21,0.17,0,0.0,14,0.1,0,0
tx-gen-000906,cust-0001,75.6,60.06,1.26,0,0.0,14,0.1,1,0
tx-gen-000907,cust-0049,72.82,67.7,1.08,1,0.0,2,0.1,0,0
tx-gen-000908,cust-0021,5.0,63.7,0.08,0,0.0,11,0.1,0,0
tx-gen-000909,cust-0048,38.63,153.89,0.25,0,0.0,11,0.1,0,0
tx-gen-000910,cust-0039,56.7,215.8,0.26,0,0.0,9,0.1,0,0
tx-gen-000911,cust-0003,75.42,67.68,1.11,0,0.0,8,0.4,1,0
tx-gen-000912,cust-0003,5.0,67.68,0.07,0,0.0,23,0.1,0,0
tx-gen-000913,cust-0020,24.96,227.03,0.11,0,0.0,0,0.1,0,0
tx-gen-000914,cust-0004,342.25,212.71,1.61,1,0.0,22,0.1,0,0
tx-gen-000915,cust-0047,26.91,136.82,0.2,1,0.0,8,0.4,0,0
tx-gen-000916,cust-0009,88.52,83.69,1.06,0,0.0,10,0.1,0,0
tx-gen-000917,cust-0046,23.78,87.41,0.27,0,0.0,9,0.1,0,0
tx-gen-000918,cust-0046,9.16,87.41,0.1,0,0.0,5,0.1,0,0
tx-gen-000919,cust-0024,74.97,269.07,0.28,0,0.0,23,0.4,0,0
tx-gen-000920,cust-0036,97.63,76.21,1.28,0,0.0,13,0.1,0,0
tx-gen-000921,cust-0010,424.65,219.36,1.94,0,0.0,3,0.1,0,0
tx-gen-000922,cust-0020,402.58,227.03,1.77,0,0.0,14,0.1,0,0
tx-gen-000923,cust-0009,42.36,83.69,0.51,0,0.0,7,0.4,0,0
tx-gen-000924,cust-0032,143.32,129.95,1.1,0,0.0,11,0.1,0,0
tx-gen-000925,cust-0014,50.12,218.5,0.23,0,0.0,7,0.1,0,0
tx-gen-000926,cust-0039,1265.44,215.8,5.86,4,2929.0,19,0.8,1,1
tx-gen-000927,cust-0004,73.8,212.71,0.35,1,0.0,8,0.1,0,0
tx-gen-000928,cust-0039,489.13,215.8,2.27,0,0.0,23,0.1,1,0
tx-gen-000929,cust-0011,5.0,89.52,0.06,0,0.0,14,0.4,0,0
tx-gen-000930,cust-0030,9.39,105.05,0.09,0,0.0,18,0.1,0,0
tx-gen-000931,cust-0024,62.71,269.07,0.23,1,0.0,3,0.1,0,0
tx-gen-000932,cust-0031,6.86,255.21,0.03,0,0.0,23,0.1,0,0
tx-gen-000933,cust-0045,53.38,266.62,0.2,0,0.0,7,0.1,1,0
tx-gen-000934,cust-0034,247.47,282.9,0.87,1,0.0,0,0.4,1,0
tx-gen-000935,cust-0019,105.61,193.01,0.55,0,0.0,19,0.1,1,0
tx-gen-000936,cust-0023,566.76,253.94,2.23,0,0.0,21,0.4,0,0
tx-gen-000937,cust-0032,221.01,129.95,1.7,0,0.0,9,0.4,0,0
tx-gen-000938,cust-0013,1750.21,234.88,7.45,7,7283.0,4,0.4,0,1
tx-gen-000939,cust-0003,28.31,67.68,0.42,0,0.0,0,0.1,0,0
tx-gen-000940,cust-0019,57.97,193.01,0.3,0,0.0,4,0.1,0,0
tx-gen-000941,cust-0050,1162.33,181.57,6.4,7,3377.0,8,0.8,0,1
tx-gen-000942,cust-0013,112.16,234.88,0.48,1,0.0,18,0.1,0,0
tx-gen-000943,cust-0042,220.72,247.36,0.89,1,0.0,3,0.1,0,0
tx-gen-000944,cust-0022,16.0,51.28,0.31,1,0.0,16,0.1,0,0
tx-gen-000945,cust-0047,133.89,136.82,0.98,0,0.0,12,0.4,0,0
tx-gen-000946,cust-0022,27.01,51.28,0.53,2,0.0,4,0.1,0,0
tx-gen-000947,cust-0002,83.73,104.26,0.8,1,0.0,3,0.4,0,0
tx-gen-000948,cust-0025,106.5,185.89,0.57,0,0.0,15,0.1,0,0
tx-gen-000949,cust-0003,23.61,67.68,0.35,1,0.0,21,0.1,0,0
tx-gen-000950,cust-0020,567.575,227.03,2.5,0,0.0,12,0.1,0,0
tx-gen-000951,cust-0050,261.87,181.57,1.44,0,0.0,10,0.1,0,0
tx-gen-000952,cust-0033,31.84,210.95,0.15,0,0.0,22,0.1,0,0
tx-gen-000953,cust-0050,368.32,181.57,2.03,0,0.0,22,0.4,0,0
tx-gen-000954,cust-0047,91.44,136.82,0.67,0,0.0,6,0.4,0,0
tx-gen-000955,cust-0003,152.25,67.68,2.25,0,0.0,2,0.1,0,0
tx-gen-000956,cust-0007,143.22,89.03,1.61,0,0.0,23,0.1,0,0
tx-gen-000957,cust-0041,50.86,91.84,0.55,0,0.0,4,0.1,0,0
tx-gen-000958,cust-0021,5.0,63.7,0.08,0,0.0,17,0.1,0,0
tx-gen-000959,cust-0001,18.79,60.06,0.31,0,0.0,22,0.4,0,0
tx-gen-000960,cust-0036,59.45,76.21,0.78,0,0.0,21,0.1,0,0
tx-gen-000961,cust-0020,227.87,227.03,1.0,0,0.0,19,0.4,0,0
tx-gen-000962,cust-0031,76.12,255.21,0.3,0,0.0,14,0.1,0,0
tx-gen-000963,cust-0026,7.32,48.78,0.15,0,0.0,6,0.4,0,0
tx-gen-000964,cust-0029,475.48,263.95,1.8,1,0.0,10,0.1,0,0
tx-gen-000965,cust-0043,255.72500000000002,102.29,2.5,0,0.0,3,0.1,0,0
tx-gen-000966,cust-0045,198.87,266.62,0.75,0,0.0,11,0.1,0,0
tx-gen-000967,cust-0030,19.79,105.05,0.19,1,0.0,8,0.1,0,0
tx-gen-000968,cust-0024,85.53,269.07,0.32,0,0.0,1,0.1,0,0
tx-gen-000969,cust-0031,5.0,255.21,0.02,1,0.0,13,0.1,0,0
tx-gen-000970,cust-0023,623.9,253.94,2.46,0,0.0,14,0.4,0,0
tx-gen-000971,cust-0007,11.15,89.03,0.13,0,0.0,2,0.1,0,0
tx-gen-000972,cust-0026,41.91,48.78,0.86,0,0.0,17,0.4,0,0
tx-gen-000973,cust-0031,81.74,255.21,0.32,1,0.0,0,0.1,0,0
tx-gen-000974,cust-0028,239.13,296.01,0.81,0,0.0,3,0.4,0,0
tx-gen-000975,cust-0043,107.8,102.29,1.05,0,0.0,6,0.1,0,0
tx-gen-000976,cust-0021,112.78,63.7,1.77,0,0.0,12,0.1,0,0
tx-gen-000977,cust-0039,49.89,215.8,0.23,0,0.0,6,0.1,0,0
tx-gen-000978,cust-0004,5.0,212.71,0.02,1,0.0,15,0.4,0,0
tx-gen-000979,cust-0001,8.84,60.06,0.15,0,0.0,13,0.1,0,0
tx-gen-000980,cust-0037,221.3,96.1,2.3,0,0.0,17,0.1,0,0
tx-gen-000981,cust-0044,572.62,276.55,2.07,2,0.0,13,0.1,0,0
tx-gen-000982,cust-0040,195.48,214.85,0.91,1,0.0,18,0.1,0,0
tx-gen-000983,cust-0036,69.93,76.21,0.92,1,0.0,1,0.4,0,0
tx-gen-000984,cust-0019,211.1,193.01,1.09,0,0.0,9,0.1,0,0
tx-gen-000985,cust-0021,12.28,63.7,0.19,0,0.0,22,0.1,0,0
tx-gen-000986,cust-0012,258.38,105.11,2.46,0,0.0,3,0.4,1,0
tx-gen-000987,cust-0027,49.67,91.53,0.54,0,0.0,10,0.1,0,0
tx-gen-000988,cust-0010,105.98,219.36,0.48,2,0.0,7,0.1,0,0
tx-gen-000989,cust-0009,61.24,83.69,0.73,1,0.0,20,0.1,0,0
tx-gen-000990,cust-0028,14.24,296.01,0.05,0,0.0,8,0.4,0,0
tx-gen-000991,cust-0025,33.81,185.89,0.18,0,0.0,21,0.1,0,0
tx-gen-000992,cust-0047,183.28,136.82,1.34,0,0.0,16,0.1,0,0
tx-gen-000993,cust-0024,2241.16,269.07,8.33,3,1811.0,10,0.8,1,1
tx-gen-000994,cust-0010,18.96,219.36,0.09,0,0.0,21,0.1,0,0
tx-gen-000995,cust-0040,198.56,214.85,0.92,0,0.0,0,0.1,0,0
tx-gen-000996,cust-0038,37.28,132.45,0.28,0,0.0,19,0.1,0,0
tx-gen-000997,cust-0030,51.8,105.05,0.49,0,0.0,17,0.4,0,0
tx-gen-000998,cust-0019,65.75,193.01,0.34,0,0.0,5,0.4,0,0
tx-gen-000999,cust-0037,42.24,96.1,0.44,0,0.0,6,0.1,0,0
tx-gen-001000,cust-0043,129.86,102.29,1.27,0,0.0,19,0.1,0,0
tx-gen-001001,cust-0033,74.37,210.95,0.35,0,0.0,6,0.1,0,0
tx-gen-001002,cust-0017,497.23,57.6,8.63,8,3373.0,3,0.4,1,1
tx-gen-001003,cust-0017,48.13,57.6,0.84,0,0.0,11,0.1,0,0
tx-gen-001004,cust-0003,43.75,67.68,0.65,0,0.0,16,0.1,0,0
tx-gen-001005,cust-0032,141.6,129.95,1.09,0,0.0,14,0.1,0,0
tx-gen-001006,cust-0041,229.60000000000002,91.84,2.5,0,0.0,14,0.1,0,0
tx-gen-001007,cust-0008,253.96,192.55,1.32,0,0.0,5,0.1,0,0
tx-gen-001008,cust-0049,16.38,67.7,0.24,0,0.0,6,0.1,0,0
tx-gen-001009,cust-0017,5.0,57.6,0.09,0,0.0,13,0.1,0,0
tx-gen-001010,cust-0025,56.54,185.89,0.3,0,0.0,6,0.1,0,0
tx-gen-001011,cust-0023,229.58,253.94,0.9,1,0.0,7,0.4,0,0
tx-gen-001012,cust-0022,5.0,51.28,0.1,0,0.0,22,0.1,0,0
tx-gen-001013,cust-0050,124.54,181.57,0.69,0,0.0,0,0.4,0,0
tx-gen-001014,cust-0044,251.23,276.55,0.91,0,0.0,9,0.1,0,0
tx-gen-001015,cust-0005,425.87,53.47,7.96,5,5141.0,21,0.8,1,1
tx-gen-001016,cust-0017,23.43,57.6,0.41,0,0.0,3,0.4,1,0
tx-gen-001017,cust-0043,150.74,102.29,1.47,0,0.0,17,0.4,0,0
tx-gen-001018,cust-0008,21.7,192.55,0.11,0,0.0,0,0.1,0,0
tx-gen-001019,cust-0042,19.32,247.36,0.08,0,0.0,19,0.1,0,0
tx-gen-001020,cust-0030,136.84,105.05,1.3,1,0.0,21,0.1,0,0
tx-gen-001021,cust-0028,202.52,296.01,0.68,0,0.0,10,0.1,0,0
tx-gen-001022,cust-0050,211.72,181.57,1.17,2,0.0,8,0.1,0,0
tx-gen-001023,cust-0017,32.87,57.6,0.57,2,0.0,7,0.1,0,0
tx-gen-001024,cust-0026,13.8,48.78,0.28,0,0.0,18,0.1,0,0
tx-gen-001025,cust-0014,373.6,218.5,1.71,0,0.0,16,0.1,0,0
tx-gen-001026,cust-0005,85.9,53.47,1.61,0,0.0,19,0.1,0,0
tx-gen-001027,cust-0042,293.48,247.36,1.19,0,0.0,10,0.1,0,0
tx-gen-001028,cust-0026,15.5,48.78,0.32,0,0.0,21,0.1,0,0
tx-gen-001029,cust-0047,122.07,136.82,0.89,0,0.0,9,0.4,0,0
tx-gen-001030,cust-0045,119.4,266.62,0.45,0,0.0,21,0.1,1,0
tx-gen-001031,cust-0023,24.39,253.94,0.1,0,0.0,13,0.1,1,0
tx-gen-001032,cust-0042,616.59,247.36,2.49,0,0.0,15,0.1,0,0
tx-gen-001033,cust-0050,26.71,181.57,0.15,0,0.0,11,0.1,1,0
tx-gen-001034,cust-0043,255.72500000000002,102.29,2.5,0,0.0,12,0.1,0,0
tx-gen-001035,cust-0006,22.79,38.58,0.59,0,0.0,20,0.1,0,0
tx-gen-001036,cust-0047,28.01,136.82,0.2,0,0.0,16,0.1,0,0
tx-gen-001037,cust-0042,193.11,247.36,0.78,2,0.0,14,0.1,0,0
tx-gen-001038,cust-0022,105.8,51.28,2.06,0,0.0,21,0.1,0,0
tx-gen-001039,cust-0043,134.78,102.29,1.32,0,0.0,20,0.1,0,0
tx-gen-001040,cust-0005,87.84,53.47,1.64,0,0.0,21,0.1,0,0
tx-gen-001041,cust-0040,231.01,214.85,1.08,0,0.0,1,0.1,0,0
tx-gen-001042,cust-0020,267.57,227.03,1.18,0,0.0,20,0.1,0,0
tx-gen-001043,cust-0005,101.15,53.47,1.89,0,0.0,16,0.1,0,0
tx-gen-001044,cust-0015,30.17,105.03,0.29,0,0.0,10,0.1,0,0
tx-gen-001045,cust-0048,103.45,153.89,0.67,2,0.0,12,0.1,0,0
tx-gen-001046,cust-0009,20.92,83.69,0.25,0,0.0,9,0.1,0,0
tx-gen-001047,cust-0008,481.375,192.55,2.5,0,0.0,18,0.1,0,0
tx-gen-001048,cust-0029,659.875,263.95,2.5,0,0.0,23,0.1,0,0
tx-gen-001049,cust-0041,5.0,91.84,0.05,1,0.0,8,0.1,0,0
tx-gen-001050,cust-0001,73.44,60.06,1.22,1,0.0,2,0.4,0,0
tx-gen-001051,cust-0050,453.92499999999995,181.57,2.5,0,0.0,13,0.1,0,0
tx-gen-001052,cust-0029,52.57,263.95,0.2,0,0.0,21,0.4,0,0
tx-gen-001053,cust-0046,73.35,87.41,0.84,0,0.0,0,0.1,0,0
tx-gen-001054,cust-0016,712.72,288.45,2.47,0,0.0,6,0.1,0,0
tx-gen-001055,cust-0035,5.0,49.28,0.1,0,0.0,6,0.1,0,0
tx-gen-001056,cust-0010,262.23,219.36,1.2,0,0.0,4,0.1,0,0
tx-gen-001057,cust-0003,23.88,67.68,0.35,0,0.0,3,0.1,0,0
tx-gen-001058,cust-0040,537.125,214.85,2.5,0,0.0,5,0.1,0,0
tx-gen-001059,cust-0035,123.2,49.28,2.5,0,0.0,15,0.1,0,0
tx-gen-001060,cust-0016,721.125,288.45,2.5,0,0.0,22,0.4,0,0
tx-gen-001061,cust-0044,177.78,276.55,0.64,0,0.0,22,0.1,0,0
tx-gen-001062,cust-0048,304.83,153.89,1.98,1,0.0,4,0.1,0,0
tx-gen-001063,cust-0038,246.55,132.45,1.86,0,0.0,16,0.1,0,0
tx-gen-001064,cust-0012,40.4,105.11,0.38,0,0.0,9,0.1,0,0
tx-gen-001065,cust-0018,99.07,56.11,1.77,0,0.0,13,0.1,0,0
tx-gen-001066,cust-0009,5.0,83.69,0.06,0,0.0,8,0.1,0,0
tx-gen-001067,cust-0015,95.26,105.03,0.91,0,0.0,22,0.1,0,0
tx-gen-001068,cust-0040,56.16,214.85,0.26,1,0.0,14,0.4,0,0
tx-gen-001069,cust-0034,36.35,282.9,0.13,0,0.0,16,0.4,0,0
tx-gen-001070,cust-0001,5.0,60.06,0.08,0,0.0,10,0.1,0,0
tx-gen-001071,cust-0038,157.84,132.45,1.19,0,0.0,5,0.1,0,0
tx-gen-001072,cust-0031,106.0,255.21,0.42,0,0.0,21,0.1,0,0
tx-gen-001073,cust-0045,343.98,266.62,1.29,0,0.0,4,0.1,0,0
tx-gen-001074,cust-0001,5.0,60.06,0.08,0,0.0,0,0.1,0,0
tx-gen-001075,cust-0042,93.69,247.36,0.38,0,0.0,10,0.1,0,0
tx-gen-001076,cust-0030,81.46,105.05,0.78,2,0.0,3,0.1,0,0
tx-gen-001077,cust-0009,130.9,83.69,1.56,0,0.0,21,0.1,0,0
tx-gen-001078,cust-0030,40.32,105.05,0.38,0,0.0,2,0.1,0,0
tx-gen-001079,cust-0034,2800.58,282.9,9.9,7,3893.0,18,0.8,1,1
tx-gen-001080,cust-0044,271.91,276.55,0.98,0,0.0,13,0.1,1,0
tx-gen-001081,cust-0024,584.25,269.07,2.17,0,0.0,2,0.1,0,0
tx-gen-001082,cust-0024,257.43,269.07,0.96,0,0.0,23,0.4,0,0
tx-gen-001083,cust-0050,48.16,181.57,0.27,0,0.0,11,0.1,0,0
tx-gen-001084,cust-0048,5.0,153.89,0.03,0,0.0,19,0.1,0,0
tx-gen-001085,cust-0021,130.01,63.7,2.04,0,0.0,8,0.4,0,0
tx-gen-001086,cust-0005,5.0,53.47,0.09,0,0.0,4,0.1,0,0
tx-gen-001087,cust-0031,530.09,255.21,2.08,0,0.0,12,0.1,0,0
tx-gen-001088,cust-0044,208.18,276.55,0.75,1,0.0,23,0.1,0,0
tx-gen-001089,cust-0006,96.44999999999999,38.58,2.5,2,0.0,6,0.1,0,0
tx-gen-001090,cust-0011,143.53,89.52,1.6,0,0.0,11,0.1,0,0
tx-gen-001091,cust-0041,1078.33,91.84,11.74,6,7772.0,21,0.4,1,1
tx-gen-001092,cust-0048,384.72499999999997,153.89,2.5,0,0.0,12,0.1,0,0
tx-gen-001093,cust-0015,45.36,105.03,0.43,0,0.0,7,0.1,0,0
tx-gen-001094,cust-0042,360.53,247.36,1.46,0,0.0,6,0.4,0,0
tx-gen-001095,cust-0036,39.18,76.21,0.51,0,0.0,16,0.4,0,0
tx-gen-001096,cust-0011,58.52,89.52,0.65,0,0.0,15,0.1,0,0
tx-gen-001097,cust-0004,210.06,212.71,0.99,2,0.0,21,0.1,0,0
tx-gen-001098,cust-0011,185.21,89.52,2.07,2,0.0,23,0.1,0,0
tx-gen-001099,cust-0045,666.55,266.62,2.5,0,0.0,23,0.1,0,0
tx-gen-001100,cust-0021,93.14,63.7,1.46,0,0.0,3,0.1,0,0
tx-gen-001101,cust-0046,1032.59,87.41,11.81,6,3163.0,20,0.8,1,1
tx-gen-001102,cust-0035,26.65,49.28,0.54,1,0.0,6,0.1,0,0
tx-gen-001103,cust-0030,57.47,105.05,0.55,2,0.0,4,0.1,0,0
tx-gen-001104,cust-0033,282.21,210.95,1.34,1,0.0,21,0.1,1,0
tx-gen-001105,cust-0049,18.47,67.7,0.27,0,0.0,5,0.1,0,0
tx-gen-001106,cust-0029,30.9,263.95,0.12,1,0.0,5,0.1,0,0
tx-gen-001107,cust-0036,33.37,76.21,0.44,0,0.0,6,0.1,0,0
tx-gen-001108,cust-0023,85.99,253.94,0.34,0,0.0,0,0.4,0,0
tx-gen-001109,cust-0015,36.91,105.03,0.35,0,0.0,7,0.1,0,0
tx-gen-001110,cust-0029,70.23,263.95,0.27,0,0.0,22,0.4,0,0
tx-gen-001111,cust-0039,9.28,215.8,0.04,0,0.0,2,0.1,0,0
tx-gen-001112,cust-0028,5.34,296.01,0.02,0,0.0,22,0.1,0,0
tx-gen-001113,cust-0029,659.875,263.95,2.5,0,0.0,23,0.1,0,0
tx-gen-001114,cust-0027,51.09,91.53,0.56,1,0.0,6,0.1,1,0
tx-gen-001115,cust-0028,143.58,296.01,0.49,1,0.0,16,0.1,0,0
tx-gen-001116,cust-0010,249.7,219.36,1.14,2,0.0,4,0.4,0,0
tx-gen-001117,cust-0038,32.61,132.45,0.25,0,0.0,1,0.1,1,0
tx-gen-001118,cust-0027,228.825,91.53,2.5,0,0.0,1,0.4,0,0
tx-gen-001119,cust-0012,162.23,105.11,1.54,0,0.0,8,0.4,0,0
tx-gen-001120,cust-0020,21.26,227.03,0.09,0,0.0,15,0.1,0,0
tx-gen-001121,cust-0002,56.36,104.26,0.54,0,0.0,0,0.1,0,0
tx-gen-001122,cust-0041,194.05,91.84,2.11,0,0.0,12,0.1,0,0
tx-gen-001123,cust-0045,666.55,266.62,2.5,0,0.0,14,0.1,0,0
tx-gen-001124,cust-0005,33.69,53.47,0.63,0,0.0,22,0.4,0,0
tx-gen-001125,cust-0017,54.74,57.6,0.95,0,0.0,7,0.1,0,0
tx-gen-001126,cust-0002,19.05,104.26,0.18,0,0.0,19,0.4,0,0
tx-gen-001127,cust-0045,666.55,266.62,2.5,0,0.0,20,0.1,0,0
tx-gen-001128,cust-0023,66.92,253.94,0.26,0,0.0,13,0.4,0,0
tx-gen-001129,cust-0013,587.2,234.88,2.5,0,0.0,16,0.1,0,0
tx-gen-001130,cust-0021,66.81,63.7,1.05,0,0.0,9,0.1,0,0
tx-gen-001131,cust-0007,83.32,89.03,0.94,0,0.0,0,0.1,0,0
tx-gen-001132,cust-0024,193.42,269.07,0.72,1,0.0,12,0.1,0,0
tx-gen-001133,cust-0014,57.3,218.5,0.26,0,0.0,3,0.1,0,0
tx-gen-001134,cust-0045,51.78,266.62,0.19,0,0.0,20,0.4,0,0
tx-gen-001135,cust-0008,47.96,192.55,0.25,1,0.0,22,0.1,1,0
tx-gen-001136,cust-0031,52.66,255.21,0.21,1,0.0,0,0.1,0,0
tx-gen-001137,cust-0039,326.34,215.8,1.51,0,0.0,3,0.1,0,0
tx-gen-001138,cust-0008,82.98,192.55,0.43,0,0.0,22,0.1,0,0
tx-gen-001139,cust-0006,5.0,38.58,0.13,0,0.0,4,0.1,0,0
tx-gen-001140,cust-0028,740.025,296.01,2.5,0,0.0,19,0.1,0,0
tx-gen-001141,cust-0004,457.82,212.71,2.15,0,0.0,0,0.1,0,0
tx-gen-001142,cust-0049,169.25,67.7,2.5,0,0.0,6,0.4,1,0
tx-gen-001143,cust-0012,262.775,105.11,2.5,0,0.0,15,0.1,0,0
tx-gen-001144,cust-0018,10.72,56.11,0.19,0,0.0,15,0.1,0,0
tx-gen-001145,cust-0047,69.04,136.82,0.5,0,0.0,22,0.4,0,0
tx-gen-001146,cust-0049,648.86,67.7,9.58,7,2116.0,18,0.4,1,1
tx-gen-001147,cust-0014,310.23,218.5,1.42,0,0.0,5,0.1,0,0
tx-gen-001148,cust-0044,329.31,276.55,1.19,2,0.0,11,0.1,0,0
tx-gen-001149,cust-0033,35.25,210.95,0.17,0,0.0,6,0.1,0,0
tx-gen-001150,cust-0009,141.6,83.69,1.69,0,0.0,21,0.1,0,0
tx-gen-001151,cust-0021,16.19,63.7,0.25,0,0.0,0,0.1,0,0
tx-gen-001152,cust-0044,70.07,276.55,0.25,0,0.0,9,0.1,0,0
tx-gen-001153,cust-0028,227.92,296.01,0.77,1,0.0,8,0.1,0,0
tx-gen-001154,cust-0001,53.98,60.06,0.9,0,0.0,18,0.1,0,0
tx-gen-001155,cust-0044,239.96,276.55,0.87,0,0.0,1,0.1,0,0
tx-gen-001156,cust-0007,8.54,89.03,0.1,0,0.0,8,0.1,0,0
tx-gen-001157,cust-0013,493.09,234.88,2.1,0,0.0,19,0.1,0,0
tx-gen-001158,cust-0032,40.12,129.95,0.31,0,0.0,23,0.4,0,0
tx-gen-001159,cust-0042,34.31,247.36,0.14,0,0.0,9,0.1,1,0
tx-gen-001160,cust-0032,285.36,129.95,2.2,0,0.0,9,0.1,0,0
tx-gen-001161,cust-0032,324.875,129.95,2.5,0,0.0,6,0.1,0,0
tx-gen-001162,cust-0005,105.95,53.47,1.98,0,0.0,10,0.1,0,0
tx-gen-001163,cust-0010,363.74,219.36,1.66,0,0.0,17,0.1,0,0
tx-gen-001164,cust-0034,301.26,282.9,1.06,0,0.0,10,0.1,0,0
tx-gen-001165,cust-0033,168.85,210.95,0.8,0,0.0,6,0.4,1,0
tx-gen-001166,cust-0003,6.16,67.68,0.09,0,0.0,20,0.1,0,0
tx-gen-001167,cust-0029,138.58,263.95,0.53,0,0.0,23,0.1,0,0
tx-gen-001168,cust-0020,105.87,227.03,0.47,0,0.0,22,0.1,0,0
tx-gen-001169,cust-0025,55.91,185.89,0.3,0,0.0,22,0.4,0,0
tx-gen-001170,cust-0044,355.44,276.55,1.29,0,0.0,18,0.1,0,0
tx-gen-001171,cust-0004,145.69,212.71,0.68,2,0.0,0,0.4,0,0
tx-gen-001172,cust-0023,21.46,253.94,0.08,0,0.0,21,0.1,0,0
tx-gen-001173,cust-0009,20.81,83.69,0.25,0,0.0,18,0.4,0,0
tx-gen-001174,cust-0022,58.96,51.28,1.15,2,0.0,23,0.1,0,0
tx-gen-001175,cust-0004,16.84,212.71,0.08,0,0.0,12,0.1,0,0
tx-gen-001176,cust-0045,507.96,266.62,1.91,0,0.0,18,0.1,0,0
tx-gen-001177,cust-0021,43.54,63.7,0.68,0,0.0,20,0.1,1,0
tx-gen-001178,cust-0018,476.82,56.11,8.5,7,9880.0,18,0.8,1,1
tx-gen-001179,cust-0007,58.32,89.03,0.66,0,0.0,2,0.1,0,0
tx-gen-001180,cust-0049,60.76,67.7,0.9,0,0.0,4,0.4,1,0
tx-gen-001181,cust-0013,408.96,234.88,1.74,0,0.0,20,0.4,0,0
tx-gen-001182,cust-0020,97.04,227.03,0.43,0,0.0,14,0.1,1,0
tx-gen-001183,cust-0046,99.06,87.41,1.13,0,0.0,14,0.4,0,0
tx-gen-001184,cust-0034,235.97,282.9,0.83,0,0.0,2,0.1,0,0
tx-gen-001185,cust-0020,70.53,227.03,0.31,0,0.0,7,0.1,0,0
tx-gen-001186,cust-0027,193.03,91.53,2.11,0,0.0,21,0.4,0,0
tx-gen-001187,cust-0012,167.82,105.11,1.6,1,0.0,3,0.4,0,0
tx-gen-001188,cust-0014,234.73,218.5,1.07,1,0.0,12,0.1,0,0
tx-gen-001189,cust-0040,408.43,214.85,1.9,0,0.0,11,0.4,0,0
tx-gen-001190,cust-0013,474.37,234.88,2.02,0,0.0,10,0.1,0,0
tx-gen-001191,cust-0020,279.76,227.03,1.23,1,0.0,8,0.1,1,0
tx-gen-001192,cust-0041,166.61,91.84,1.81,1,0.0,12,0.1,0,0
tx-gen-001193,cust-0017,68.87,57.6,1.2,0,0.0,11,0.1,0,0
tx-gen-001194,cust-0002,118.84,104.26,1.14,0,0.0,6,0.1,1,0
tx-gen-001195,cust-0028,285.33,296.01,0.96,0,0.0,8,0.1,0,0
tx-gen-001196,cust-0017,80.48,57.6,1.4,0,0.0,6,0.4,0,0
tx-gen-001197,cust-0047,23.63,136.82,0.17,1,0.0,19,0.1,0,0
tx-gen-001198,cust-0039,459.12,215.8,2.13,1,0.0,18,0.1,0,0
tx-gen-001199,cust-0006,79.26,38.58,2.05,0,0.0,19,0.1,0,0
tx-gen-001200,cust-0008,5.72,192.55,0.03,0,0.0,19,0.4,0,0
tx-gen-001201,cust-0016,504.11,288.45,1.75,1,0.0,12,0.1,0,0
tx-gen-001202,cust-0048,21.23,153.89,0.14,0,0.0,11,0.1,0,0
tx-gen-001203,cust-0018,22.9,56.11,0.41,0,0.0,3,0.4,0,0
tx-gen-001204,cust-0045,362.78,266.62,1.36,0,0.0,19,0.4,0,0
tx-gen-001205,cust-0018,9.83,56.11,0.18,0,0.0,4,0.1,0,0
tx-gen-001206,cust-0020,861.78,227.03,3.8,8,4426.0,3,0.1,0,1
tx-gen-001207,cust-0017,98.13,57.6,1.7,1,0.0,3,0.1,0,0
tx-gen-001208,cust-0035,87.94,49.28,1.78,0,0.0,6,0.1,1,0
tx-gen-001209,cust-0017,40.79,57.6,0.71,0,0.0,10,0.1,0,0
tx-gen-001210,cust-0029,5.0,263.95,0.02,0,0.0,15,0.1,0,0
tx-gen-001211,cust-0006,13.05,38.58,0.34,0,0.0,18,0.1,1,0
tx-gen-001212,cust-0022,49.2,51.28,0.96,0,0.0,3,0.1,0,0
tx-gen-001213,cust-0023,634.85,253.94,2.5,0,0.0,20,0.1,0,0
tx-gen-001214,cust-0004,212.53,212.71,1.0,0,0.0,17,0.1,0,0
tx-gen-001215,cust-0026,14.67,48.78,0.3,0,0.0,19,0.1,0,0
tx-gen-001216,cust-0016,289.93,288.45,1.01,1,0.0,2,0.1,0,0
tx-gen-001217,cust-0021,49.46,63.7,0.78,0,0.0,3,0.1,0,0
tx-gen-001218,cust-0021,96.41,63.7,1.51,0,0.0,1,0.1,0,0
tx-gen-001219,cust-0025,21.03,185.89,0.11,0,0.0,22,0.1,0,0
tx-gen-001220,cust-0036,109.09,76.21,1.43,1,0.0,0,0.1,1,0
tx-gen-001221,cust-0013,183.04,234.88,0.78,0,0.0,8,0.1,0,0
tx-gen-001222,cust-0017,144.0,57.6,2.5,1,0.0,11,0.1,0,0
tx-gen-001223,cust-0046,36.57,87.41,0.42,0,0.0,7,0.1,0,0
tx-gen-001224,cust-0013,235.2,234.88,1.0,0,0.0,5,0.1,0,0
tx-gen-001225,cust-0028,740.025,296.01,2.5,2,0.0,14,0.1,0,0
tx-gen-001226,cust-0044,29.91,276.55,0.11,0,0.0,10,0.1,0,0
tx-gen-001227,cust-0017,144.0,57.6,2.5,0,0.0,1,0.1,0,0
tx-gen-001228,cust-0030,122.32,105.05,1.16,1,0.0,16,0.1,1,0
tx-gen-001229,cust-0026,5.0,48.78,0.1,0,0.0,21,0.1,0,0
tx-gen-001230,cust-0007,31.88,89.03,0.36,1,0.0,17,0.1,0,0
tx-gen-001231,cust-0023,312.75,253.94,1.23,0,0.0,10,0.1,0,0
tx-gen-001232,cust-0025,12.96,185.89,0.07,0,0.0,22,0.1,0,0
tx-gen-001233,cust-0003,59.06,67.68,0.87,0,0.0,16,0.1,1,0
tx-gen-001234,cust-0030,44.59,105.05,0.42,0,0.0,21,0.4,0,0
tx-gen-001235,cust-0021,61.79,63.7,0.97,1,0.0,15,0.1,0,0
tx-gen-001236,cust-0048,7.21,153.89,0.05,1,0.0,3,0.1,0,0
tx-gen-001237,cust-0049,138.93,67.7,2.05,0,0.0,1,0.1,0,0
tx-gen-001238,cust-0048,384.72499999999997,153.89,2.5,1,0.0,18,0.4,0,0
tx-gen-001239,cust-0029,659.875,263.95,2.5,0,0.0,12,0.1,0,0
tx-gen-001240,cust-0017,79.77,57.6,1.38,0,0.0,12,0.1,0,0
tx-gen-001241,cust-0032,18.11,129.95,0.14,0,0.0,10,0.4,0,0
tx-gen-001242,cust-0047,194.27,136.82,1.42,0,0.0,6,0.1,0,0
tx-gen-001243,cust-0012,5.0,105.11,0.05,0,0.0,7,0.1,0,0
tx-gen-001244,cust-0014,5.0,218.5,0.02,0,0.0,9,0.4,0,0
tx-gen-001245,cust-0005,20.91,53.47,0.39,1,0.0,8,0.1,0,0
tx-gen-001246,cust-0044,185.48,276.55,0.67,0,0.0,2,0.1,1,0
tx-gen-001247,cust-0007,131.0,89.03,1.47,0,0.0,23,0.1,0,0
tx-gen-001248,cust-0043,117.61,102.29,1.15,0,0.0,4,0.1,0,0
tx-gen-001249,cust-0003,39.96,67.68,0.59,1,0.0,5,0.1,1,0
tx-gen-001250,cust-0037,30.72,96.1,0.32,0,0.0,10,0.1,0,0
tx-gen-001251,cust-0005,133.675,53.47,2.5,0,0.0,19,0.1,0,0
tx-gen-001252,cust-0016,160.22,288.45,0.56,0,0.0,7,0.1,0,0
tx-gen-001253,cust-0025,111.6,185.89,0.6,0,0.0,22,0.1,0,0
tx-gen-001254,cust-0028,52.89,296.01,0.18,0,0.0,5,0.4,0,0
tx-gen-001255,cust-0024,426.16,269.07,1.58,1,0.0,13,0.1,0,0
tx-gen-001256,cust-0037,113.7,96.1,1.18,1,0.0,5,0.1,0,0
tx-gen-001257,cust-0028,73.84,296.01,0.25,0,0.0,11,0.1,1,0
tx-gen-001258,cust-0044,23.78,276.55,0.09,0,0.0,2,0.1,0,0
tx-gen-001259,cust-0006,44.02,38.58,1.14,1,0.0,19,0.1,0,0
tx-gen-001260,cust-0010,233.13,219.36,1.06,0,0.0,8,0.1,0,0
tx-gen-001261,cust-0004,67.89,212.71,0.32,0,0.0,2,0.4,0,0
tx-gen-001262,cust-0007,222.575,89.03,2.5,0,0.0,17,0.1,0,0
tx-gen-001263,cust-0050,29.73,181.57,0.16,0,0.0,8,0.1,0,0
tx-gen-001264,cust-0026,27.62,48.78,0.57,0,0.0,21,0.1,0,0
tx-gen-001265,cust-0049,169.25,67.7,2.5,0,0.0,18,0.1,1,0
tx-gen-001266,cust-0012,57.21,105.11,0.54,0,0.0,2,0.4,0,0
tx-gen-001267,cust-0028,301.21,296.01,1.02,0,0.0,12,0.1,0,0
tx-gen-001268,cust-0031,129.35,255.21,0.51,0,0.0,20,0.4,0,0
tx-gen-001269,cust-0040,68.86,214.85,0.32,0,0.0,22,0.1,0,0
tx-gen-001270,cust-0013,587.2,234.88,2.5,1,0.0,10,0.1,0,0
tx-gen-001271,cust-0042,130.24,247.36,0.53,1,0.0,0,0.1,0,0
tx-gen-001272,cust-0035,110.65,49.28,2.25,0,0.0,9,0.1,0,0
tx-gen-001273,cust-0008,50.31,192.55,0.26,2,0.0,20,0.1,0,0
tx-gen-001274,cust-0029,63.26,263.95,0.24,0,0.0,7,0.1,0,0
tx-gen-001275,cust-0004,6.73,212.71,0.03,2,0.0,8,0.1,0,0
tx-gen-001276,cust-0048,162.29,153.89,1.05,0,0.0,10,0.1,0,0
tx-gen-001277,cust-0033,96.97,210.95,0.46,0,0.0,15,0.1,0,0
tx-gen-001278,cust-0002,208.28,104.26,2.0,0,0.0,17,0.4,0,0
tx-gen-001279,cust-0027,58.67,91.53,0.64,0,0.0,15,0.1,0,0
tx-gen-001280,cust-0029,659.875,263.95,2.5,0,0.0,21,0.1,0,0
tx-gen-001281,cust-0023,52.11,253.94,0.21,0,0.0,4,0.1,0,0
tx-gen-001282,cust-0039,438.01,215.8,2.03,0,0.0,19,0.1,0,0
tx-gen-001283,cust-0046,131.01,87.41,1.5,0,0.0,22,0.1,0,0
tx-gen-001284,cust-0011,131.92,89.52,1.47,0,0.0,17,0.1,0,0
tx-gen-001285,cust-0013,437.57,234.88,1.86,0,0.0,19,0.1,1,0
tx-gen-001286,cust-0032,186.01,129.95,1.43,0,0.0,1,0.4,0,0
tx-gen-001287,cust-0017,56.68,57.6,0.98,1,0.0,10,0.1,0,0
tx-gen-001288,cust-0003,9.52,67.68,0.14,0,0.0,17,0.1,0,0
tx-gen-001289,cust-0036,5.0,76.21,0.07,0,0.0,11,0.1,0,0
tx-gen-001290,cust-0050,453.92499999999995,181.57,2.5,1,0.0,8,0.1,0,0
tx-gen-001291,cust-0039,206.91,215.8,0.96,0,0.0,14,0.1,1,0
tx-gen-001292,cust-0049,107.8,67.7,1.59,0,0.0,15,0.4,0,0
tx-gen-001293,cust-0007,58.48,89.03,0.66,0,0.0,19,0.4,0,0
tx-gen-001294,cust-0014,27.26,218.5,0.12,0,0.0,7,0.1,0,0
tx-gen-001295,cust-0032,17.38,129.95,0.13,0,0.0,0,0.1,0,0
tx-gen-001296,cust-0009,96.83,83.69,1.16,2,0.0,9,0.1,0,0
tx-gen-001297,cust-0001,33.79,60.06,0.56,0,0.0,2,0.1,0,0
tx-gen-001298,cust-0018,12.56,56.11,0.22,0,0.0,18,0.1,0,0
tx-gen-001299,cust-0049,45.8,67.7,0.68,0,0.0,9,0.1,0,0
tx-gen-001300,cust-0027,6.07,91.53,0.07,1,0.0,23,0.1,0,0
tx-gen-001301,cust-0050,2091.86,181.57,11.52,5,3192.0,2,0.8,1,1
tx-gen-001302,cust-0028,258.18,296.01,0.87,1,0.0,9,0.1,0,0
tx-gen-001303,cust-0041,28.78,91.84,0.31,0,0.0,7,0.1,0,0
tx-gen-001304,cust-0045,425.87,266.62,1.6,1,0.0,16,0.1,0,0
tx-gen-001305,cust-0018,20.85,56.11,0.37,0,0.0,13,0.1,0,0
tx-gen-001306,cust-0014,132.71,218.5,0.61,0,0.0,19,0.4,0,0
tx-gen-001307,cust-0042,5.0,247.36,0.02,0,0.0,22,0.1,0,0
tx-gen-001308,cust-0025,13.98,185.89,0.08,2,0.0,11,0.4,0,0
tx-gen-001309,cust-0006,19.23,38.58,0.5,0,0.0,10,0.4,0,0
tx-gen-001310,cust-0002,889.99,104.26,8.54,8,8778.0,3,0.8,1,1
tx-gen-001311,cust-0008,125.89,192.55,0.65,0,0.0,22,0.1,0,0
tx-gen-001312,cust-0004,194.92,212.71,0.92,0,0.0,8,0.1,0,0
tx-gen-001313,cust-0030,36.22,105.05,0.34,0,0.0,11,0.4,0,0
tx-gen-001314,cust-0041,109.05,91.84,1.19,0,0.0,4,0.1,0,0
tx-gen-001315,cust-0046,171.93,87.41,1.97,0,0.0,17,0.1,0,0
tx-gen-001316,cust-0021,96.41,63.7,1.51,0,0.0,12,0.1,0,0
tx-gen-001317,cust-0028,11.97,296.01,0.04,0,0.0,11,0.1,0,0
tx-gen-001318,cust-0031,167.14,255.21,0.65,0,0.0,2,0.1,0,0
tx-gen-001319,cust-0036,8.45,76.21,0.11,0,0.0,22,0.1,0,0
tx-gen-001320,cust-0029,73.15,263.95,0.28,1,0.0,13,0.1,0,0
tx-gen-001321,cust-0009,209.225,83.69,2.5,2,0.0,15,0.1,0,0
tx-gen-001322,cust-0034,43.49,282.9,0.15,0,0.0,8,0.1,0,0
tx-gen-001323,cust-0036,52.66,76.21,0.69,1,0.0,19,0.4,0,0
tx-gen-001324,cust-0024,259.05,269.07,0.96,0,0.0,15,0.4,0,0
tx-gen-001325,cust-0024,326.17,269.07,1.21,0,0.0,5,0.1,0,0
tx-gen-001326,cust-0038,108.63,132.45,0.82,0,0.0,18,0.1,0,0
tx-gen-001327,cust-0032,839.93,129.95,6.46,6,9769.0,20,0.8,1,1
tx-gen-001328,cust-0029,5.0,263.95,0.02,1,0.0,8,0.1,0,0
tx-gen-001329,cust-0009,33.08,83.69,0.4,0,0.0,22,0.1,0,0
tx-gen-001330,cust-0010,159.96,219.36,0.73,0,0.0,14,0.1,0,0
tx-gen-001331,cust-0027,8.42,91.53,0.09,0,0.0,23,0.1,1,0
tx-gen-001332,cust-0029,113.96,263.95,0.43,1,0.0,19,0.1,0,0
tx-gen-001333,cust-0037,5.0,96.1,0.05,0,0.0,2,0.4,0,0
tx-gen-001334,cust-0006,5.0,38.58,0.13,0,0.0,7,0.4,0,0
tx-gen-001335,cust-0037,48.6,96.1,0.51,1,0.0,7,0.4,0,0
tx-gen-001336,cust-0035,7.02,49.28,0.14,0,0.0,17,0.1,0,0
tx-gen-001337,cust-0046,73.27,87.41,0.84,0,0.0,18,0.1,0,0
tx-gen-001338,cust-0021,74.49,63.7,1.17,1,0.0,2,0.1,0,0
tx-gen-001339,cust-0028,477.28,296.01,1.61,0,0.0,4,0.4,0,0
tx-gen-001340,cust-0008,43.0,192.55,0.22,0,0.0,7,0.1,0,0
tx-gen-001341,cust-0050,33.28,181.57,0.18,0,0.0,22,0.1,0,0
tx-gen-001342,cust-0021,7.04,63.7,0.11,0,0.0,7,0.1,0,0
tx-gen-001343,cust-0027,92.61,91.53,1.01,1,0.0,11,0.1,0,0
tx-gen-001344,cust-0004,260.74,212.71,1.23,0,0.0,8,0.4,0,0
tx-gen-001345,cust-0033,6.77,210.95,0.03,0,0.0,11,0.1,0,0
tx-gen-001346,cust-0027,228.825,91.53,2.5,0,0.0,15,0.1,1,0
tx-gen-001347,cust-0002,5.56,104.26,0.05,0,0.0,8,0.1,0,0
tx-gen-001348,cust-0009,65.22,83.69,0.78,0,0.0,0,0.1,0,0
tx-gen-001349,cust-0014,269.77,218.5,1.23,0,0.0,23,0.1,0,0
tx-gen-001350,cust-0016,590.66,288.45,2.05,0,0.0,13,0.4,0,0
tx-gen-001351,cust-0030,131.53,105.05,1.25,0,0.0,12,0.1,0,0
tx-gen-001352,cust-0004,344.19,212.71,1.62,0,0.0,21,0.1,0,0
tx-gen-001353,cust-0025,77.09,185.89,0.41,0,0.0,13,0.1,0,0
tx-gen-001354,cust-0003,114.14,67.68,1.69,0,0.0,14,0.4,0,0
tx-gen-001355,cust-0045,22.26,266.62,0.08,2,0.0,17,0.4,0,0
tx-gen-001356,cust-0014,492.07,218.5,2.25,0,0.0,23,0.1,1,0
tx-gen-001357,cust-0046,69.33,87.41,0.79,0,0.0,9,0.1,0,0
tx-gen-001358,cust-0039,366.84,215.8,1.7,0,0.0,4,0.1,0,0
tx-gen-001359,cust-0001,36.16,60.06,0.6,1,0.0,14,0.4,0,0
tx-gen-001360,cust-0049,69.84,67.7,1.03,0,0.0,9,0.1,0,0
tx-gen-001361,cust-0043,76.45,102.29,0.75,2,0.0,5,0.1,0,0
tx-gen-001362,cust-0039,283.83,215.8,1.32,0,0.0,3,0.1,0,0
tx-gen-001363,cust-0013,20.0,234.88,0.09,0,0.0,3,0.1,0,0
tx-gen-001364,cust-0046,5.44,87.41,0.06,0,0.0,4,0.4,0,0
tx-gen-001365,cust-0015,29.81,105.03,0.28,0,0.0,22,0.1,0,0
tx-gen-001366,cust-0046,15.19,87.41,0.17,0,0.0,0,0.1,0,0
tx-gen-001367,cust-0026,100.2,48.78,2.05,0,0.0,5,0.4,0,0
tx-gen-001368,cust-0013,58.12,234.88,0.25,0,0.0,11,0.4,0,0
tx-gen-001369,cust-0009,209.225,83.69,2.5,1,0.0,14,0.1,0,0
tx-gen-001370,cust-0034,116.22,282.9,0.41,1,0.0,23,0.1,0,0
tx-gen-001371,cust-0045,53.6,266.62,0.2,0,0.0,22,0.1,0,0
tx-gen-001372,cust-0001,93.65,60.06,1.56,1,0.0,8,0.1,0,0
tx-gen-001373,cust-0027,98.4,91.53,1.08,0,0.0,4,0.1,0,0
tx-gen-001374,cust-0003,46.67,67.68,0.69,0,0.0,10,0.1,0,0
tx-gen-001375,cust-0029,213.93,263.95,0.81,0,0.0,16,0.1,0,0
tx-gen-001376,cust-0002,132.42,104.26,1.27,2,0.0,12,0.1,1,0
tx-gen-001377,cust-0013,60.92,234.88,0.26,0,0.0,6,0.1,0,0
tx-gen-001378,cust-0031,638.025,255.21,2.5,0,0.0,4,0.4,1,0
tx-gen-001379,cust-0017,144.0,57.6,2.5,2,0.0,2,0.1,0,0
tx-gen-001380,cust-0022,53.88,51.28,1.05,0,0.0,13,0.1,0,0
tx-gen-001381,cust-0049,15.07,67.7,0.22,0,0.0,15,0.4,1,0
tx-gen-001382,cust-0003,77.17,67.68,1.14,0,0.0,22,0.1,0,0
tx-gen-001383,cust-0004,15.94,212.71,0.07,0,0.0,23,0.1,0,0
tx-gen-001384,cust-0036,5.0,76.21,0.07,0,0.0,17,0.1,0,0
tx-gen-001385,cust-0015,31.3,105.03,0.3,0,0.0,19,0.1,0,0
tx-gen-001386,cust-0028,183.84,296.01,0.62,0,0.0,8,0.1,1,0
tx-gen-001387,cust-0002,211.34,104.26,2.03,0,0.0,20,0.4,0,0
tx-gen-001388,cust-0039,280.3,215.8,1.3,1,0.0,23,0.1,0,0
tx-gen-001389,cust-0033,286.37,210.95,1.36,0,0.0,7,0.1,0,0
tx-gen-001390,cust-0016,159.87,288.45,0.55,0,0.0,0,0.1,0,0
tx-gen-001391,cust-0033,89.56,210.95,0.42,0,0.0,13,0.1,0,0
tx-gen-001392,cust-0010,101.71,219.36,0.46,0,0.0,2,0.4,0,0
tx-gen-001393,cust-0001,150.15,60.06,2.5,0,0.0,20,0.1,0,0
tx-gen-001394,cust-0036,5.0,76.21,0.07,0,0.0,10,0.1,0,0
tx-gen-001395,cust-0013,473.9,234.88,2.02,0,0.0,2,0.1,0,0
tx-gen-001396,cust-0030,90.8,105.05,0.86,0,0.0,3,0.4,0,0
tx-gen-001397,cust-0020,131.08,227.03,0.58,0,0.0,18,0.1,0,0
tx-gen-001398,cust-0003,87.44,67.68,1.29,0,0.0,8,0.1,0,0
tx-gen-001399,cust-0014,145.7,218.5,0.67,0,0.0,4,0.1,0,0
tx-gen-001400,cust-0001,124.14,60.06,2.07,0,0.0,17,0.1,0,0
tx-gen-001401,cust-0019,445.78,193.01,2.31,1,0.0,11,0.4,0,0
tx-gen-001402,cust-0002,57.1,104.26,0.55,0,0.0,20,0.1,0,0
tx-gen-001403,cust-0012,34.07,105.11,0.32,0,0.0,11,0.1,0,0
tx-gen-001404,cust-0017,51.69,57.6,0.9,0,0.0,21,0.1,0,0
tx-gen-001405,cust-0008,468.77,192.55,2.43,0,0.0,3,0.1,0,0
tx-gen-001406,cust-0024,63.65,269.07,0.24,1,0.0,23,0.4,0,0
tx-gen-001407,cust-0005,52.16,53.47,0.98,0,0.0,21,0.1,0,0
tx-gen-001408,cust-0024,268.66,269.07,1.0,1,0.0,2,0.1,0,0
tx-gen-001409,cust-0038,174.96,132.45,1.32,0,0.0,17,0.1,0,0
tx-gen-001410,cust-0004,30.01,212.71,0.14,1,0.0,11,0.1,1,0
tx-gen-001411,cust-0032,163.5,129.95,1.26,0,0.0,9,0.1,0,0
tx-gen-001412,cust-0011,214.6,89.52,2.4,0,0.0,17,0.4,0,0
tx-gen-001413,cust-0012,20.82,105.11,0.2,0,0.0,0,0.4,0,0
tx-gen-001414,cust-0032,35.24,129.95,0.27,0,0.0,21,0.1,0,0
tx-gen-001415,cust-0042,618.4000000000001,247.36,2.5,0,0.0,23,0.1,0,0
tx-gen-001416,cust-0014,43.62,218.5,0.2,0,0.0,7,0.4,0,0
tx-gen-001417,cust-0017,110.98,57.6,1.93,0,0.0,5,0.1,0,0
tx-gen-001418,cust-0015,71.19,105.03,0.68,0,0.0,8,0.4,0,0
tx-gen-001419,cust-0030,29.83,105.05,0.28,0,0.0,10,0.1,0,0
tx-gen-001420,cust-0012,215.06,105.11,2.05,0,0.0,4,0.1,0,0
tx-gen-001421,cust-0033,124.32,210.95,0.59,0,0.0,14,0.1,1,0
tx-gen-001422,cust-0007,64.39,89.03,0.72,0,0.0,18,0.1,0,0
tx-gen-001423,cust-0044,123.09,276.55,0.45,0,0.0,13,0.1,0,0
tx-gen-001424,cust-0009,75.22,83.69,0.9,0,0.0,10,0.1,0,0
tx-gen-001425,cust-0023,45.34,253.94,0.18,1,0.0,18,0.1,0,0
tx-gen-001426,cust-0001,29.79,60.06,0.5,1,0.0,15,0.1,0,0
tx-gen-001427,cust-0047,342.04999999999995,136.82,2.5,0,0.0,4,0.1,0,0
tx-gen-001428,cust-0049,20.21,67.7,0.3,0,0.0,23,0.1,0,0
tx-gen-001429,cust-0013,251.15,234.88,1.07,0,0.0,0,0.1,0,0
tx-gen-001430,cust-0002,41.01,104.26,0.39,0,0.0,13,0.1,0,0
tx-gen-001431,cust-0032,192.96,129.95,1.48,0,0.0,6,0.1,0,0
tx-gen-001432,cust-0049,9.5,67.7,0.14,0,0.0,22,0.1,0,0
tx-gen-001433,cust-0003,169.20000000000002,67.68,2.5,0,0.0,23,0.1,0,0
tx-gen-001434,cust-0039,130.51,215.8,0.6,0,0.0,13,0.1,0,0
tx-gen-001435,cust-0035,13.27,49.28,0.27,0,0.0,5,0.1,1,0
tx-gen-001436,cust-0041,7.01,91.84,0.08,0,0.0,11,0.1,0,0
tx-gen-001437,cust-0003,12.59,67.68,0.19,0,0.0,22,0.1,0,0
tx-gen-001438,cust-0025,136.35,185.89,0.73,0,0.0,5,0.1,0,0
tx-gen-001439,cust-0004,87.42,212.71,0.41,0,0.0,0,0.1,1,0
tx-gen-001440,cust-0026,86.12,48.78,1.77,0,0.0,1,0.1,0,0
tx-gen-001441,cust-0005,30.14,53.47,0.56,1,0.0,19,0.1,0,0
tx-gen-001442,cust-0046,25.0,87.41,0.29,0,0.0,10,0.4,0,0
tx-gen-001443,cust-0013,225.51,234.88,0.96,0,0.0,18,0.1,1,0
tx-gen-001444,cust-0029,323.82,263.95,1.23,1,0.0,8,0.4,0,0
tx-gen-001445,cust-0037,17.56,96.1,0.18,0,0.0,21,0.1,0,0
tx-gen-001446,cust-0019,35.41,193.01,0.18,0,0.0,12,0.1,0,0
tx-gen-001447,cust-0020,8.48,227.03,0.04,0,0.0,22,0.1,0,0
tx-gen-001448,cust-0047,182.43,136.82,1.33,0,0.0,0,0.1,0,0
tx-gen-001449,cust-0045,290.63,266.62,1.09,0,0.0,19,0.1,0,0
tx-gen-001450,cust-0019,124.23,193.01,0.64,1,0.0,1,0.1,0,0
tx-gen-001451,cust-0049,125.85,67.7,1.86,0,0.0,13,0.1,0,0
tx-gen-001452,cust-0050,297.45,181.57,1.64,0,0.0,1,0.1,0,0
tx-gen-001453,cust-0030,987.8,105.05,9.4,6,7042.0,3,0.8,1,1
tx-gen-001454,cust-0013,206.77,234.88,0.88,0,0.0,23,0.1,1,0
tx-gen-001455,cust-0021,129.12,63.7,2.03,0,0.0,6,0.1,0,0
tx-gen-001456,cust-0043,23.57,102.29,0.23,0,0.0,20,0.1,0,0
tx-gen-001457,cust-0011,10.63,89.52,0.12,0,0.0,15,0.4,0,0
tx-gen-001458,cust-0035,15.49,49.28,0.31,0,0.0,7,0.1,0,0
tx-gen-001459,cust-0018,5.0,56.11,0.09,0,0.0,14,0.1,0,0
tx-gen-001460,cust-0044,209.49,276.55,0.76,1,0.0,5,0.1,0,0
tx-gen-001461,cust-0042,618.4000000000001,247.36,2.5,0,0.0,8,0.1,0,0
tx-gen-001462,cust-0039,2162.42,215.8,10.02,4,762.0,8,0.8,1,1
tx-gen-001463,cust-0027,582.63,91.53,6.37,4,2082.0,7,0.1,0,1
tx-gen-001464,cust-0043,5.0,102.29,0.05,0,0.0,4,0.1,0,0
tx-gen-001465,cust-0021,8.3,63.7,0.13,0,0.0,1,0.1,1,0
tx-gen-001466,cust-0026,29.36,48.78,0.6,0,0.0,23,0.1,0,0
tx-gen-001467,cust-0012,650.43,105.11,6.19,6,5062.0,12,0.4,1,1
tx-gen-001468,cust-0042,618.4000000000001,247.36,2.5,1,0.0,23,0.1,0,0
tx-gen-001469,cust-0050,69.0,181.57,0.38,0,0.0,6,0.4,1,0
tx-gen-001470,cust-0037,68.01,96.1,0.71,0,0.0,14,0.4,0,0
tx-gen-001471,cust-0025,7.89,185.89,0.04,0,0.0,2,0.1,0,0
tx-gen-001472,cust-0045,42.81,266.62,0.16,0,0.0,21,0.1,0,0
tx-gen-001473,cust-0038,331.125,132.45,2.5,0,0.0,12,0.1,0,0
tx-gen-001474,cust-0001,150.15,60.06,2.5,0,0.0,2,0.1,0,0
tx-gen-001475,cust-0049,5.0,67.7,0.07,0,0.0,5,0.1,0,0
tx-gen-001476,cust-0013,587.2,234.88,2.5,0,0.0,14,0.1,0,0
tx-gen-001477,cust-0029,269.02,263.95,1.02,0,0.0,22,0.1,0,0
tx-gen-001478,cust-0049,137.05,67.7,2.02,0,0.0,18,0.1,0,0
tx-gen-001479,cust-0047,82.98,136.82,0.61,0,0.0,1,0.1,1,0
tx-gen-001480,cust-0043,74.14,102.29,0.72,1,0.0,5,0.4,0,0
tx-gen-001481,cust-0012,70.54,105.11,0.67,1,0.0,13,0.1,0,0
tx-gen-001482,cust-0013,258.18,234.88,1.1,0,0.0,21,0.1,0,0
tx-gen-001483,cust-0036,11.46,76.21,0.15,0,0.0,14,0.1,0,0
tx-gen-001484,cust-0030,5.0,105.05,0.05,0,0.0,23,0.1,0,0
tx-gen-001485,cust-0020,83.56,227.03,0.37,0,0.0,19,0.1,0,0
tx-gen-001486,cust-0006,47.06,38.58,1.22,0,0.0,17,0.1,0,0
tx-gen-001487,cust-0028,66.74,296.01,0.23,1,0.0,10,0.1,0,0
tx-gen-001488,cust-0002,116.68,104.26,1.12,0,0.0,21,0.1,1,0
tx-gen-001489,cust-0039,539.5,215.8,2.5,0,0.0,7,0.1,0,0
tx-gen-001490,cust-0030,10.36,105.05,0.1,0,0.0,4,0.4,0,0
tx-gen-001491,cust-0046,97.6,87.41,1.12,0,0.0,2,0.1,0,0
tx-gen-001492,cust-0047,80.25,136.82,0.59,1,0.0,17,0.1,1,0
tx-gen-001493,cust-0048,311.79,153.89,2.03,0,0.0,13,0.1,0,0
tx-gen-001494,cust-0027,17.85,91.53,0.2,1,0.0,7,0.1,0,0
tx-gen-001495,cust-0049,79.87,67.7,1.18,0,0.0,5,0.1,0,0
tx-gen-001496,cust-0045,485.48,266.62,1.82,1,0.0,6,0.1,0,0
tx-gen-001497,cust-0016,721.125,288.45,2.5,0,0.0,21,0.1,0,0
tx-gen-001498,cust-0017,66.22,57.6,1.15,0,0.0,9,0.1,0,0
tx-gen-001499,cust-0043,70.33,102.29,0.69,0,0.0,2,0.1,0,0
tx-gen-001500,cust-0025,178.81,185.89,0.96,0,0.0,8,0.1,0,0
tx-gen-001501,cust-0028,601.44,296.01,2.03,0,0.0,20,0.1,0,0
tx-gen-001502,cust-0035,41.66,49.28,0.85,0,0.0,20,0.4,0,0
tx-gen-001503,cust-0047,5.0,136.82,0.04,0,0.0,22,0.4,0,0
tx-gen-001504,cust-0010,548.4000000000001,219.36,2.5,0,0.0,1,0.1,0,0
tx-gen-001505,cust-0011,104.71,89.52,1.17,0,0.0,3,0.1,0,0
tx-gen-001506,cust-0034,319.28,282.9,1.13,0,0.0,5,0.1,0,0
tx-gen-001507,cust-0046,21.23,87.41,0.24,0,0.0,6,0.1,0,0
tx-gen-001508,cust-0037,103.36,96.1,1.08,0,0.0,21,0.1,0,0
tx-gen-001509,cust-0049,33.89,67.7,0.5,0,0.0,5,0.1,0,0
tx-gen-001510,cust-0041,96.74,91.84,1.05,0,0.0,16,0.1,0,0
tx-gen-001511,cust-0022,387.79,51.28,7.56,3,618.0,8,0.1,1,1
tx-gen-001512,cust-0043,11.53,102.29,0.11,0,0.0,19,0.1,0,0
tx-gen-001513,cust-0025,199.37,185.89,1.07,0,0.0,4,0.1,0,0
tx-gen-001514,cust-0028,740.025,296.01,2.5,1,0.0,5,0.1,1,0
tx-gen-001515,cust-0043,5.05,102.29,0.05,2,0.0,14,0.1,0,0
tx-gen-001516,cust-0007,860.42,89.03,9.66,7,9193.0,13,0.1,1,1
tx-gen-001517,cust-0018,140.275,56.11,2.5,0,0.0,14,0.1,0,0
tx-gen-001518,cust-0031,133.32,255.21,0.52,2,0.0,2,0.1,1,0
tx-gen-001519,cust-0021,695.87,63.7,10.92,8,8438.0,18,0.8,1,1
tx-gen-001520,cust-0026,99.81,48.78,2.05,0,0.0,9,0.1,1,0
tx-gen-001521,cust-0031,389.2,255.21,1.53,0,0.0,3,0.1,0,0
tx-gen-001522,cust-0010,183.62,219.36,0.84,0,0.0,1,0.4,0,0
tx-gen-001523,cust-0006,51.74,38.58,1.34,0,0.0,22,0.1,0,0
tx-gen-001524,cust-0008,405.89,192.55,2.11,0,0.0,5,0.1,0,0
tx-gen-001525,cust-0043,52.96,102.29,0.52,2,0.0,14,0.1,0,0
tx-gen-001526,cust-0021,25.23,63.7,0.4,0,0.0,12,0.1,0,0
tx-gen-001527,cust-0043,112.66,102.29,1.1,0,0.0,8,0.4,0,0
tx-gen-001528,cust-0045,439.78,266.62,1.65,0,0.0,8,0.4,0,0
tx-gen-001529,cust-0042,355.38,247.36,1.44,2,0.0,17,0.4,0,0
tx-gen-001530,cust-0015,167.9,105.03,1.6,0,0.0,12,0.1,0,0
tx-gen-001531,cust-0048,88.02,153.89,0.57,0,0.0,3,0.1,0,0
tx-gen-001532,cust-0021,108.47,63.7,1.7,0,0.0,12,0.1,0,0
tx-gen-001533,cust-0013,30.08,234.88,0.13,0,0.0,13,0.1,0,0
tx-gen-001534,cust-0009,65.81,83.69,0.79,0,0.0,18,0.4,0,0
tx-gen-001535,cust-0035,5.0,49.28,0.1,1,0.0,18,0.1,0,0
tx-gen-001536,cust-0015,41.22,105.03,0.39,0,0.0,11,0.1,0,0
tx-gen-001537,cust-0043,46.69,102.29,0.46,0,0.0,3,0.4,0,0
tx-gen-001538,cust-0045,134.5,266.62,0.5,0,0.0,5,0.1,0,0
tx-gen-001539,cust-0019,229.48,193.01,1.19,2,0.0,6,0.1,0,0
tx-gen-001540,cust-0046,43.0,87.41,0.49,1,0.0,11,0.1,0,0
tx-gen-001541,cust-0032,77.38,129.95,0.6,2,0.0,5,0.1,0,0
tx-gen-001542,cust-0022,13.91,51.28,0.27,0,0.0,2,0.1,0,0
tx-gen-001543,cust-0034,132.17,282.9,0.47,0,0.0,16,0.1,0,0
tx-gen-001544,cust-0007,22.95,89.03,0.26,1,0.0,19,0.1,0,0
tx-gen-001545,cust-0030,7.99,105.05,0.08,0,0.0,12,0.1,0,0
tx-gen-001546,cust-0010,202.9,219.36,0.92,0,0.0,19,0.1,0,0
tx-gen-001547,cust-0007,98.22,89.03,1.1,2,0.0,10,0.1,0,0
tx-gen-001548,cust-0011,86.5,89.52,0.97,2,0.0,17,0.1,0,0
tx-gen-001549,cust-0004,132.45,212.71,0.62,0,0.0,21,0.1,1,0
tx-gen-001550,cust-0041,43.87,91.84,0.48,0,0.0,7,0.1,0,0
tx-gen-001551,cust-0020,451.84,227.03,1.99,0,0.0,16,0.1,1,0
tx-gen-001552,cust-0043,74.88,102.29,0.73,0,0.0,4,0.1,0,0
tx-gen-001553,cust-0024,1130.74,269.07,4.2,4,9887.0,14,0.8,1,1
tx-gen-001554,cust-0037,62.69,96.1,0.65,0,0.0,14,0.4,0,0
tx-gen-001555,cust-0042,6.43,247.36,0.03,0,0.0,3,0.4,0,0
tx-gen-001556,cust-0046,36.49,87.41,0.42,0,0.0,22,0.1,0,0
tx-gen-001557,cust-0026,23.33,48.78,0.48,0,0.0,19,0.4,0,0
tx-gen-001558,cust-0038,67.4,132.45,0.51,0,0.0,7,0.1,0,0
tx-gen-001559,cust-0043,88.78,102.29,0.87,0,0.0,10,0.4,0,0
tx-gen-001560,cust-0029,201.32,263.95,0.76,0,0.0,4,0.1,0,0
tx-gen-001561,cust-0011,83.81,89.52,0.94,0,0.0,8,0.1,0,0
tx-gen-001562,cust-0020,328.67,227.03,1.45,0,0.0,13,0.1,1,0
tx-gen-001563,cust-0001,100.69,60.06,1.68,1,0.0,4,0.4,0,0
tx-gen-001564,cust-0035,62.4,49.28,1.27,0,0.0,12,0.1,0,0
tx-gen-001565,cust-0023,634.85,253.94,2.5,0,0.0,11,0.1,0,0
tx-gen-001566,cust-0003,5.0,67.68,0.07,0,0.0,2,0.1,0,0
tx-gen-001567,cust-0009,18.23,83.69,0.22,0,0.0,15,0.4,0,0
tx-gen-001568,cust-0040,5.0,214.85,0.02,0,0.0,1,0.1,0,0
tx-gen-001569,cust-0011,93.34,89.52,1.04,0,0.0,13,0.1,1,0
tx-gen-001570,cust-0010,500.82,219.36,2.28,2,0.0,10,0.1,0,0
tx-gen-001571,cust-0013,65.54,234.88,0.28,0,0.0,7,0.4,0,0
tx-gen-001572,cust-0010,548.4000000000001,219.36,2.5,0,0.0,11,0.1,0,0
tx-gen-001573,cust-0005,5.0,53.47,0.09,0,0.0,9,0.1,0,0
tx-gen-001574,cust-0022,128.2,51.28,2.5,0,0.0,0,0.1,0,0
tx-gen-001575,cust-0015,45.51,105.03,0.43,2,0.0,21,0.1,0,0
tx-gen-001576,cust-0007,9.52,89.03,0.11,0,0.0,5,0.1,0,0
tx-gen-001577,cust-0038,88.12,132.45,0.67,0,0.0,13,0.1,0,0
tx-gen-001578,cust-0019,57.28,193.01,0.3,1,0.0,7,0.1,0,0
tx-gen-001579,cust-0049,22.7,67.7,0.34,0,0.0,10,0.4,0,0
tx-gen-001580,cust-0026,17.91,48.78,0.37,0,0.0,14,0.1,0,0
tx-gen-001581,cust-0010,356.39,219.36,1.62,0,0.0,23,0.1,0,0
tx-gen-001582,cust-0047,106.0,136.82,0.77,0,0.0,16,0.1,0,0
tx-gen-001583,cust-0030,39.18,105.05,0.37,0,0.0,5,0.1,0,0
tx-gen-001584,cust-0028,278.98,296.01,0.94,0,0.0,19,0.1,0,0
tx-gen-001585,cust-0020,285.9,227.03,1.26,0,0.0,11,0.1,0,0
tx-gen-001586,cust-0016,91.82,288.45,0.32,0,0.0,0,0.4,0,0
tx-gen-001587,cust-0036,40.67,76.21,0.53,0,0.0,23,0.1,1,0
tx-gen-001588,cust-0009,10.88,83.69,0.13,0,0.0,21,0.4,0,0
tx-gen-001589,cust-0040,42.94,214.85,0.2,0,0.0,15,0.1,0,0
tx-gen-001590,cust-0016,329.68,288.45,1.14,0,0.0,1,0.4,0,0
tx-gen-001591,cust-0011,17.92,89.52,0.2,0,0.0,15,0.1,0,0
tx-gen-001592,cust-0009,62.33,83.69,0.74,0,0.0,15,0.1,0,0
tx-gen-001593,cust-0008,237.72,192.55,1.23,1,0.0,17,0.4,0,0
tx-gen-001594,cust-0019,21.82,193.01,0.11,0,0.0,17,0.1,0,0
tx-gen-001595,cust-0037,80.51,96.1,0.84,1,0.0,17,0.4,0,0
tx-gen-001596,cust-0030,31.14,105.05,0.3,0,0.0,10,0.1,0,0
tx-gen-001597,cust-0022,128.2,51.28,2.5,0,0.0,18,0.1,0,0
tx-gen-001598,cust-0026,32.23,48.78,0.66,0,0.0,5,0.1,0,0
tx-gen-001599,cust-0033,345.93,210.95,1.64,1,0.0,9,0.1,0,0
tx-gen-001600,cust-0050,145.08,181.57,0.8,0,0.0,13,0.1,0,0
tx-gen-001601,cust-0028,13.14,296.01,0.04,0,0.0,19,0.1,0,0
tx-gen-001602,cust-0029,264.69,263.95,1.0,0,0.0,4,0.1,0,0
tx-gen-001603,cust-0046,218.52499999999998,87.41,2.5,0,0.0,6,0.1,0,0
tx-gen-001604,cust-0048,141.63,153.89,0.92,0,0.0,21,0.1,1,0
tx-gen-001605,cust-0043,174.95,102.29,1.71,0,0.0,19,0.1,0,0
tx-gen-001606,cust-0044,596.23,276.55,2.16,0,0.0,13,0.1,1,0
tx-gen-001607,cust-0025,48.12,185.89,0.26,0,0.0,19,0.1,0,0
tx-gen-001608,cust-0001,14.31,60.06,0.24,0,0.0,12,0.1,0,0
tx-gen-001609,cust-0039,203.74,215.8,0.94,0,0.0,12,0.1,0,0
tx-gen-001610,cust-0049,35.84,67.7,0.53,0,0.0,5,0.1,0,0
tx-gen-001611,cust-0018,102.78,56.11,1.83,0,0.0,23,0.1,0,0
tx-gen-001612,cust-0031,587.7,255.21,2.3,0,0.0,9,0.4,0,0
tx-gen-001613,cust-0038,57.76,132.45,0.44,0,0.0,12,0.1,0,0
tx-gen-001614,cust-0018,15.17,56.11,0.27,0,0.0,7,0.1,0,0
tx-gen-001615,cust-0004,322.58,212.71,1.52,0,0.0,18,0.1,1,0
tx-gen-001616,cust-0015,33.75,105.03,0.32,0,0.0,14,0.1,0,0
tx-gen-001617,cust-0020,392.63,227.03,1.73,1,0.0,2,0.1,0,0
tx-gen-001618,cust-0016,158.99,288.45,0.55,0,0.0,7,0.1,0,0
tx-gen-001619,cust-0048,169.47,153.89,1.1,0,0.0,23,0.1,0,0
tx-gen-001620,cust-0028,29.72,296.01,0.1,0,0.0,17,0.1,0,0
tx-gen-001621,cust-0043,1027.91,102.29,10.05,5,6420.0,5,0.8,1,1
tx-gen-001622,cust-0048,150.47,153.89,0.98,0,0.0,3,0.4,0,0
tx-gen-001623,cust-0014,131.33,218.5,0.6,0,0.0,22,0.1,0,0
tx-gen-001624,cust-0008,170.09,192.55,0.88,0,0.0,13,0.1,0,0
tx-gen-001625,cust-0007,16.38,89.03,0.18,0,0.0,18,0.4,0,0
tx-gen-001626,cust-0049,90.39,67.7,1.34,0,0.0,23,0.1,0,0
tx-gen-001627,cust-0046,173.62,87.41,1.99,1,0.0,0,0.1,0,0
tx-gen-001628,cust-0046,21.35,87.41,0.24,0,0.0,16,0.1,0,0
tx-gen-001629,cust-0033,21.22,210.95,0.1,0,0.0,4,0.4,1,0
tx-gen-001630,cust-0019,5.0,193.01,0.03,0,0.0,12,0.1,0,0
tx-gen-001631,cust-0048,158.07,153.89,1.03,1,0.0,1,0.4,1,0
tx-gen-001632,cust-0011,83.63,89.52,0.93,0,0.0,8,0.1,0,0
tx-gen-001633,cust-0039,170.74,215.8,0.79,0,0.0,18,0.1,0,0
tx-gen-001634,cust-0045,1965.32,266.62,7.37,5,4109.0,16,0.8,1,1
tx-gen-001635,cust-0019,50.93,193.01,0.26,0,0.0,6,0.1,0,0
tx-gen-001636,cust-0016,143.01,288.45,0.5,1,0.0,5,0.1,0,0
tx-gen-001637,cust-0009,75.54,83.69,0.9,2,0.0,16,0.1,0,0
tx-gen-001638,cust-0008,1709.42,192.55,8.88,3,9499.0,15,0.8,0,1
tx-gen-001639,cust-0017,39.55,57.6,0.69,0,0.0,4,0.4,1,0
tx-gen-001640,cust-0041,229.60000000000002,91.84,2.5,0,0.0,8,0.1,0,0
tx-gen-001641,cust-0017,8.45,57.6,0.15,0,0.0,21,0.4,0,0
tx-gen-001642,cust-0025,220.82,185.89,1.19,0,0.0,10,0.4,0,0
tx-gen-001643,cust-0015,54.41,105.03,0.52,0,0.0,13,0.4,0,0
tx-gen-001644,cust-0026,27.27,48.78,0.56,0,0.0,2,0.1,1,0
tx-gen-001645,cust-0006,48.78,38.58,1.26,1,0.0,19,0.1,0,0
tx-gen-001646,cust-0037,113.31,96.1,1.18,0,0.0,10,0.1,0,0
tx-gen-001647,cust-0012,262.775,105.11,2.5,0,0.0,7,0.1,0,0
tx-gen-001648,cust-0016,39.64,288.45,0.14,0,0.0,17,0.1,0,0
tx-gen-001649,cust-0047,15.04,136.82,0.11,0,0.0,1,0.4,0,0
tx-gen-001650,cust-0008,248.12,192.55,1.29,0,0.0,15,0.1,0,0
tx-gen-001651,cust-0018,48.46,56.11,0.86,0,0.0,2,0.4,1,0
tx-gen-001652,cust-0007,28.53,89.03,0.32,0,0.0,19,0.1,0,0
tx-gen-001653,cust-0037,7.95,96.1,0.08,0,0.0,20,0.1,0,0
tx-gen-001654,cust-0004,19.05,212.71,0.09,0,0.0,8,0.4,0,0
tx-gen-001655,cust-0007,199.97,89.03,2.25,1,0.0,8,0.4,0,0
tx-gen-001656,cust-0001,12.79,60.06,0.21,0,0.0,4,0.1,0,0
tx-gen-001657,cust-0042,96.63,247.36,0.39,0,0.0,0,0.1,1,0
tx-gen-001658,cust-0015,27.0,105.03,0.26,0,0.0,15,0.1,0,0
tx-gen-001659,cust-0024,117.99,269.07,0.44,0,0.0,17,0.1,0,0
tx-gen-001660,cust-0034,20.36,282.9,0.07,0,0.0,12,0.1,0,0
tx-gen-001661,cust-0020,166.19,227.03,0.73,1,0.0,2,0.1,0,0
tx-gen-001662,cust-0032,9.1,129.95,0.07,0,0.0,3,0.1,0,0
tx-gen-001663,cust-0010,353.44,219.36,1.61,0,0.0,8,0.1,0,0
tx-gen-001664,cust-0031,67.94,255.21,0.27,0,0.0,7,0.4,0,0
tx-gen-001665,cust-0010,170.35,219.36,0.78,0,0.0,14,0.1,0,0
tx-gen-001666,cust-0032,275.61,129.95,2.12,0,0.0,16,0.4,0,0
tx-gen-001667,cust-0042,260.3,247.36,1.05,0,0.0,21,0.1,0,0
tx-gen-001668,cust-0032,98.94,129.95,0.76,0,0.0,22,0.1,0,0
tx-gen-001669,cust-0034,110.91,282.9,0.39,0,0.0,23,0.1,0,0
tx-gen-001670,cust-0002,42.22,104.26,0.4,1,0.0,3,0.1,0,0
tx-gen-001671,cust-0023,281.14,253.94,1.11,0,0.0,16,0.1,0,0
tx-gen-001672,cust-0036,190.52499999999998,76.21,2.5,0,0.0,7,0.1,0,0
tx-gen-001673,cust-0048,166.85,153.89,1.08,0,0.0,0,0.1,0,0
tx-gen-001674,cust-0028,241.53,296.01,0.82,0,0.0,15,0.4,0,0
tx-gen-001675,cust-0011,420.82,89.52,4.7,3,7323.0,5,0.1,1,1
tx-gen-001676,cust-0010,287.74,219.36,1.31,0,0.0,18,0.1,0,0
tx-gen-001677,cust-0020,142.09,227.03,0.63,0,0.0,16,0.1,0,0
tx-gen-001678,cust-0019,11.97,193.01,0.06,0,0.0,11,0.1,0,0
tx-gen-001679,cust-0011,830.67,89.52,9.28,8,9872.0,13,0.8,1,1
tx-gen-001680,cust-0033,174.29,210.95,0.83,1,0.0,16,0.1,0,0
tx-gen-001681,cust-0006,96.44999999999999,38.58,2.5,0,0.0,9,0.1,0,0
tx-gen-001682,cust-0026,9.4,48.78,0.19,1,0.0,21,0.4,0,0
tx-gen-001683,cust-0030,123.03,105.05,1.17,1,0.0,9,0.1,0,0
tx-gen-001684,cust-0024,60.36,269.07,0.22,0,0.0,17,0.1,0,0
tx-gen-001685,cust-0039,165.63,215.8,0.77,0,0.0,12,0.1,0,0
tx-gen-001686,cust-0007,9.05,89.03,0.1,0,0.0,8,0.1,0,0
tx-gen-001687,cust-0036,45.61,76.21,0.6,0,0.0,22,0.1,1,0
tx-gen-001688,cust-0037,135.62,96.1,1.41,0,0.0,0,0.1,0,0
tx-gen-001689,cust-0020,2245.16,227.03,9.89,4,6900.0,11,0.8,1,1
tx-gen-001690,cust-0047,58.43,136.82,0.43,0,0.0,18,0.1,0,0
tx-gen-001691,cust-0033,230.64,210.95,1.09,0,0.0,16,0.1,0,0
tx-gen-001692,cust-0038,210.19,132.45,1.59,0,0.0,9,0.1,0,0
tx-gen-001693,cust-0006,96.44999999999999,38.58,2.5,1,0.0,11,0.1,0,0
tx-gen-001694,cust-0042,66.15,247.36,0.27,0,0.0,15,0.4,0,0
tx-gen-001695,cust-0042,126.08,247.36,0.51,0,0.0,1,0.1,0,0
tx-gen-001696,cust-0024,44.49,269.07,0.17,1,0.0,5,0.1,0,0
tx-gen-001697,cust-0025,464.72499999999997,185.89,2.5,0,0.0,13,0.4,0,0
tx-gen-001698,cust-0041,229.60000000000002,91.84,2.5,0,0.0,20,0.1,0,0
tx-gen-001699,cust-0036,59.17,76.21,0.78,0,0.0,22,0.1,0,0
tx-gen-001700,cust-0019,356.18,193.01,1.85,0,0.0,11,0.4,0,0
tx-gen-001701,cust-0012,77.36,105.11,0.74,2,0.0,22,0.1,1,0
tx-gen-001702,cust-0049,66.15,67.7,0.98,1,0.0,4,0.1,1,0
tx-gen-001703,cust-0032,12.13,129.95,0.09,0,0.0,2,0.1,0,0
tx-gen-001704,cust-0044,389.27,276.55,1.41,1,0.0,9,0.4,1,0
tx-gen-001705,cust-0024,36.77,269.07,0.14,0,0.0,14,0.4,0,0
tx-gen-001706,cust-0044,483.71,276.55,1.75,0,0.0,14,0.1,0,0
tx-gen-001707,cust-0036,455.02,76.21,5.97,6,4154.0,14,0.8,0,1
tx-gen-001708,cust-0025,283.18,185.89,1.52,0,0.0,12,0.1,0,0
tx-gen-001709,cust-0030,129.58,105.05,1.23,1,0.0,9,0.1,1,0
tx-gen-001710,cust-0050,6.69,181.57,0.04,0,0.0,13,0.1,0,0
tx-gen-001711,cust-0039,77.94,215.8,0.36,0,0.0,8,0.1,0,0
tx-gen-001712,cust-0010,66.98,219.36,0.31,0,0.0,5,0.1,0,0
tx-gen-001713,cust-0039,96.35,215.8,0.45,0,0.0,16,0.1,1,0
tx-gen-001714,cust-0014,20.04,218.5,0.09,0,0.0,2,0.1,0,0
tx-gen-001715,cust-0006,96.44999999999999,38.58,2.5,0,0.0,22,0.1,0,0
tx-gen-001716,cust-0029,213.01,263.95,0.81,0,0.0,18,0.1,0,0
tx-gen-001717,cust-0004,77.55,212.71,0.36,2,0.0,0,0.1,0,0
tx-gen-001718,cust-0013,118.8,234.88,0.51,0,0.0,3,0.1,0,0
tx-gen-001719,cust-0011,53.06,89.52,0.59,1,0.0,18,0.1,0,0
tx-gen-001720,cust-0001,55.12,60.06,0.92,0,0.0,8,0.1,0,0
tx-gen-001721,cust-0040,155.77,214.85,0.73,0,0.0,19,0.1,0,0
tx-gen-001722,cust-0010,548.4000000000001,219.36,2.5,0,0.0,19,0.1,0,0
tx-gen-001723,cust-0017,39.58,57.6,0.69,1,0.0,8,0.1,0,0
tx-gen-001724,cust-0041,229.60000000000002,91.84,2.5,0,0.0,15,0.1,0,0
tx-gen-001725,cust-0013,447.84,234.88,1.91,0,0.0,16,0.1,0,0
tx-gen-001726,cust-0014,51.09,218.5,0.23,0,0.0,12,0.1,0,0
tx-gen-001727,cust-0020,567.575,227.03,2.5,0,0.0,16,0.1,0,0
tx-gen-001728,cust-0030,13.0,105.05,0.12,1,0.0,0,0.1,0,0
tx-gen-001729,cust-0049,115.14,67.7,1.7,0,0.0,0,0.1,0,0
tx-gen-001730,cust-0039,103.38,215.8,0.48,0,0.0,16,0.1,0,0
tx-gen-001731,cust-0044,581.73,276.55,2.1,1,0.0,18,0.4,1,0
tx-gen-001732,cust-0007,180.32,89.03,2.03,0,0.0,10,0.1,0,0
tx-gen-001733,cust-0027,150.06,91.53,1.64,0,0.0,18,0.4,0,0
tx-gen-001734,cust-0038,206.73,132.45,1.56,0,0.0,9,0.1,0,0
tx-gen-001735,cust-0036,27.69,76.21,0.36,2,0.0,19,0.1,0,0
tx-gen-001736,cust-0030,8.86,105.05,0.08,0,0.0,16,0.1,0,0
tx-gen-001737,cust-0015,54.17,105.03,0.52,0,0.0,8,0.1,1,0
tx-gen-001738,cust-0027,17.44,91.53,0.19,0,0.0,9,0.1,0,0
tx-gen-001739,cust-0024,319.46,269.07,1.19,0,0.0,5,0.4,0,0
tx-gen-001740,cust-0037,40.82,96.1,0.42,2,0.0,0,0.4,0,0
tx-gen-001741,cust-0042,618.4000000000001,247.36,2.5,0,0.0,16,0.4,1,0
tx-gen-001742,cust-0025,190.42,185.89,1.02,1,0.0,19,0.1,0,0
tx-gen-001743,cust-0028,511.71,296.01,1.73,0,0.0,11,0.4,0,0
tx-gen-001744,cust-0026,6.93,48.78,0.14,1,0.0,2,0.1,0,0
tx-gen-001745,cust-0021,126.16,63.7,1.98,0,0.0,11,0.1,0,0
tx-gen-001746,cust-0038,331.125,132.45,2.5,1,0.0,6,0.4,0,0
tx-gen-001747,cust-0025,2204.47,185.89,11.86,4,4133.0,21,0.8,1,1
tx-gen-001748,cust-0020,151.57,227.03,0.67,0,0.0,7,0.1,0,0
tx-gen-001749,cust-0018,52.3,56.11,0.93,0,0.0,2,0.1,0,0
tx-gen-001750,cust-0007,128.86,89.03,1.45,0,0.0,5,0.1,0,0
tx-gen-001751,cust-0012,20.2,105.11,0.19,1,0.0,23,0.1,0,0
tx-gen-001752,cust-0007,62.17,89.03,0.7,0,0.0,23,0.1,1,0
tx-gen-001753,cust-0005,27.19,53.47,0.51,1,0.0,5,0.1,0,0
tx-gen-001754,cust-0029,41.77,263.95,0.16,0,0.0,8,0.1,0,0
tx-gen-001755,cust-0037,44.03,96.1,0.46,2,0.0,20,0.1,1,0
tx-gen-001756,cust-0031,18.02,255.21,0.07,0,0.0,14,0.4,0,0
tx-gen-001757,cust-0017,5.0,57.6,0.09,0,0.0,13,0.4,0,0
tx-gen-001758,cust-0033,30.63,210.95,0.15,0,0.0,16,0.1,0,0
tx-gen-001759,cust-0021,159.25,63.7,2.5,0,0.0,14,0.1,0,0
tx-gen-001760,cust-0006,30.77,38.58,0.8,0,0.0,4,0.1,0,0
tx-gen-001761,cust-0028,740.025,296.01,2.5,0,0.0,9,0.1,0,0
tx-gen-001762,cust-0046,49.52,87.41,0.57,0,0.0,18,0.1,0,0
tx-gen-001763,cust-0020,84.84,227.03,0.37,0,0.0,17,0.1,0,0
tx-gen-001764,cust-0039,152.25,215.8,0.71,0,0.0,0,0.4,0,0
tx-gen-001765,cust-0013,135.98,234.88,0.58,0,0.0,0,0.1,0,0
tx-gen-001766,cust-0033,23.56,210.95,0.11,0,0.0,7,0.1,0,0
tx-gen-001767,cust-0034,289.68,282.9,1.02,0,0.0,17,0.1,0,0
tx-gen-001768,cust-0012,25.58,105.11,0.24,0,0.0,14,0.1,0,0
tx-gen-001769,cust-0050,175.49,181.57,0.97,0,0.0,21,0.1,0,0
tx-gen-001770,cust-0014,229.51,218.5,1.05,0,0.0,6,0.1,0,0
tx-gen-001771,cust-0039,35.59,215.8,0.16,0,0.0,19,0.1,0,0
tx-gen-001772,cust-0043,6.48,102.29,0.06,0,0.0,19,0.1,0,0
tx-gen-001773,cust-0021,96.67,63.7,1.52,0,0.0,12,0.1,1,0
tx-gen-001774,cust-0027,56.37,91.53,0.62,0,0.0,5,0.1,0,0
tx-gen-001775,cust-0016,17.29,288.45,0.06,0,0.0,22,0.1,0,0
tx-gen-001776,cust-0001,150.15,60.06,2.5,1,0.0,21,0.1,0,0
tx-gen-001777,cust-0035,5.0,49.28,0.1,0,0.0,13,0.1,0,0
tx-gen-001778,cust-0007,105.73,89.03,1.19,0,0.0,18,0.1,0,0
tx-gen-001779,cust-0026,121.95,48.78,2.5,0,0.0,12,0.1,0,0
tx-gen-001780,cust-0045,72.88,266.62,0.27,1,0.0,21,0.1,1,0
tx-gen-001781,cust-0007,936.27,89.03,10.52,5,7638.0,8,0.1,0,1
tx-gen-001782,cust-0015,16.12,105.03,0.15,1,0.0,9,0.1,0,0
tx-gen-001783,cust-0001,7.77,60.06,0.13,1,0.0,18,0.1,0,0
tx-gen-001784,cust-0004,76.87,212.71,0.36,0,0.0,19,0.1,0,0
tx-gen-001785,cust-0025,19.8,185.89,0.11,0,0.0,12,0.1,0,0
tx-gen-001786,cust-0021,75.05,63.7,1.18,0,0.0,4,0.1,0,0
tx-gen-001787,cust-0034,18.2,282.9,0.06,0,0.0,14,0.1,1,0
tx-gen-001788,cust-0021,45.37,63.7,0.71,0,0.0,22,0.1,0,0
tx-gen-001789,cust-0046,218.52499999999998,87.41,2.5,0,0.0,20,0.1,0,0
tx-gen-001790,cust-0014,367.48,218.5,1.68,0,0.0,20,0.1,0,0
tx-gen-001791,cust-0014,208.69,218.5,0.96,0,0.0,1,0.1,0,0
tx-gen-001792,cust-0038,48.43,132.45,0.37,0,0.0,18,0.1,0,0
tx-gen-001793,cust-0030,102.73,105.05,0.98,1,0.0,22,0.1,0,0
tx-gen-001794,cust-0024,201.47,269.07,0.75,0,0.0,4,0.4,0,0
tx-gen-001795,cust-0013,130.42,234.88,0.56,0,0.0,12,0.1,1,0
tx-gen-001796,cust-0037,13.46,96.1,0.14,1,0.0,9,0.1,0,0
tx-gen-001797,cust-0016,1468.14,288.45,5.09,8,6266.0,22,0.8,1,1
tx-gen-001798,cust-0017,125.39,57.6,2.18,0,0.0,2,0.1,0,0
tx-gen-001799,cust-0026,29.14,48.78,0.6,0,0.0,5,0.1,0,0
tx-gen-001800,cust-0007,19.27,89.03,0.22,0,0.0,19,0.1,0,0
tx-gen-001801,cust-0012,48.19,105.11,0.46,0,0.0,4,0.4,0,0
tx-gen-001802,cust-0044,147.86,276.55,0.53,0,0.0,15,0.1,0,0
tx-gen-001803,cust-0003,118.95,67.68,1.76,0,0.0,17,0.1,0,0
tx-gen-001804,cust-0040,284.21,214.85,1.32,0,0.0,19,0.1,0,0
tx-gen-001805,cust-0045,391.04,266.62,1.47,0,0.0,17,0.1,0,0
tx-gen-001806,cust-0019,5.0,193.01,0.03,0,0.0,5,0.1,0,0
tx-gen-001807,cust-0045,143.47,266.62,0.54,0,0.0,18,0.1,0,0
tx-gen-001808,cust-0011,58.77,89.52,0.66,2,0.0,10,0.1,0,0
tx-gen-001809,cust-0028,5.74,296.01,0.02,1,0.0,3,0.1,0,0
tx-gen-001810,cust-0049,20.37,67.7,0.3,2,0.0,1,0.1,0,0
tx-gen-001811,cust-0032,185.61,129.95,1.43,0,0.0,0,0.1,0,0
tx-gen-001812,cust-0044,40.78,276.55,0.15,0,0.0,18,0.4,0,0
tx-gen-001813,cust-0050,139.15,181.57,0.77,0,0.0,17,0.1,0,0
tx-gen-001814,cust-0035,11.94,49.28,0.24,0,0.0,6,0.1,0,0
tx-gen-001815,cust-0023,5.0,253.94,0.02,0,0.0,9,0.4,0,0
tx-gen-001816,cust-0039,59.56,215.8,0.28,0,0.0,13,0.4,0,0
tx-gen-001817,cust-0027,228.825,91.53,2.5,0,0.0,21,0.1,0,0
tx-gen-001818,cust-0048,248.86,153.89,1.62,0,0.0,4,0.1,0,0
tx-gen-001819,cust-0025,464.72499999999997,185.89,2.5,1,0.0,22,0.4,0,0
tx-gen-001820,cust-0034,189.3,282.9,0.67,0,0.0,18,0.1,0,0
tx-gen-001821,cust-0018,6.52,56.11,0.12,0,0.0,17,0.4,0,0
tx-gen-001822,cust-0040,170.59,214.85,0.79,2,0.0,10,0.4,0,0
tx-gen-001823,cust-0019,116.93,193.01,0.61,1,0.0,18,0.1,0,0
tx-gen-001824,cust-0044,514.44,276.55,1.86,0,0.0,9,0.4,0,0
tx-gen-001825,cust-0032,13.42,129.95,0.1,0,0.0,19,0.1,0,0
tx-gen-001826,cust-0038,88.73,132.45,0.67,0,0.0,10,0.1,0,0
tx-gen-001827,cust-0001,9.76,60.06,0.16,1,0.0,12,0.1,0,0
tx-gen-001828,cust-0033,82.81,210.95,0.39,2,0.0,0,0.1,0,0
tx-gen-001829,cust-0010,293.28,219.36,1.34,0,0.0,21,0.1,0,0
tx-gen-001830,cust-0015,589.66,105.03,5.61,6,2107.0,6,0.8,1,1
tx-gen-001831,cust-0017,37.23,57.6,0.65,0,0.0,8,0.1,0,0
tx-gen-001832,cust-0021,30.03,63.7,0.47,0,0.0,16,0.1,0,0
tx-gen-001833,cust-0013,117.83,234.88,0.5,0,0.0,18,0.1,0,0
tx-gen-001834,cust-0035,30.32,49.28,0.62,0,0.0,18,0.1,0,0
tx-gen-001835,cust-0021,97.92,63.7,1.54,0,0.0,13,0.1,0,0
tx-gen-001836,cust-0027,203.78,91.53,2.23,2,0.0,20,0.1,0,0
tx-gen-001837,cust-0049,169.25,67.7,2.5,0,0.0,12,0.1,0,0
tx-gen-001838,cust-0040,332.16,214.85,1.55,0,0.0,11,0.1,0,0
tx-gen-001839,cust-0009,31.71,83.69,0.38,1,0.0,13,0.1,0,0
tx-gen-001840,cust-0030,122.4,105.05,1.17,0,0.0,16,0.1,1,0
tx-gen-001841,cust-0007,51.24,89.03,0.58,0,0.0,20,0.1,0,0
tx-gen-001842,cust-0004,62.52,212.71,0.29,0,0.0,5,0.4,0,0
tx-gen-001843,cust-0014,401.61,218.5,1.84,0,0.0,3,0.1,0,0
tx-gen-001844,cust-0041,5.0,91.84,0.05,0,0.0,9,0.1,1,0
tx-gen-001845,cust-0032,301.53,129.95,2.32,0,0.0,6,0.1,0,0
tx-gen-001846,cust-0008,119.17,192.55,0.62,0,0.0,12,0.1,0,0
tx-gen-001847,cust-0033,213.88,210.95,1.01,0,0.0,1,0.1,0,0
tx-gen-001848,cust-0012,113.19,105.11,1.08,1,0.0,18,0.1,0,0
tx-gen-001849,cust-0043,230.66,102.29,2.25,0,0.0,8,0.1,0,0
tx-gen-001850,cust-0048,155.8,153.89,1.01,0,0.0,13,0.4,0,0
tx-gen-001851,cust-0031,242.9,255.21,0.95,2,0.0,8,0.1,0,0
tx-gen-001852,cust-0043,7.06,102.29,0.07,0,0.0,2,0.1,0,0
tx-gen-001853,cust-0010,991.74,219.36,4.52,7,7782.0,14,0.1,1,1
tx-gen-001854,cust-0003,49.45,67.68,0.73,0,0.0,6,0.1,0,0
tx-gen-001855,cust-0018,367.01,56.11,6.54,5,9102.0,9,0.4,0,1
tx-gen-001856,cust-0025,30.25,185.89,0.16,0,0.0,21,0.1,0,0
tx-gen-001857,cust-0022,68.57,51.28,1.34,0,0.0,17,0.1,0,0
tx-gen-001858,cust-0026,35.02,48.78,0.72,0,0.0,17,0.1,0,0
tx-gen-001859,cust-0043,116.63,102.29,1.14,0,0.0,3,0.4,0,0
tx-gen-001860,cust-0038,5.64,132.45,0.04,0,0.0,16,0.4,0,0
tx-gen-001861,cust-0003,370.17,67.68,5.47,6,8305.0,11,0.1,0,1
tx-gen-001862,cust-0021,5.64,63.7,0.09,1,0.0,12,0.1,0,0
tx-gen-001863,cust-0025,234.21,185.89,1.26,0,0.0,5,0.1,0,0
tx-gen-001864,cust-0003,5.06,67.68,0.07,0,0.0,15,0.1,0,0
tx-gen-001865,cust-0002,7.71,104.26,0.07,0,0.0,5,0.1,0,0
tx-gen-001866,cust-0041,5.0,91.84,0.05,0,0.0,4,0.1,0,0
tx-gen-001867,cust-0019,482.525,193.01,2.5,1,0.0,18,0.1,0,0
tx-gen-001868,cust-0013,314.16,234.88,1.34,0,0.0,4,0.1,0,0
tx-gen-001869,cust-0001,26.17,60.06,0.44,0,0.0,3,0.4,0,0
tx-gen-001870,cust-0012,36.97,105.11,0.35,0,0.0,10,0.4,0,0
tx-gen-001871,cust-0037,41.35,96.1,0.43,0,0.0,14,0.1,0,0
tx-gen-001872,cust-0009,124.71,83.69,1.49,0,0.0,22,0.1,0,0
tx-gen-001873,cust-0037,104.06,96.1,1.08,0,0.0,1,0.1,0,0
tx-gen-001874,cust-0004,43.56,212.71,0.2,0,0.0,2,0.1,1,0
tx-gen-001875,cust-0017,11.02,57.6,0.19,1,0.0,13,0.1,0,0
tx-gen-001876,cust-0019,19.99,193.01,0.1,1,0.0,8,0.1,1,0
tx-gen-001877,cust-0033,227.76,210.95,1.08,0,0.0,7,0.1,0,0
tx-gen-001878,cust-0038,191.46,132.45,1.45,0,0.0,22,0.1,0,0
tx-gen-001879,cust-0013,72.33,234.88,0.31,0,0.0,9,0.1,0,0
tx-gen-001880,cust-0022,5.0,51.28,0.1,0,0.0,16,0.1,0,0
tx-gen-001881,cust-0037,8.24,96.1,0.09,2,0.0,5,0.1,1,0
tx-gen-001882,cust-0039,539.5,215.8,2.5,0,0.0,8,0.4,0,0
tx-gen-001883,cust-0047,47.91,136.82,0.35,0,0.0,5,0.1,0,0
tx-gen-001884,cust-0028,434.04,296.01,1.47,1,0.0,17,0.1,0,0
tx-gen-001885,cust-0013,230.17,234.88,0.98,0,0.0,12,0.1,0,0
tx-gen-001886,cust-0050,87.37,181.57,0.48,0,0.0,9,0.1,0,0
tx-gen-001887,cust-0008,44.34,192.55,0.23,0,0.0,0,0.1,0,0
tx-gen-001888,cust-0004,27.53,212.71,0.13,0,0.0,8,0.4,0,0
tx-gen-001889,cust-0049,64.62,67.7,0.95,0,0.0,19,0.4,0,0
tx-gen-001890,cust-0047,203.87,136.82,1.49,0,0.0,4,0.1,0,0
tx-gen-001891,cust-0019,199.29,193.01,1.03,0,0.0,19,0.4,0,0
tx-gen-001892,cust-0019,145.85,193.01,0.76,0,0.0,5,0.1,0,0
tx-gen-001893,cust-0005,5.0,53.47,0.09,0,0.0,11,0.1,0,0
tx-gen-001894,cust-0023,634.85,253.94,2.5,0,0.0,1,0.1,1,0
tx-gen-001895,cust-0050,291.06,181.57,1.6,0,0.0,11,0.1,0,0
tx-gen-001896,cust-0045,92.38,266.62,0.35,0,0.0,12,0.1,0,0
tx-gen-001897,cust-0040,537.125,214.85,2.5,1,0.0,3,0.1,0,0
tx-gen-001898,cust-0034,260.55,282.9,0.92,0,0.0,7,0.1,0,0
tx-gen-001899,cust-0010,191.56,219.36,0.87,0,0.0,9,0.1,0,0
tx-gen-001900,cust-0008,1116.32,192.55,5.8,5,1884.0,1,0.8,1,1
tx-gen-001901,cust-0004,293.25,212.71,1.38,0,0.0,12,0.1,0,0
tx-gen-001902,cust-0025,310.45,185.89,1.67,0,0.0,10,0.1,0,0
tx-gen-001903,cust-0035,52.66,49.28,1.07,0,0.0,18,0.1,0,0
tx-gen-001904,cust-0002,14.29,104.26,0.14,1,0.0,14,0.1,0,0
tx-gen-001905,cust-0049,486.74,67.7,7.19,3,5209.0,13,0.1,1,1
tx-gen-001906,cust-0035,20.35,49.28,0.41,0,0.0,2,0.4,0,0
tx-gen-001907,cust-0025,464.72499999999997,185.89,2.5,1,0.0,16,0.1,0,0
tx-gen-001908,cust-0044,70.35,276.55,0.25,0,0.0,18,0.1,0,0
tx-gen-001909,cust-0037,44.73,96.1,0.47,0,0.0,0,0.1,0,0
tx-gen-001910,cust-0042,139.95,247.36,0.57,0,0.0,8,0.1,0,0
tx-gen-001911,cust-0021,36.87,63.7,0.58,0,0.0,6,0.1,0,0
tx-gen-001912,cust-0030,99.71,105.05,0.95,0,0.0,15,0.1,0,0
tx-gen-001913,cust-0027,228.825,91.53,2.5,1,0.0,5,0.1,0,0
tx-gen-001914,cust-0005,14.72,53.47,0.28,0,0.0,11,0.1,0,0
tx-gen-001915,cust-0015,13.61,105.03,0.13,0,0.0,8,0.4,0,0
tx-gen-001916,cust-0042,54.42,247.36,0.22,0,0.0,2,0.1,0,0
tx-gen-001917,cust-0046,190.53,87.41,2.18,0,0.0,13,0.1,0,0
tx-gen-001918,cust-0023,263.57,253.94,1.04,0,0.0,1,0.4,0,0
tx-gen-001919,cust-0033,71.04,210.95,0.34,0,0.0,12,0.1,0,0
tx-gen-001920,cust-0024,455.41,269.07,1.69,0,0.0,20,0.1,0,0
tx-gen-001921,cust-0010,2237.34,219.36,10.2,8,5317.0,5,0.8,1,1
tx-gen-001922,cust-0040,833.44,214.85,3.88,3,3964.0,12,0.8,1,1
tx-gen-001923,cust-0021,125.87,63.7,1.98,0,0.0,6,0.4,1,0
tx-gen-001924,cust-0025,348.39,185.89,1.87,0,0.0,23,0.1,1,0
tx-gen-001925,cust-0006,96.44999999999999,38.58,2.5,0,0.0,10,0.4,0,0
tx-gen-001926,cust-0036,22.15,76.21,0.29,1,0.0,1,0.1,0,0
tx-gen-001927,cust-0004,299.21,212.71,1.41,0,0.0,17,0.4,0,0
tx-gen-001928,cust-0037,59.31,96.1,0.62,0,0.0,5,0.1,0,0
tx-gen-001929,cust-0024,496.47,269.07,1.85,0,0.0,15,0.1,0,0
tx-gen-001930,cust-0027,119.33,91.53,1.3,0,0.0,0,0.4,1,0
tx-gen-001931,cust-0042,370.57,247.36,1.5,0,0.0,23,0.1,0,0
tx-gen-001932,cust-0009,89.35,83.69,1.07,0,0.0,7,0.1,0,0
tx-gen-001933,cust-0039,42.15,215.8,0.2,0,0.0,2,0.1,0,0
tx-gen-001934,cust-0027,72.08,91.53,0.79,0,0.0,12,0.4,0,0
tx-gen-001935,cust-0013,587.2,234.88,2.5,0,0.0,7,0.1,0,0
tx-gen-001936,cust-0049,169.25,67.7,2.5,0,0.0,18,0.1,0,0
tx-gen-001937,cust-0028,3526.79,296.01,11.91,7,7419.0,4,0.8,0,1
tx-gen-001938,cust-0023,11.21,253.94,0.04,0,0.0,16,0.1,0,0
tx-gen-001939,cust-0022,9.24,51.28,0.18,2,0.0,3,0.1,0,0
tx-gen-001940,cust-0048,21.74,153.89,0.14,0,0.0,20,0.1,0,0
tx-gen-001941,cust-0028,383.2,296.01,1.29,0,0.0,10,0.1,0,0
tx-gen-001942,cust-0038,225.51,132.45,1.7,0,0.0,8,0.1,0,0
tx-gen-001943,cust-0038,31.81,132.45,0.24,0,0.0,2,0.1,0,0
tx-gen-001944,cust-0033,148.7,210.95,0.7,0,0.0,10,0.1,0,0
tx-gen-001945,cust-0004,390.75,212.71,1.84,0,0.0,19,0.4,1,0
tx-gen-001946,cust-0019,254.73,193.01,1.32,2,0.0,23,0.1,0,0
tx-gen-001947,cust-0048,120.25,153.89,0.78,0,0.0,4,0.1,0,0
tx-gen-001948,cust-0040,191.74,214.85,0.89,0,0.0,14,0.1,0,0
tx-gen-001949,cust-0032,92.27,129.95,0.71,1,0.0,9,0.1,0,0
tx-gen-001950,cust-0039,76.22,215.8,0.35,0,0.0,2,0.1,0,0
tx-gen-001951,cust-0033,175.61,210.95,0.83,1,0.0,11,0.4,1,0
tx-gen-001952,cust-0035,57.54,49.28,1.17,0,0.0,18,0.1,0,0
tx-gen-001953,cust-0024,555.93,269.07,2.07,0,0.0,23,0.1,0,0
tx-gen-001954,cust-0030,106.25,105.05,1.01,0,0.0,23,0.1,0,0
tx-gen-001955,cust-0017,82.47,57.6,1.43,0,0.0,10,0.1,0,0
tx-gen-001956,cust-0023,44.3,253.94,0.17,0,0.0,5,0.1,0,0
tx-gen-001957,cust-0018,34.74,56.11,0.62,0,0.0,16,0.1,0,0
tx-gen-001958,cust-0003,5.0,67.68,0.07,0,0.0,10,0.1,0,0
tx-gen-001959,cust-0041,26.01,91.84,0.28,0,0.0,18,0.1,0,0
tx-gen-001960,cust-0015,136.15,105.03,1.3,0,0.0,3,0.1,0,0
tx-gen-001961,cust-0047,342.04999999999995,136.82,2.5,0,0.0,23,0.1,0,0
tx-gen-001962,cust-0034,29.55,282.9,0.1,0,0.0,11,0.1,0,0
tx-gen-001963,cust-0040,110.29,214.85,0.51,0,0.0,5,0.1,0,0
tx-gen-001964,cust-0025,299.24,185.89,1.61,0,0.0,8,0.1,0,0
tx-gen-001965,cust-0012,23.99,105.11,0.23,0,0.0,2,0.1,0,0
tx-gen-001966,cust-0041,74.38,91.84,0.81,0,0.0,12,0.4,0,0
tx-gen-001967,cust-0008,254.31,192.55,1.32,2,0.0,3,0.1,0,0
tx-gen-001968,cust-0043,97.9,102.29,0.96,2,0.0,0,0.1,0,0
tx-gen-001969,cust-0023,52.89,253.94,0.21,1,0.0,15,0.1,0,0
tx-gen-001970,cust-0039,94.76,215.8,0.44,0,0.0,9,0.1,0,0
tx-gen-001971,cust-0027,140.18,91.53,1.53,0,0.0,10,0.1,0,0
tx-gen-001972,cust-0029,213.26,263.95,0.81,0,0.0,17,0.1,0,0
tx-gen-001973,cust-0022,5.0,51.28,0.1,0,0.0,3,0.1,0,0
tx-gen-001974,cust-0011,128.13,89.52,1.43,1,0.0,21,0.1,0,0
tx-gen-001975,cust-0022,5.0,51.28,0.1,2,0.0,3,0.1,0,0
tx-gen-001976,cust-0025,254.55,185.89,1.37,0,0.0,8,0.1,0,0
tx-gen-001977,cust-0042,55.96,247.36,0.23,0,0.0,3,0.1,1,0
tx-gen-001978,cust-0035,123.2,49.28,2.5,1,0.0,20,0.1,1,0
tx-gen-001979,cust-0022,23.53,51.28,0.46,1,0.0,7,0.1,0,0
tx-gen-001980,cust-0002,41.28,104.26,0.4,0,0.0,22,0.1,0,0
tx-gen-001981,cust-0003,10.91,67.68,0.16,0,0.0,10,0.1,0,0
tx-gen-001982,cust-0016,3002.9,288.45,10.41,4,4923.0,6,0.8,1,1
tx-gen-001983,cust-0006,14.07,38.58,0.36,0,0.0,22,0.1,0,0
tx-gen-001984,cust-0035,103.13,49.28,2.09,0,0.0,19,0.1,0,0
tx-gen-001985,cust-0013,587.2,234.88,2.5,0,0.0,9,0.1,0,0
tx-gen-001986,cust-0020,104.29,227.03,0.46,0,0.0,10,0.1,0,0
tx-gen-001987,cust-0031,151.93,255.21,0.6,0,0.0,2,0.1,0,0
tx-gen-001988,cust-0018,71.84,56.11,1.28,0,0.0,12,0.4,0,0
tx-gen-001989,cust-0032,282.42,129.95,2.17,0,0.0,22,0.4,0,0
tx-gen-001990,cust-0037,86.4,96.1,0.9,0,0.0,4,0.1,0,0
tx-gen-001991,cust-0007,44.23,89.03,0.5,1,0.0,6,0.1,1,0
tx-gen-001992,cust-0007,47.37,89.03,0.53,0,0.0,21,0.1,0,0
tx-gen-001993,cust-0026,58.02,48.78,1.19,0,0.0,2,0.4,0,0
tx-gen-001994,cust-0015,5.0,105.03,0.05,0,0.0,21,0.1,0,0
tx-gen-001995,cust-0010,212.01,219.36,0.97,0,0.0,10,0.4,0,0
tx-gen-001996,cust-0045,117.12,266.62,0.44,0,0.0,4,0.1,0,0
tx-gen-001997,cust-0042,391.04,247.36,1.58,0,0.0,23,0.1,0,0
tx-gen-001998,cust-0047,13.35,136.82,0.1,0,0.0,13,0.1,0,0
tx-gen-001999,cust-0049,667.47,67.7,9.86,6,2362.0,7,0.4,0,1
tx-gen-002000,cust-0003,60.05,67.68,0.89,0,0.0,1,0.1,0,0
tx-gen-002001,cust-0009,54.88,83.69,0.66,0,0.0,19,0.1,0,0
tx-gen-002002,cust-0028,304.34,296.01,1.03,0,0.0,16,0.4,0,0
tx-gen-002003,cust-0037,6.44,96.1,0.07,0,0.0,21,0.1,0,0
tx-gen-002004,cust-0040,186.37,214.85,0.87,0,0.0,19,0.4,0,0
tx-gen-002005,cust-0014,180.12,218.5,0.82,0,0.0,7,0.1,0,0
tx-gen-002006,cust-0001,49.4,60.06,0.82,0,0.0,7,0.1,1,0
tx-gen-002007,cust-0001,55.56,60.06,0.93,0,0.0,1,0.1,0,0
tx-gen-002008,cust-0022,57.87,51.28,1.13,0,0.0,21,0.1,0,0
tx-gen-002009,cust-0041,150.13,91.84,1.63,0,0.0,13,0.1,1,0
tx-gen-002010,cust-0018,17.64,56.11,0.31,0,0.0,18,0.4,0,0
tx-gen-002011,cust-0050,316.52,181.57,1.74,0,0.0,4,0.4,0,0
tx-gen-002012,cust-0005,36.88,53.47,0.69,0,0.0,8,0.1,0,0
tx-gen-002013,cust-0007,7.14,89.03,0.08,0,0.0,13,0.4,0,0
tx-gen-002014,cust-0037,5.8,96.1,0.06,0,0.0,21,0.4,0,0
tx-gen-002015,cust-0040,87.41,214.85,0.41,0,0.0,2,0.1,0,0
tx-gen-002016,cust-0014,335.76,218.5,1.54,0,0.0,23,0.1,0,0
tx-gen-002017,cust-0001,73.87,60.06,1.23,0,0.0,18,0.1,0,0
tx-gen-002018,cust-0043,158.97,102.29,1.55,0,0.0,12,0.4,0,0
tx-gen-002019,cust-0026,35.53,48.78,0.73,0,0.0,2,0.1,0,0
tx-gen-002020,cust-0021,36.96,63.7,0.58,2,0.0,2,0.1,1,0
tx-gen-002021,cust-0018,8.95,56.11,0.16,0,0.0,19,0.4,0,0
tx-gen-002022,cust-0017,22.91,57.6,0.4,0,0.0,18,0.1,0,0
tx-gen-002023,cust-0024,153.15,269.07,0.57,0,0.0,11,0.1,0,0
tx-gen-002024,cust-0013,21.79,234.88,0.09,0,0.0,7,0.1,0,0
tx-gen-002025,cust-0013,1477.83,234.88,6.29,7,4973.0,6,0.8,0,1
tx-gen-002026,cust-0003,16.87,67.68,0.25,0,0.0,9,0.1,1,0
tx-gen-002027,cust-0046,79.71,87.41,0.91,2,0.0,21,0.1,0,0
tx-gen-002028,cust-0046,116.3,87.41,1.33,0,0.0,7,0.1,0,0
tx-gen-002029,cust-0042,618.4000000000001,247.36,2.5,0,0.0,10,0.1,0,0
tx-gen-002030,cust-0046,218.52499999999998,87.41,2.5,0,0.0,2,0.1,0,0
tx-gen-002031,cust-0008,198.1,192.55,1.03,0,0.0,0,0.1,0,0
tx-gen-002032,cust-0018,30.69,56.11,0.55,0,0.0,16,0.4,0,0
tx-gen-002033,cust-0044,279.62,276.55,1.01,1,0.0,19,0.1,0,0
tx-gen-002034,cust-0024,414.41,269.07,1.54,1,0.0,16,0.1,0,0
tx-gen-002035,cust-0005,6.73,53.47,0.13,0,0.0,15,0.1,0,0
tx-gen-002036,cust-0029,139.23,263.95,0.53,0,0.0,9,0.1,0,0
tx-gen-002037,cust-0041,168.19,91.84,1.83,0,0.0,7,0.1,0,0
tx-gen-002038,cust-0022,24.83,51.28,0.48,1,0.0,20,0.4,0,0
tx-gen-002039,cust-0006,32.73,38.58,0.85,0,0.0,20,0.1,0,0
tx-gen-002040,cust-0002,92.39,104.26,0.89,0,0.0,22,0.1,0,0
tx-gen-002041,cust-0047,27.9,136.82,0.2,0,0.0,0,0.1,0,0
tx-gen-002042,cust-0020,102.11,227.03,0.45,0,0.0,3,0.1,0,0
tx-gen-002043,cust-0027,37.27,91.53,0.41,1,0.0,3,0.1,0,0
tx-gen-002044,cust-0019,5.12,193.01,0.03,0,0.0,0,0.1,0,0
tx-gen-002045,cust-0024,6.59,269.07,0.02,0,0.0,10,0.4,0,0
tx-gen-002046,cust-0011,159.52,89.52,1.78,0,0.0,6,0.1,0,0
tx-gen-002047,cust-0045,85.03,266.62,0.32,0,0.0,19,0.1,0,0
tx-gen-002048,cust-0033,153.99,210.95,0.73,0,0.0,11,0.1,0,0
tx-gen-002049,cust-0014,77.54,218.5,0.35,0,0.0,20,0.1,0,0
tx-gen-002050,cust-0031,638.025,255.21,2.5,0,0.0,9,0.1,0,0
tx-gen-002051,cust-0038,39.76,132.45,0.3,0,0.0,8,0.1,0,0
tx-gen-002052,cust-0001,33.72,60.06,0.56,0,0.0,6,0.1,1,0
tx-gen-002053,cust-0012,216.68,105.11,2.06,0,0.0,21,0.1,0,0
tx-gen-002054,cust-0002,192.33,104.26,1.84,0,0.0,3,0.1,0,0
tx-gen-002055,cust-0047,28.17,136.82,0.21,0,0.0,4,0.1,0,0
tx-gen-002056,cust-0031,414.14,255.21,1.62,2,0.0,7,0.1,0,0
tx-gen-002057,cust-0049,41.49,67.7,0.61,0,0.0,3,0.1,0,0
tx-gen-002058,cust-0037,63.39,96.1,0.66,0,0.0,14,0.1,1,0
tx-gen-002059,cust-0039,30.92,215.8,0.14,2,0.0,16,0.1,0,0
tx-gen-002060,cust-0009,7.03,83.69,0.08,2,0.0,7,0.1,0,0
tx-gen-002061,cust-0050,236.36,181.57,1.3,0,0.0,12,0.1,0,0
tx-gen-002062,cust-0043,70.18,102.29,0.69,0,0.0,15,0.1,0,0
tx-gen-002063,cust-0014,125.46,218.5,0.57,0,0.0,6,0.1,0,0
tx-gen-002064,cust-0024,1730.13,269.07,6.43,8,3981.0,12,0.8,1,1
tx-gen-002065,cust-0031,333.69,255.21,1.31,0,0.0,4,0.1,0,0
tx-gen-002066,cust-0009,121.38,83.69,1.45,0,0.0,3,0.1,0,0
tx-gen-002067,cust-0044,47.86,276.55,0.17,0,0.0,15,0.4,0,0
tx-gen-002068,cust-0032,122.44,129.95,0.94,0,0.0,9,0.1,0,0
tx-gen-002069,cust-0050,26.41,181.57,0.15,0,0.0,23,0.1,0,0
tx-gen-002070,cust-0039,300.35,215.8,1.39,0,0.0,0,0.1,0,0
tx-gen-002071,cust-0014,233.77,218.5,1.07,0,0.0,10,0.1,0,0
tx-gen-002072,cust-0010,548.4000000000001,219.36,2.5,0,0.0,5,0.1,1,0
tx-gen-002073,cust-0027,6.54,91.53,0.07,1,0.0,5,0.4,0,0
tx-gen-002074,cust-0006,5.0,38.58,0.13,1,0.0,5,0.1,0,0
tx-gen-002075,cust-0021,21.12,63.7,0.33,0,0.0,3,0.1,0,0
tx-gen-002076,cust-0042,75.05,247.36,0.3,0,0.0,13,0.1,0,0
tx-gen-002077,cust-0017,16.34,57.6,0.28,1,0.0,13,0.4,1,0
tx-gen-002078,cust-0033,499.36,210.95,2.37,1,0.0,2,0.1,1,0
tx-gen-002079,cust-0008,55.28,192.55,0.29,0,0.0,14,0.4,0,0
tx-gen-002080,cust-0006,12.24,38.58,0.32,0,0.0,16,0.4,0,0
tx-gen-002081,cust-0040,306.08,214.85,1.42,0,0.0,9,0.1,0,0
tx-gen-002082,cust-0008,115.02,192.55,0.6,0,0.0,21,0.1,0,0
tx-gen-002083,cust-0024,403.41,269.07,1.5,0,0.0,17,0.1,0,0
tx-gen-002084,cust-0018,5.0,56.11,0.09,0,0.0,11,0.1,0,0
tx-gen-002085,cust-0041,61.4,91.84,0.67,0,0.0,3,0.1,0,0
tx-gen-002086,cust-0026,5.0,48.78,0.1,0,0.0,15,0.4,0,0
tx-gen-002087,cust-0041,5.94,91.84,0.06,2,0.0,0,0.1,0,0
tx-gen-002088,cust-0016,683.37,288.45,2.37,0,0.0,15,0.4,0,0
tx-gen-002089,cust-0024,40.35,269.07,0.15,0,0.0,11,0.1,1,0
tx-gen-002090,cust-0006,29.33,38.58,0.76,0,0.0,22,0.1,0,0
tx-gen-002091,cust-0048,81.48,153.89,0.53,1,0.0,10,0.1,0,0
tx-gen-002092,cust-0008,82.16,192.55,0.43,2,0.0,23,0.1,0,0
tx-gen-002093,cust-0035,113.39,49.28,2.3,0,0.0,4,0.1,0,0
tx-gen-002094,cust-0049,5.0,67.7,0.07,0,0.0,0,0.1,0,0
tx-gen-002095,cust-0039,235.23,215.8,1.09,0,0.0,11,0.1,0,0
tx-gen-002096,cust-0002,260.65000000000003,104.26,2.5,0,0.0,19,0.1,0,0
tx-gen-002097,cust-0041,75.43,91.84,0.82,0,0.0,3,0.1,0,0
tx-gen-002098,cust-0005,133.675,53.47,2.5,0,0.0,11,0.1,0,0
tx-gen-002099,cust-0022,5.0,51.28,0.1,0,0.0,6,0.4,0,0
tx-gen-002100,cust-0023,137.8,253.94,0.54,1,0.0,19,0.1,0,0
tx-gen-002101,cust-0035,14.85,49.28,0.3,0,0.0,12,0.1,0,0
tx-gen-002102,cust-0037,126.12,96.1,1.31,0,0.0,11,0.1,0,0
tx-gen-002103,cust-0014,546.25,218.5,2.5,0,0.0,4,0.1,0,0
tx-gen-002104,cust-0029,78.24,263.95,0.3,0,0.0,16,0.1,0,0
tx-gen-002105,cust-0023,269.64,253.94,1.06,0,0.0,19,0.1,0,0
tx-gen-002106,cust-0048,33.97,153.89,0.22,1,0.0,8,0.1,0,0
tx-gen-002107,cust-0039,179.8,215.8,0.83,0,0.0,5,0.1,0,0
tx-gen-002108,cust-0008,120.05,192.55,0.62,0,0.0,6,0.1,1,0
tx-gen-002109,cust-0026,121.95,48.78,2.5,0,0.0,1,0.1,0,0
tx-gen-002110,cust-0021,59.74,63.7,0.94,0,0.0,8,0.1,0,0
tx-gen-002111,cust-0041,39.49,91.84,0.43,0,0.0,22,0.4,0,0
tx-gen-002112,cust-0026,5.91,48.78,0.12,1,0.0,5,0.1,0,0
tx-gen-002113,cust-0012,17.24,105.11,0.16,1,0.0,7,0.4,0,0
tx-gen-002114,cust-0042,63.15,247.36,0.26,0,0.0,22,0.1,0,0
tx-gen-002115,cust-0027,26.45,91.53,0.29,0,0.0,22,0.1,0,0
tx-gen-002116,cust-0040,408.48,214.85,1.9,0,0.0,7,0.4,0,0
tx-gen-002117,cust-0002,85.89,104.26,0.82,0,0.0,18,0.1,0,0
tx-gen-002118,cust-0006,28.59,38.58,0.74,1,0.0,1,0.4,0,0
tx-gen-002119,cust-0036,9.29,76.21,0.12,0,0.0,13,0.1,0,0
tx-gen-002120,cust-0016,567.41,288.45,1.97,0,0.0,4,0.1,0,0
tx-gen-002121,cust-0002,133.77,104.26,1.28,0,0.0,23,0.1,0,0
tx-gen-002122,cust-0016,20.21,288.45,0.07,0,0.0,23,0.4,0,0
tx-gen-002123,cust-0022,63.1,51.28,1.23,0,0.0,11,0.1,1,0
tx-gen-002124,cust-0001,47.1,60.06,0.78,2,0.0,23,0.4,0,0
tx-gen-002125,cust-0005,5.0,53.47,0.09,0,0.0,16,0.4,0,0
tx-gen-002126,cust-0042,151.64,247.36,0.61,0,0.0,3,0.1,0,0
tx-gen-002127,cust-0019,127.97,193.01,0.66,0,0.0,15,0.1,1,0
tx-gen-002128,cust-0041,16.65,91.84,0.18,0,0.0,0,0.1,0,0
tx-gen-002129,cust-0049,169.25,67.7,2.5,0,0.0,4,0.1,0,0
tx-gen-002130,cust-0010,416.12,219.36,1.9,0,0.0,22,0.1,0,0
tx-gen-002131,cust-0045,294.8,266.62,1.11,0,0.0,17,0.1,0,0
tx-gen-002132,cust-0045,165.42,266.62,0.62,0,0.0,23,0.1,0,0
tx-gen-002133,cust-0049,35.92,67.7,0.53,0,0.0,11,0.1,0,0
tx-gen-002134,cust-0037,101.16,96.1,1.05,1,0.0,12,0.1,0,0
tx-gen-002135,cust-0041,72.41,91.84,0.79,0,0.0,0,0.1,0,0
tx-gen-002136,cust-0009,5.38,83.69,0.06,0,0.0,14,0.1,0,0
tx-gen-002137,cust-0014,156.99,218.5,0.72,0,0.0,12,0.4,0,0
tx-gen-002138,cust-0033,346.38,210.95,1.64,0,0.0,1,0.1,1,0
tx-gen-002139,cust-0023,156.12,253.94,0.61,0,0.0,10,0.4,0,0
tx-gen-002140,cust-0032,6.93,129.95,0.05,0,0.0,19,0.1,0,0
tx-gen-002141,cust-0001,92.68,60.06,1.54,0,0.0,21,0.1,0,0
tx-gen-002142,cust-0010,49.32,219.36,0.22,0,0.0,21,0.1,0,0
tx-gen-002143,cust-0041,27.48,91.84,0.3,0,0.0,16,0.1,0,0
tx-gen-002144,cust-0003,12.18,67.68,0.18,0,0.0,23,0.1,0,0
tx-gen-002145,cust-0035,19.75,49.28,0.4,2,0.0,22,0.1,0,0
tx-gen-002146,cust-0037,135.85,96.1,1.41,0,0.0,6,0.1,0,0
tx-gen-002147,cust-0042,181.24,247.36,0.73,0,0.0,18,0.1,1,0
tx-gen-002148,cust-0018,12.86,56.11,0.23,0,0.0,7,0.1,1,0
tx-gen-002149,cust-0009,175.95,83.69,2.1,0,0.0,12,0.1,0,0
tx-gen-002150,cust-0038,280.37,132.45,2.12,1,0.0,22,0.4,0,0
tx-gen-002151,cust-0041,187.78,91.84,2.04,0,0.0,12,0.1,0,0
tx-gen-002152,cust-0007,24.29,89.03,0.27,0,0.0,13,0.4,0,0
tx-gen-002153,cust-0038,79.48,132.45,0.6,0,0.0,3,0.1,0,0
tx-gen-002154,cust-0041,229.60000000000002,91.84,2.5,0,0.0,12,0.1,0,0
tx-gen-002155,cust-0018,82.96,56.11,1.48,0,0.0,1,0.1,0,0
tx-gen-002156,cust-0042,6.81,247.36,0.03,0,0.0,10,0.1,0,0
tx-gen-002157,cust-0033,14.22,210.95,0.07,2,0.0,1,0.1,1,0
tx-gen-002158,cust-0032,974.53,129.95,7.5,3,5491.0,9,0.4,1,1
tx-gen-002159,cust-0007,55.51,89.03,0.62,0,0.0,8,0.1,0,0
tx-gen-002160,cust-0012,252.19,105.11,2.4,0,0.0,21,0.1,0,0
tx-gen-002161,cust-0021,49.29,63.7,0.77,0,0.0,22,0.1,1,0
tx-gen-002162,cust-0014,150.5,218.5,0.69,0,0.0,1,0.1,0,0
tx-gen-002163,cust-0011,9.98,89.52,0.11,0,0.0,12,0.1,0,0
tx-gen-002164,cust-0031,272.92,255.21,1.07,0,0.0,22,0.1,0,0
tx-gen-002165,cust-0020,391.98,227.03,1.73,0,0.0,20,0.1,0,0
tx-gen-002166,cust-0021,30.49,63.7,0.48,0,0.0,17,0.4,0,0
tx-gen-002167,cust-0049,101.17,67.7,1.49,0,0.0,0,0.1,0,0
tx-gen-002168,cust-0030,262.625,105.05,2.5,0,0.0,18,0.1,0,0
tx-gen-002169,cust-0019,43.98,193.01,0.23,0,0.0,3,0.1,0,0
tx-gen-002170,cust-0036,56.47,76.21,0.74,0,0.0,3,0.1,0,0
tx-gen-002171,cust-0018,18.99,56.11,0.34,0,0.0,3,0.1,0,0
tx-gen-002172,cust-0047,215.4,136.82,1.57,0,0.0,4,0.1,1,0
tx-gen-002173,cust-0032,111.99,129.95,0.86,0,0.0,5,0.4,0,0
tx-gen-002174,cust-0041,92.46,91.84,1.01,0,0.0,23,0.1,0,0
tx-gen-002175,cust-0031,408.1,255.21,1.6,2,0.0,17,0.1,0,0
tx-gen-002176,cust-0010,110.59,219.36,0.5,0,0.0,16,0.1,0,0
tx-gen-002177,cust-0029,650.94,263.95,2.47,0,0.0,3,0.4,0,0
tx-gen-002178,cust-0034,215.42,282.9,0.76,0,0.0,23,0.1,0,0
tx-gen-002179,cust-0045,45.84,266.62,0.17,1,0.0,13,0.1,0,0
tx-gen-002180,cust-0014,260.1,218.5,1.19,0,0.0,15,0.1,0,0
tx-gen-002181,cust-0044,435.93,276.55,1.58,0,0.0,13,0.1,1,0
tx-gen-002182,cust-0009,31.88,83.69,0.38,0,0.0,9,0.1,0,0
tx-gen-002183,cust-0004,413.97,212.71,1.95,0,0.0,11,0.4,0,0
tx-gen-002184,cust-0003,160.13,67.68,2.37,0,0.0,18,0.4,0,0
tx-gen-002185,cust-0041,29.78,91.84,0.32,0,0.0,21,0.4,0,0
tx-gen-002186,cust-0008,481.375,192.55,2.5,0,0.0,17,0.1,0,0
tx-gen-002187,cust-0042,37.51,247.36,0.15,1,0.0,15,0.1,0,0
tx-gen-002188,cust-0048,34.73,153.89,0.23,0,0.0,1,0.1,0,0
tx-gen-002189,cust-0030,21.39,105.05,0.2,0,0.0,8,0.1,0,0
tx-gen-002190,cust-0040,482.17,214.85,2.24,0,0.0,17,0.1,0,0
tx-gen-002191,cust-0017,61.18,57.6,1.06,0,0.0,4,0.1,0,0
tx-gen-002192,cust-0013,38.75,234.88,0.16,1,0.0,6,0.1,0,0
tx-gen-002193,cust-0037,55.78,96.1,0.58,0,0.0,11,0.1,0,0
tx-gen-002194,cust-0035,47.08,49.28,0.96,0,0.0,14,0.1,1,0
tx-gen-002195,cust-0021,5.55,63.7,0.09,0,0.0,22,0.1,0,0
tx-gen-002196,cust-0018,120.11,56.11,2.14,0,0.0,18,0.1,0,0
tx-gen-002197,cust-0029,429.61,263.95,1.63,0,0.0,3,0.1,0,0
tx-gen-002198,cust-0048,108.28,153.89,0.7,0,0.0,11,0.1,0,0
tx-gen-002199,cust-0050,453.92499999999995,181.57,2.5,2,0.0,8,0.1,0,0
tx-gen-002200,cust-0038,71.64,132.45,0.54,0,0.0,1,0.1,0,0
tx-gen-002201,cust-0032,324.875,129.95,2.5,0,0.0,14,0.1,0,0
tx-gen-002202,cust-0006,42.53,38.58,1.1,0,0.0,18,0.1,0,0
tx-gen-002203,cust-0030,1085.06,105.05,10.33,5,5578.0,14,0.1,1,1
tx-gen-002204,cust-0005,53.84,53.47,1.01,0,0.0,8,0.1,0,0
tx-gen-002205,cust-0042,44.89,247.36,0.18,0,0.0,11,0.1,1,0
tx-gen-002206,cust-0047,292.31,136.82,2.14,0,0.0,10,0.1,0,0
tx-gen-002207,cust-0037,463.58,96.1,4.82,3,3937.0,4,0.8,1,1
tx-gen-002208,cust-0048,85.83,153.89,0.56,0,0.0,19,0.4,0,0
tx-gen-002209,cust-0012,18.61,105.11,0.18,0,0.0,4,0.1,0,0
tx-gen-002210,cust-0012,5.0,105.11,0.05,0,0.0,22,0.1,0,0
tx-gen-002211,cust-0026,40.02,48.78,0.82,0,0.0,3,0.4,0,0
tx-gen-002212,cust-0022,194.4,51.28,3.79,3,9104.0,19,0.8,1,1
tx-gen-002213,cust-0011,67.1,89.52,0.75,1,0.0,8,0.1,0,0
tx-gen-002214,cust-0005,67.94,53.47,1.27,2,0.0,7,0.1,0,0
tx-gen-002215,cust-0035,108.89,49.28,2.21,0,0.0,21,0.1,0,0
tx-gen-002216,cust-0017,5.0,57.6,0.09,0,0.0,17,0.4,0,0
tx-gen-002217,cust-0046,114.93,87.41,1.31,0,0.0,20,0.4,0,0
tx-gen-002218,cust-0009,17.37,83.69,0.21,0,0.0,23,0.1,0,0
tx-gen-002219,cust-0046,170.73,87.41,1.95,0,0.0,23,0.1,0,0
tx-gen-002220,cust-0047,233.91,136.82,1.71,0,0.0,21,0.1,0,0
tx-gen-002221,cust-0037,74.79,96.1,0.78,0,0.0,6,0.1,0,0
tx-gen-002222,cust-0010,271.72,219.36,1.24,0,0.0,2,0.1,0,0
tx-gen-002223,cust-0012,398.36,105.11,3.79,6,9873.0,18,0.4,1,1
tx-gen-002224,cust-0031,96.31,255.21,0.38,0,0.0,7,0.1,0,0
tx-gen-002225,cust-0037,61.22,96.1,0.64,0,0.0,13,0.1,0,0
tx-gen-002226,cust-0008,331.94,192.55,1.72,1,0.0,15,0.4,0,0
tx-gen-002227,cust-0012,64.62,105.11,0.61,0,0.0,8,0.4,0,0
tx-gen-002228,cust-0022,22.71,51.28,0.44,0,0.0,22,0.1,0,0
tx-gen-002229,cust-0002,71.07,104.26,0.68,0,0.0,11,0.1,0,0
tx-gen-002230,cust-0008,339.22,192.55,1.76,1,0.0,21,0.1,0,0
tx-gen-002231,cust-0028,120.86,296.01,0.41,0,0.0,13,0.4,0,0
tx-gen-002232,cust-0033,40.26,210.95,0.19,0,0.0,4,0.1,0,0
tx-gen-002233,cust-0034,352.17,282.9,1.24,1,0.0,19,0.4,0,0
tx-gen-002234,cust-0035,86.17,49.28,1.75,0,0.0,23,0.4,0,0
tx-gen-002235,cust-0044,29.33,276.55,0.11,0,0.0,17,0.4,1,0
tx-gen-002236,cust-0046,23.97,87.41,0.27,1,0.0,11,0.1,0,0
tx-gen-002237,cust-0026,7.47,48.78,0.15,1,0.0,11,0.1,0,0
tx-gen-002238,cust-0009,35.79,83.69,0.43,0,0.0,7,0.1,0,0
tx-gen-002239,cust-0043,61.22,102.29,0.6,2,0.0,19,0.4,0,0
tx-gen-002240,cust-0027,126.46,91.53,1.38,0,0.0,18,0.1,0,0
tx-gen-002241,cust-0016,303.77,288.45,1.05,0,0.0,12,0.1,0,0
tx-gen-002242,cust-0023,246.33,253.94,0.97,1,0.0,3,0.1,0,0
tx-gen-002243,cust-0048,66.86,153.89,0.43,0,0.0,19,0.1,0,0
tx-gen-002244,cust-0049,124.68,67.7,1.84,0,0.0,23,0.1,0,0
tx-gen-002245,cust-0050,115.72,181.57,0.64,0,0.0,21,0.1,0,0
tx-gen-002246,cust-0008,481.375,192.55,2.5,0,0.0,12,0.1,0,0
tx-gen-002247,cust-0049,68.07,67.7,1.01,1,0.0,1,0.1,0,0
tx-gen-002248,cust-0017,7.77,57.6,0.13,0,0.0,11,0.1,0,0
tx-gen-002249,cust-0045,300.63,266.62,1.13,0,0.0,8,0.1,0,0
tx-gen-002250,cust-0047,53.8,136.82,0.39,0,0.0,12,0.1,0,0
tx-gen-002251,cust-0032,150.66,129.95,1.16,0,0.0,8,0.1,0,0
tx-gen-002252,cust-0050,13.11,181.57,0.07,0,0.0,2,0.1,0,0
tx-gen-002253,cust-0043,19.66,102.29,0.19,0,0.0,11,0.1,0,0
tx-gen-002254,cust-0032,251.6,129.95,1.94,0,0.0,1,0.1,0,0
tx-gen-002255,cust-0007,22.94,89.03,0.26,0,0.0,9,0.4,0,0
tx-gen-002256,cust-0039,391.52,215.8,1.81,0,0.0,19,0.1,0,0
tx-gen-002257,cust-0042,81.01,247.36,0.33,0,0.0,9,0.1,0,0
tx-gen-002258,cust-0024,277.06,269.07,1.03,1,0.0,23,0.1,0,0
tx-gen-002259,cust-0003,80.18,67.68,1.18,0,0.0,1,0.1,0,0
tx-gen-002260,cust-0026,35.06,48.78,0.72,0,0.0,4,0.1,0,0
tx-gen-002261,cust-0037,35.01,96.1,0.36,0,0.0,9,0.1,1,0
tx-gen-002262,cust-0002,24.93,104.26,0.24,1,0.0,1,0.1,0,0
tx-gen-002263,cust-0016,9.74,288.45,0.03,0,0.0,8,0.1,1,0
tx-gen-002264,cust-0017,20.87,57.6,0.36,0,0.0,14,0.1,0,0
tx-gen-002265,cust-0042,261.93,247.36,1.06,0,0.0,12,0.1,0,0
tx-gen-002266,cust-0032,324.875,129.95,2.5,0,0.0,9,0.1,0,0
tx-gen-002267,cust-0015,215.26,105.03,2.05,1,0.0,20,0.1,0,0
tx-gen-002268,cust-0026,70.86,48.78,1.45,0,0.0,6,0.1,0,0
tx-gen-002269,cust-0046,135.77,87.41,1.55,1,0.0,16,0.1,0,0
tx-gen-002270,cust-0011,97.9,89.52,1.09,0,0.0,3,0.1,1,0
tx-gen-002271,cust-0045,80.38,266.62,0.3,0,0.0,23,0.4,0,0
tx-gen-002272,cust-0045,633.82,266.62,2.38,0,0.0,11,0.1,1,0
tx-gen-002273,cust-0043,113.63,102.29,1.11,0,0.0,23,0.1,0,0
tx-gen-002274,cust-0026,40.1,48.78,0.82,1,0.0,1,0.1,0,0
tx-gen-002275,cust-0019,22.71,193.01,0.12,2,0.0,11,0.1,0,0
tx-gen-002276,cust-0003,40.1,67.68,0.59,0,0.0,2,0.1,0,0
tx-gen-002277,cust-0045,164.46,266.62,0.62,0,0.0,7,0.1,0,0
tx-gen-002278,cust-0010,2566.3,219.36,11.7,6,9531.0,4,0.8,1,1
tx-gen-002279,cust-0037,192.13,96.1,2.0,0,0.0,22,0.4,0,0
tx-gen-002280,cust-0025,147.06,185.89,0.79,0,0.0,3,0.1,0,0
tx-gen-002281,cust-0016,138.08,288.45,0.48,2,0.0,12,0.1,0,0
tx-gen-002282,cust-0045,666.55,266.62,2.5,0,0.0,23,0.4,1,0
tx-gen-002283,cust-0033,24.75,210.95,0.12,0,0.0,17,0.1,0,0
tx-gen-002284,cust-0015,57.68,105.03,0.55,1,0.0,16,0.4,0,0
tx-gen-002285,cust-0018,5.0,56.11,0.09,0,0.0,20,0.1,0,0
tx-gen-002286,cust-0028,398.64,296.01,1.35,0,0.0,14,0.1,0,0
tx-gen-002287,cust-0004,531.775,212.71,2.5,0,0.0,9,0.1,0,0
tx-gen-002288,cust-0047,44.95,136.82,0.33,0,0.0,22,0.1,0,0
tx-gen-002289,cust-0046,170.83,87.41,1.95,0,0.0,3,0.1,0,0
tx-gen-002290,cust-0035,17.03,49.28,0.35,0,0.0,17,0.1,0,0
tx-gen-002291,cust-0033,509.77,210.95,2.42,2,0.0,3,0.4,0,0
tx-gen-002292,cust-0001,84.22,60.06,1.4,0,0.0,19,0.1,0,0
tx-gen-002293,cust-0005,87.38,53.47,1.63,0,0.0,5,0.1,0,0
tx-gen-002294,cust-0016,5.24,288.45,0.02,0,0.0,7,0.1,1,0
tx-gen-002295,cust-0047,342.04999999999995,136.82,2.5,1,0.0,2,0.1,0,0
tx-gen-002296,cust-0044,358.71,276.55,1.3,0,0.0,2,0.1,0,0
tx-gen-002297,cust-0022,18.64,51.28,0.36,0,0.0,7,0.1,0,0
tx-gen-002298,cust-0017,101.86,57.6,1.77,0,0.0,19,0.1,0,0
tx-gen-002299,cust-0042,81.78,247.36,0.33,0,0.0,22,0.1,0,0
tx-gen-002300,cust-0002,214.95,104.26,2.06,0,0.0,13,0.4,0,0
tx-gen-002301,cust-0011,322.89,89.52,3.61,5,9807.0,3,0.8,1,1
tx-gen-002302,cust-0037,11.48,96.1,0.12,0,0.0,7,0.1,0,0
tx-gen-002303,cust-0012,127.85,105.11,1.22,1,0.0,10,0.1,1,0
tx-gen-002304,cust-0039,167.9,215.8,0.78,0,0.0,2,0.1,0,0
tx-gen-002305,cust-0012,10.67,105.11,0.1,0,0.0,12,0.1,1,0
tx-gen-002306,cust-0008,53.32,192.55,0.28,0,0.0,8,0.1,0,0
tx-gen-002307,cust-0038,5.0,132.45,0.04,0,0.0,1,0.1,0,0
tx-gen-002308,cust-0040,135.9,214.85,0.63,1,0.0,9,0.4,0,0
tx-gen-002309,cust-0008,69.03,192.55,0.36,0,0.0,23,0.1,0,0
tx-gen-002310,cust-0032,118.54,129.95,0.91,0,0.0,19,0.1,1,0
tx-gen-002311,cust-0031,90.02,255.21,0.35,1,0.0,19,0.1,0,0
tx-gen-002312,cust-0042,88.2,247.36,0.36,0,0.0,23,0.4,0,0
tx-gen-002313,cust-0026,66.31,48.78,1.36,0,0.0,13,0.1,0,0
tx-gen-002314,cust-0049,5.0,67.7,0.07,0,0.0,0,0.1,0,0
tx-gen-002315,cust-0032,809.96,129.95,6.23,6,5205.0,11,0.8,1,1
tx-gen-002316,cust-0050,423.41,181.57,2.33,1,0.0,0,0.4,0,0
tx-gen-002317,cust-0006,73.78,38.58,1.91,0,0.0,11,0.4,0,0
tx-gen-002318,cust-0048,169.59,153.89,1.1,2,0.0,13,0.1,0,0
tx-gen-002319,cust-0023,228.42,253.94,0.9,0,0.0,18,0.1,0,0
tx-gen-002320,cust-0012,234.23,105.11,2.23,0,0.0,1,0.1,1,0
tx-gen-002321,cust-0015,21.53,105.03,0.2,0,0.0,15,0.1,0,0
tx-gen-002322,cust-0040,1128.23,214.85,5.25,5,4438.0,17,0.1,1,1
tx-gen-002323,cust-0043,8.41,102.29,0.08,2,0.0,2,0.1,0,0
tx-gen-002324,cust-0024,73.67,269.07,0.27,0,0.0,14,0.1,0,0
tx-gen-002325,cust-0040,340.04,214.85,1.58,0,0.0,11,0.4,1,0
tx-gen-002326,cust-0020,8.01,227.03,0.04,0,0.0,11,0.1,0,0
tx-gen-002327,cust-0027,80.02,91.53,0.87,0,0.0,5,0.1,0,0
tx-gen-002328,cust-0045,666.55,266.62,2.5,0,0.0,21,0.1,0,0
tx-gen-002329,cust-0041,177.79,91.84,1.94,0,0.0,11,0.1,0,0
tx-gen-002330,cust-0011,65.97,89.52,0.74,0,0.0,8,0.1,0,0
tx-gen-002331,cust-0037,6.32,96.1,0.07,1,0.0,20,0.1,0,0
tx-gen-002332,cust-0006,68.68,38.58,1.78,0,0.0,7,0.1,1,0
tx-gen-002333,cust-0031,233.2,255.21,0.91,0,0.0,3,0.1,0,0
tx-gen-002334,cust-0006,5.0,38.58,0.13,0,0.0,3,0.1,0,0
tx-gen-002335,cust-0048,15.17,153.89,0.1,0,0.0,8,0.1,0,0
tx-gen-002336,cust-0013,564.61,234.88,2.4,0,0.0,22,0.1,1,0
tx-gen-002337,cust-0022,56.73,51.28,1.11,0,0.0,19,0.1,0,0
tx-gen-002338,cust-0042,437.28,247.36,1.77,1,0.0,14,0.1,0,0
tx-gen-002339,cust-0015,221.8,105.03,2.11,0,0.0,16,0.1,0,0
tx-gen-002340,cust-0029,223.86,263.95,0.85,0,0.0,8,0.4,0,0
tx-gen-002341,cust-0010,159.84,219.36,0.73,0,0.0,21,0.1,0,0
tx-gen-002342,cust-0034,159.24,282.9,0.56,0,0.0,7,0.1,0,0
tx-gen-002343,cust-0003,25.8,67.68,0.38,0,0.0,10,0.1,0,0
tx-gen-002344,cust-0004,121.29,212.71,0.57,1,0.0,14,0.1,0,0
tx-gen-002345,cust-0003,100.62,67.68,1.49,0,0.0,17,0.1,1,0
tx-gen-002346,cust-0037,88.52,96.1,0.92,0,0.0,17,0.4,1,0
tx-gen-002347,cust-0016,643.38,288.45,2.23,0,0.0,18,0.1,1,0
tx-gen-002348,cust-0030,61.55,105.05,0.59,0,0.0,22,0.1,0,0
tx-gen-002349,cust-0010,204.92,219.36,0.93,2,0.0,20,0.1,0,0
tx-gen-002350,cust-0024,268.48,269.07,1.0,0,0.0,7,0.1,0,0
tx-gen-002351,cust-0046,78.3,87.41,0.9,0,0.0,15,0.1,0,0
tx-gen-002352,cust-0014,264.99,218.5,1.21,0,0.0,7,0.1,0,0
tx-gen-002353,cust-0025,50.39,185.89,0.27,0,0.0,17,0.1,0,0
tx-gen-002354,cust-0034,203.17,282.9,0.72,0,0.0,17,0.1,1,0
tx-gen-002355,cust-0047,15.06,136.82,0.11,1,0.0,7,0.1,0,0
tx-gen-002356,cust-0049,32.86,67.7,0.49,0,0.0,2,0.1,0,0
tx-gen-002357,cust-0007,59.54,89.03,0.67,1,0.0,4,0.1,1,0
tx-gen-002358,cust-0040,226.92,214.85,1.06,0,0.0,3,0.1,0,0
tx-gen-002359,cust-0043,255.72500000000002,102.29,2.5,0,0.0,2,0.1,0,0
tx-gen-002360,cust-0045,244.74,266.62,0.92,0,0.0,15,0.1,0,0
tx-gen-002361,cust-0037,130.79,96.1,1.36,0,0.0,8,0.1,0,0
tx-gen-002362,cust-0010,154.82,219.36,0.71,1,0.0,15,0.1,0,0
tx-gen-002363,cust-0032,130.65,129.95,1.01,0,0.0,17,0.4,0,0
tx-gen-002364,cust-0044,20.35,276.55,0.07,0,0.0,22,0.1,1,0
tx-gen-002365,cust-0004,62.44,212.71,0.29,1,0.0,4,0.1,0,0
tx-gen-002366,cust-0048,69.13,153.89,0.45,1,0.0,9,0.1,0,0
tx-gen-002367,cust-0021,40.74,63.7,0.64,0,0.0,15,0.1,0,0
tx-gen-002368,cust-0020,10.61,227.03,0.05,1,0.0,3,0.1,0,0
tx-gen-002369,cust-0027,13.81,91.53,0.15,0,0.0,6,0.1,0,0
tx-gen-002370,cust-0031,82.71,255.21,0.32,2,0.0,14,0.1,0,0
tx-gen-002371,cust-0010,548.4000000000001,219.36,2.5,0,0.0,20,0.1,0,0
tx-gen-002372,cust-0025,74.82,185.89,0.4,0,0.0,19,0.4,0,0
tx-gen-002373,cust-0029,173.64,263.95,0.66,1,0.0,13,0.1,1,0
tx-gen-002374,cust-0043,22.33,102.29,0.22,1,0.0,22,0.1,0,0
tx-gen-002375,cust-0009,78.97,83.69,0.94,0,0.0,19,0.1,1,0
tx-gen-002376,cust-0043,33.7,102.29,0.33,0,0.0,17,0.1,0,0
tx-gen-002377,cust-0006,8.95,38.58,0.23,0,0.0,0,0.1,0,0
tx-gen-002378,cust-0011,65.07,89.52,0.73,0,0.0,0,0.1,1,0
tx-gen-002379,cust-0002,5.0,104.26,0.05,0,0.0,4,0.1,0,0
tx-gen-002380,cust-0017,5.0,57.6,0.09,0,0.0,9,0.1,0,0
tx-gen-002381,cust-0049,16.74,67.7,0.25,0,0.0,7,0.1,0,0
tx-gen-002382,cust-0040,787.06,214.85,3.66,6,1089.0,5,0.4,1,1
tx-gen-002383,cust-0045,9.97,266.62,0.04,0,0.0,3,0.1,0,0
tx-gen-002384,cust-0028,33.84,296.01,0.11,1,0.0,3,0.1,0,0
tx-gen-002385,cust-0036,31.53,76.21,0.41,0,0.0,15,0.1,0,0
tx-gen-002386,cust-0043,165.96,102.29,1.62,1,0.0,0,0.4,0,0
tx-gen-002387,cust-0009,71.03,83.69,0.85,0,0.0,17,0.1,0,0
tx-gen-002388,cust-0010,157.68,219.36,0.72,1,0.0,13,0.1,0,0
tx-gen-002389,cust-0001,20.87,60.06,0.35,0,0.0,1,0.4,0,0
tx-gen-002390,cust-0030,262.625,105.05,2.5,0,0.0,2,0.1,0,0
tx-gen-002391,cust-0009,42.34,83.69,0.51,0,0.0,9,0.1,1,0
tx-gen-002392,cust-0001,5.47,60.06,0.09,0,0.0,5,0.1,0,0
tx-gen-002393,cust-0021,61.15,63.7,0.96,1,0.0,12,0.1,0,0
tx-gen-002394,cust-0032,15.71,129.95,0.12,0,0.0,22,0.1,0,0
tx-gen-002395,cust-0004,90.07,212.71,0.42,0,0.0,4,0.1,1,0
tx-gen-002396,cust-0017,40.79,57.6,0.71,2,0.0,8,0.4,0,0
tx-gen-002397,cust-0045,552.77,266.62,2.07,1,0.0,3,0.1,0,0
tx-gen-002398,cust-0015,71.45,105.03,0.68,0,0.0,19,0.4,0,0
tx-gen-002399,cust-0041,111.27,91.84,1.21,1,0.0,19,0.1,0,0
tx-gen-002400,cust-0034,1666.94,282.9,5.89,3,6139.0,21,0.1,1,1
tx-gen-002401,cust-0047,342.04999999999995,136.82,2.5,0,0.0,3,0.1,0,0
tx-gen-002402,cust-0029,1638.17,263.95,6.21,8,9825.0,0,0.8,0,1
tx-gen-002403,cust-0017,8.12,57.6,0.14,0,0.0,1,0.1,0,0
tx-gen-002404,cust-0024,86.43,269.07,0.32,0,0.0,12,0.1,0,0
tx-gen-002405,cust-0015,52.71,105.03,0.5,0,0.0,21,0.1,0,0
tx-gen-002406,cust-0021,34.9,63.7,0.55,1,0.0,16,0.1,0,0
tx-gen-002407,cust-0010,116.12,219.36,0.53,1,0.0,2,0.1,0,0
tx-gen-002408,cust-0021,151.72,63.7,2.38,0,0.0,13,0.1,0,0
tx-gen-002409,cust-0043,128.05,102.29,1.25,1,0.0,17,0.4,0,0
tx-gen-002410,cust-0002,97.61,104.26,0.94,0,0.0,15,0.1,0,0
tx-gen-002411,cust-0026,18.06,48.78,0.37,0,0.0,0,0.1,0,0
tx-gen-002412,cust-0047,237.53,136.82,1.74,0,0.0,14,0.1,0,0
tx-gen-002413,cust-0023,634.85,253.94,2.5,0,0.0,2,0.1,0,0
tx-gen-002414,cust-0010,377.62,219.36,1.72,0,0.0,23,0.1,0,0
tx-gen-002415,cust-0020,5.0,227.03,0.02,0,0.0,19,0.1,0,0
tx-gen-002416,cust-0008,194.8,192.55,1.01,0,0.0,5,0.1,0,0
tx-gen-002417,cust-0045,13.99,266.62,0.05,2,0.0,15,0.4,0,0
tx-gen-002418,cust-0029,78.62,263.95,0.3,1,0.0,9,0.1,0,0
tx-gen-002419,cust-0021,5.0,63.7,0.08,0,0.0,8,0.1,0,0
tx-gen-002420,cust-0022,47.48,51.28,0.93,0,0.0,13,0.1,0,0
tx-gen-002421,cust-0015,121.86,105.03,1.16,1,0.0,11,0.1,0,0
tx-gen-002422,cust-0037,11.68,96.1,0.12,0,0.0,18,0.1,0,0
tx-gen-002423,cust-0049,32.78,67.7,0.48,0,0.0,6,0.1,0,0
tx-gen-002424,cust-0047,83.36,136.82,0.61,0,0.0,21,0.1,0,0
tx-gen-002425,cust-0018,25.84,56.11,0.46,0,0.0,2,0.1,0,0
tx-gen-002426,cust-0001,7.75,60.06,0.13,0,0.0,11,0.1,0,0
tx-gen-002427,cust-0021,34.58,63.7,0.54,1,0.0,14,0.4,0,0
tx-gen-002428,cust-0042,344.08,247.36,1.39,0,0.0,9,0.4,0,0
tx-gen-002429,cust-0048,11.33,153.89,0.07,0,0.0,15,0.4,0,0
tx-gen-002430,cust-0028,24.74,296.01,0.08,0,0.0,23,0.1,0,0
tx-gen-002431,cust-0002,1040.53,104.26,9.98,6,2918.0,14,0.8,1,1
tx-gen-002432,cust-0029,115.65,263.95,0.44,0,0.0,12,0.1,0,0
tx-gen-002433,cust-0007,222.575,89.03,2.5,0,0.0,12,0.1,0,0
tx-gen-002434,cust-0019,213.15,193.01,1.1,2,0.0,16,0.1,0,0
tx-gen-002435,cust-0021,72.32,63.7,1.14,0,0.0,13,0.1,0,0
tx-gen-002436,cust-0036,685.42,76.21,8.99,5,1065.0,12,0.4,1,1
tx-gen-002437,cust-0042,111.14,247.36,0.45,0,0.0,11,0.4,0,0
tx-gen-002438,cust-0047,123.22,136.82,0.9,0,0.0,0,0.1,0,0
tx-gen-002439,cust-0010,5.0,219.36,0.02,0,0.0,20,0.1,0,0
tx-gen-002440,cust-0023,256.7,253.94,1.01,0,0.0,13,0.1,0,0
tx-gen-002441,cust-0035,120.5,49.28,2.45,0,0.0,21,0.1,0,0
tx-gen-002442,cust-0006,36.58,38.58,0.95,0,0.0,19,0.1,1,0
tx-gen-002443,cust-0017,119.18,57.6,2.07,0,0.0,3,0.4,0,0
tx-gen-002444,cust-0045,343.21,266.62,1.29,0,0.0,20,0.1,0,0
tx-gen-002445,cust-0010,28.18,219.36,0.13,0,0.0,12,0.4,0,0
tx-gen-002446,cust-0041,213.75,91.84,2.33,0,0.0,18,0.4,0,0
tx-gen-002447,cust-0043,7.03,102.29,0.07,0,0.0,18,0.4,0,0
tx-gen-002448,cust-0003,51.67,67.68,0.76,0,0.0,1,0.1,0,0
tx-gen-002449,cust-0038,20.31,132.45,0.15,0,0.0,8,0.1,0,0
tx-gen-002450,cust-0001,5.0,60.06,0.08,0,0.0,16,0.1,0,0
tx-gen-002451,cust-0025,101.91,185.89,0.55,0,0.0,8,0.4,0,0
tx-gen-002452,cust-0017,20.14,57.6,0.35,0,0.0,4,0.1,0,0
tx-gen-002453,cust-0042,164.63,247.36,0.67,0,0.0,22,0.1,0,0
tx-gen-002454,cust-0007,76.64,89.03,0.86,0,0.0,17,0.1,0,0
tx-gen-002455,cust-0020,10.15,227.03,0.04,1,0.0,12,0.4,0,0
tx-gen-002456,cust-0004,27.92,212.71,0.13,1,0.0,22,0.4,0,0
tx-gen-002457,cust-0014,178.71,218.5,0.82,0,0.0,4,0.1,0,0
tx-gen-002458,cust-0022,21.55,51.28,0.42,0,0.0,8,0.1,0,0
tx-gen-002459,cust-0049,88.43,67.7,1.31,0,0.0,18,0.1,0,0
tx-gen-002460,cust-0043,108.06,102.29,1.06,0,0.0,14,0.1,0,0
tx-gen-002461,cust-0002,194.78,104.26,1.87,1,0.0,0,0.1,0,0
tx-gen-002462,cust-0025,219.21,185.89,1.18,0,0.0,12,0.1,0,0
tx-gen-002463,cust-0013,132.0,234.88,0.56,0,0.0,22,0.1,0,0
tx-gen-002464,cust-0020,253.75,227.03,1.12,0,0.0,22,0.1,0,0
tx-gen-002465,cust-0014,70.38,218.5,0.32,1,0.0,22,0.1,1,0
tx-gen-002466,cust-0012,1015.45,105.11,9.66,8,4924.0,20,0.8,1,1
tx-gen-002467,cust-0002,38.13,104.26,0.37,0,0.0,15,0.1,0,0
tx-gen-002468,cust-0005,83.19,53.47,1.56,0,0.0,8,0.1,0,0
tx-gen-002469,cust-0030,62.12,105.05,0.59,1,0.0,4,0.4,0,0
tx-gen-002470,cust-0050,290.76,181.57,1.6,0,0.0,15,0.1,0,0
tx-gen-002471,cust-0043,176.79,102.29,1.73,0,0.0,2,0.1,0,0
tx-gen-002472,cust-0042,482.07,247.36,1.95,0,0.0,6,0.1,0,0
tx-gen-002473,cust-0015,260.95,105.03,2.48,0,0.0,7,0.1,0,0
tx-gen-002474,cust-0030,59.23,105.05,0.56,0,0.0,13,0.1,1,0
tx-gen-002475,cust-0047,52.54,136.82,0.38,0,0.0,6,0.1,0,0
tx-gen-002476,cust-0012,91.73,105.11,0.87,2,0.0,20,0.1,0,0
tx-gen-002477,cust-0010,101.76,219.36,0.46,0,0.0,0,0.4,1,0
tx-gen-002478,cust-0006,35.45,38.58,0.92,1,0.0,12,0.1,0,0
tx-gen-002479,cust-0029,322.75,263.95,1.22,0,0.0,22,0.1,1,0
tx-gen-002480,cust-0041,107.09,91.84,1.17,0,0.0,2,0.4,0,0
tx-gen-002481,cust-0037,45.1,96.1,0.47,0,0.0,17,0.1,0,0
tx-gen-002482,cust-0008,35.15,192.55,0.18,0,0.0,12,0.1,0,0
tx-gen-002483,cust-0017,32.43,57.6,0.56,0,0.0,23,0.1,0,0
tx-gen-002484,cust-0032,19.99,129.95,0.15,1,0.0,23,0.4,0,0
tx-gen-002485,cust-0026,107.71,48.78,2.21,0,0.0,23,0.1,1,0
tx-gen-002486,cust-0015,44.58,105.03,0.42,1,0.0,7,0.1,0,0
tx-gen-002487,cust-0013,39.41,234.88,0.17,0,0.0,22,0.1,1,0
tx-gen-002488,cust-0045,6.87,266.62,0.03,0,0.0,0,0.1,0,0
tx-gen-002489,cust-0041,95.33,91.84,1.04,0,0.0,9,0.1,0,0
tx-gen-002490,cust-0014,221.36,218.5,1.01,0,0.0,11,0.1,1,0
tx-gen-002491,cust-0028,123.27,296.01,0.42,0,0.0,16,0.1,0,0
tx-gen-002492,cust-0025,13.83,185.89,0.07,0,0.0,15,0.1,1,0
tx-gen-002493,cust-0041,48.4,91.84,0.53,2,0.0,19,0.1,0,0
tx-gen-002494,cust-0023,2747.63,253.94,10.82,3,6251.0,2,0.8,1,1
tx-gen-002495,cust-0044,103.11,276.55,0.37,0,0.0,11,0.1,0,0
tx-gen-002496,cust-0006,43.61,38.58,1.13,0,0.0,11,0.1,0,0
tx-gen-002497,cust-0046,81.37,87.41,0.93,0,0.0,13,0.1,0,0
tx-gen-002498,cust-0039,97.86,215.8,0.45,0,0.0,3,0.1,0,0
tx-gen-002499,cust-0029,64.87,263.95,0.25,0,0.0,8,0.1,0,0
tx-gen-002500,cust-0044,691.375,276.55,2.5,0,0.0,2,0.1,0,0
tx-gen-002501,cust-0018,33.95,56.11,0.61,0,0.0,7,0.4,0,0
tx-gen-002502,cust-0038,154.39,132.45,1.17,0,0.0,0,0.1,0,0
tx-gen-002503,cust-0011,13.56,89.52,0.15,0,0.0,17,0.1,0,0
tx-gen-002504,cust-0005,35.54,53.47,0.66,0,0.0,6,0.1,0,0
tx-gen-002505,cust-0042,6.91,247.36,0.03,0,0.0,6,0.1,0,0
tx-gen-002506,cust-0044,194.72,276.55,0.7,0,0.0,21,0.1,0,0
tx-gen-002507,cust-0008,481.375,192.55,2.5,0,0.0,16,0.1,1,0
tx-gen-002508,cust-0037,635.87,96.1,6.62,3,6534.0,3,0.8,1,1
tx-gen-002509,cust-0041,44.53,91.84,0.48,0,0.0,2,0.1,0,0
tx-gen-002510,cust-0045,10.61,266.62,0.04,0,0.0,22,0.1,1,0
tx-gen-002511,cust-0023,7.99,253.94,0.03,1,0.0,3,0.1,0,0
tx-gen-002512,cust-0008,1607.52,192.55,8.35,6,9444.0,20,0.4,1,1
tx-gen-002513,cust-0024,132.11,269.07,0.49,2,0.0,11,0.1,0,0
tx-gen-002514,cust-0038,23.1,132.45,0.17,0,0.0,22,0.1,0,0
tx-gen-002515,cust-0009,5.0,83.69,0.06,0,0.0,13,0.1,0,0
tx-gen-002516,cust-0001,84.77,60.06,1.41,0,0.0,4,0.4,0,0
tx-gen-002517,cust-0009,51.34,83.69,0.61,1,0.0,4,0.1,0,0
tx-gen-002518,cust-0031,87.14,255.21,0.34,0,0.0,11,0.1,0,0
tx-gen-002519,cust-0041,211.55,91.84,2.3,0,0.0,10,0.1,0,0
tx-gen-002520,cust-0010,27.08,219.36,0.12,0,0.0,4,0.1,1,0
tx-gen-002521,cust-0037,240.25,96.1,2.5,1,0.0,1,0.1,0,0
tx-gen-002522,cust-0015,39.58,105.03,0.38,0,0.0,23,0.1,0,0
tx-gen-002523,cust-0021,139.69,63.7,2.19,0,0.0,12,0.1,1,0
tx-gen-002524,cust-0026,45.06,48.78,0.92,0,0.0,10,0.1,1,0
tx-gen-002525,cust-0033,369.75,210.95,1.75,0,0.0,19,0.1,0,0
tx-gen-002526,cust-0032,324.875,129.95,2.5,0,0.0,9,0.4,0,0
tx-gen-002527,cust-0006,13.13,38.58,0.34,0,0.0,5,0.1,0,0
tx-gen-002528,cust-0030,262.625,105.05,2.5,1,0.0,1,0.1,0,0
tx-gen-002529,cust-0020,112.03,227.03,0.49,0,0.0,18,0.4,0,0
tx-gen-002530,cust-0045,129.83,266.62,0.49,0,0.0,23,0.4,0,0
tx-gen-002531,cust-0009,34.82,83.69,0.42,2,0.0,6,0.1,0,0
tx-gen-002532,cust-0040,167.5,214.85,0.78,1,0.0,21,0.1,0,0
tx-gen-002533,cust-0039,36.13,215.8,0.17,1,0.0,11,0.1,0,0
tx-gen-002534,cust-0023,204.88,253.94,0.81,0,0.0,11,0.1,0,0
tx-gen-002535,cust-0017,44.94,57.6,0.78,0,0.0,23,0.1,0,0
tx-gen-002536,cust-0009,120.1,83.69,1.44,0,0.0,20,0.1,0,0
tx-gen-002537,cust-0035,88.39,49.28,1.79,0,0.0,14,0.1,0,0
tx-gen-002538,cust-0047,79.44,136.82,0.58,0,0.0,12,0.1,0,0
tx-gen-002539,cust-0022,18.46,51.28,0.36,0,0.0,22,0.1,0,0
tx-gen-002540,cust-0046,26.24,87.41,0.3,0,0.0,17,0.1,0,0
tx-gen-002541,cust-0039,46.71,215.8,0.22,1,0.0,7,0.1,1,0
tx-gen-002542,cust-0001,5.0,60.06,0.08,0,0.0,4,0.1,1,0
tx-gen-002543,cust-0038,55.53,132.45,0.42,0,0.0,12,0.4,0,0
tx-gen-002544,cust-0028,93.26,296.01,0.32,0,0.0,13,0.4,0,0
tx-gen-002545,cust-0021,159.25,63.7,2.5,0,0.0,11,0.1,0,0
tx-gen-002546,cust-0004,173.53,212.71,0.82,0,0.0,9,0.1,0,0
tx-gen-002547,cust-0009,35.7,83.69,0.43,0,0.0,12,0.1,0,0
tx-gen-002548,cust-0004,2510.64,212.71,11.8,5,4276.0,17,0.8,1,1
tx-gen-002549,cust-0015,91.23,105.03,0.87,1,0.0,22,0.1,0,0
tx-gen-002550,cust-0016,43.24,288.45,0.15,0,0.0,9,0.4,0,0
tx-gen-002551,cust-0025,109.13,185.89,0.59,2,0.0,2,0.1,0,0
tx-gen-002552,cust-0048,151.45,153.89,0.98,0,0.0,13,0.1,0,0
tx-gen-002553,cust-0027,61.43,91.53,0.67,0,0.0,19,0.4,0,0
tx-gen-002554,cust-0015,53.96,105.03,0.51,0,0.0,6,0.1,0,0
tx-gen-002555,cust-0039,539.5,215.8,2.5,0,0.0,14,0.1,0,0
tx-gen-002556,cust-0027,194.31,91.53,2.12,0,0.0,6,0.1,0,0
tx-gen-002557,cust-0040,209.82,214.85,0.98,0,0.0,2,0.4,0,0
tx-gen-002558,cust-0044,233.0,276.55,0.84,0,0.0,16,0.1,0,0
tx-gen-002559,cust-0040,208.26,214.85,0.97,0,0.0,5,0.4,0,0
tx-gen-002560,cust-0005,12.02,53.47,0.22,0,0.0,9,0.1,0,0
tx-gen-002561,cust-0021,32.03,63.7,0.5,0,0.0,22,0.1,0,0
tx-gen-002562,cust-0025,7.48,185.89,0.04,0,0.0,18,0.1,0,0
tx-gen-002563,cust-0042,159.65,247.36,0.65,0,0.0,3,0.1,0,0
tx-gen-002564,cust-0025,1794.86,185.89,9.66,6,4244.0,17,0.1,1,1
tx-gen-002565,cust-0018,43.94,56.11,0.78,0,0.0,15,0.1,0,0
tx-gen-002566,cust-0038,34.23,132.45,0.26,1,0.0,12,0.4,0,0
tx-gen-002567,cust-0025,464.72499999999997,185.89,2.5,0,0.0,19,0.1,0,0
tx-gen-002568,cust-0040,516.05,214.85,2.4,0,0.0,13,0.1,1,0
tx-gen-002569,cust-0029,338.03,263.95,1.28,0,0.0,21,0.1,1,0
tx-gen-002570,cust-0015,80.06,105.03,0.76,0,0.0,4,0.4,0,0
tx-gen-002571,cust-0040,438.29,214.85,2.04,0,0.0,14,0.1,0,0
tx-gen-002572,cust-0028,41.45,296.01,0.14,1,0.0,12,0.1,0,0
tx-gen-002573,cust-0046,136.63,87.41,1.56,1,0.0,5,0.1,0,0
tx-gen-002574,cust-0008,25.67,192.55,0.13,0,0.0,9,0.1,0,0
tx-gen-002575,cust-0012,166.17,105.11,1.58,1,0.0,19,0.1,0,0
tx-gen-002576,cust-0033,68.06,210.95,0.32,1,0.0,14,0.4,0,0
tx-gen-002577,cust-0011,187.66,89.52,2.1,0,0.0,4,0.1,0,0
tx-gen-002578,cust-0024,672.675,269.07,2.5,0,0.0,10,0.1,0,0
tx-gen-002579,cust-0008,31.02,192.55,0.16,0,0.0,18,0.4,0,0
tx-gen-002580,cust-0025,115.47,185.89,0.62,0,0.0,3,0.1,0,0
tx-gen-002581,cust-0049,169.25,67.7,2.5,1,0.0,6,0.1,0,0
tx-gen-002582,cust-0042,163.38,247.36,0.66,0,0.0,5,0.4,0,0
tx-gen-002583,cust-0026,97.16,48.78,1.99,0,0.0,15,0.1,0,0
tx-gen-002584,cust-0009,74.36,83.69,0.89,0,0.0,19,0.1,0,0
tx-gen-002585,cust-0020,106.82,227.03,0.47,0,0.0,12,0.1,0,0
tx-gen-002586,cust-0021,21.44,63.7,0.34,0,0.0,11,0.1,0,0
tx-gen-002587,cust-0010,49.83,219.36,0.23,0,0.0,17,0.1,0,0
tx-gen-002588,cust-0016,413.82,288.45,1.43,0,0.0,16,0.1,0,0
tx-gen-002589,cust-0046,42.71,87.41,0.49,0,0.0,15,0.1,1,0
tx-gen-002590,cust-0016,206.52,288.45,0.72,0,0.0,6,0.1,0,0
tx-gen-002591,cust-0030,71.21,105.05,0.68,0,0.0,11,0.1,0,0
tx-gen-002592,cust-0033,181.64,210.95,0.86,0,0.0,16,0.1,0,0
tx-gen-002593,cust-0020,455.6,227.03,2.01,2,0.0,2,0.1,0,0
tx-gen-002594,cust-0046,218.52499999999998,87.41,2.5,0,0.0,10,0.1,0,0
tx-gen-002595,cust-0024,1705.73,269.07,6.34,5,5168.0,17,0.8,1,1
tx-gen-002596,cust-0024,140.87,269.07,0.52,0,0.0,1,0.4,0,0
tx-gen-002597,cust-0032,228.38,129.95,1.76,0,0.0,18,0.1,0,0
tx-gen-002598,cust-0048,222.55,153.89,1.45,1,0.0,2,0.1,0,0
tx-gen-002599,cust-0043,87.17,102.29,0.85,0,0.0,19,0.1,0,0
tx-gen-002600,cust-0013,587.2,234.88,2.5,0,0.0,22,0.1,0,0
tx-gen-002601,cust-0020,1169.93,227.03,5.15,6,2984.0,2,0.4,1,1
tx-gen-002602,cust-0028,66.23,296.01,0.22,0,0.0,5,0.1,0,0
tx-gen-002603,cust-0003,7.83,67.68,0.12,0,0.0,22,0.1,1,0
tx-gen-002604,cust-0011,172.23,89.52,1.92,0,0.0,22,0.1,0,0
tx-gen-002605,cust-0022,29.66,51.28,0.58,2,0.0,20,0.1,0,0
tx-gen-002606,cust-0036,143.05,76.21,1.88,0,0.0,2,0.1,0,0
tx-gen-002607,cust-0046,195.43,87.41,2.24,0,0.0,9,0.4,0,0
tx-gen-002608,cust-0002,6.72,104.26,0.06,1,0.0,18,0.1,0,0
tx-gen-002609,cust-0047,294.1,136.82,2.15,0,0.0,16,0.4,0,0
tx-gen-002610,cust-0007,52.95,89.03,0.59,1,0.0,12,0.1,0,0
tx-gen-002611,cust-0016,206.02,288.45,0.71,0,0.0,22,0.1,0,0
tx-gen-002612,cust-0027,90.16,91.53,0.99,0,0.0,3,0.4,0,0
tx-gen-002613,cust-0011,223.79999999999998,89.52,2.5,1,0.0,0,0.1,0,0
tx-gen-002614,cust-0026,5.0,48.78,0.1,0,0.0,0,0.1,0,0
tx-gen-002615,cust-0024,174.32,269.07,0.65,1,0.0,10,0.1,0,0
tx-gen-002616,cust-0026,56.77,48.78,1.16,1,0.0,21,0.1,0,0
tx-gen-002617,cust-0040,275.58,214.85,1.28,0,0.0,14,0.1,0,0
tx-gen-002618,cust-0006,45.5,38.58,1.18,0,0.0,11,0.1,0,0
tx-gen-002619,cust-0006,5.57,38.58,0.14,2,0.0,23,0.1,0,0
tx-gen-002620,cust-0012,1246.76,105.11,11.86,8,1162.0,12,0.8,1,1
tx-gen-002621,cust-0011,31.85,89.52,0.36,0,0.0,1,0.1,0,0
tx-gen-002622,cust-0003,30.07,67.68,0.44,1,0.0,11,0.1,0,0
tx-gen-002623,cust-0032,212.06,129.95,1.63,0,0.0,0,0.1,0,0
tx-gen-002624,cust-0040,70.21,214.85,0.33,0,0.0,21,0.1,0,0
tx-gen-002625,cust-0042,58.53,247.36,0.24,0,0.0,20,0.1,0,0
tx-gen-002626,cust-0019,1766.54,193.01,9.15,6,8837.0,19,0.8,1,1
tx-gen-002627,cust-0020,567.575,227.03,2.5,1,0.0,12,0.1,0,0
tx-gen-002628,cust-0020,5.0,227.03,0.02,0,0.0,3,0.1,0,0
tx-gen-002629,cust-0003,169.20000000000002,67.68,2.5,0,0.0,11,0.1,1,0
tx-gen-002630,cust-0009,94.53,83.69,1.13,0,0.0,16,0.1,0,0
tx-gen-002631,cust-0038,233.51,132.45,1.76,0,0.0,20,0.1,1,0
tx-gen-002632,cust-0043,35.7,102.29,0.35,0,0.0,6,0.4,0,0
tx-gen-002633,cust-0031,5.0,255.21,0.02,0,0.0,3,0.1,0,0
tx-gen-002634,cust-0004,1448.82,212.71,6.81,8,5801.0,22,0.8,0,1
tx-gen-002635,cust-0029,353.41,263.95,1.34,0,0.0,18,0.1,1,0
tx-gen-002636,cust-0049,121.63,67.7,1.8,1,0.0,17,0.1,0,0
tx-gen-002637,cust-0017,77.7,57.6,1.35,0,0.0,7,0.1,0,0
tx-gen-002638,cust-0016,44.46,288.45,0.15,1,0.0,2,0.1,0,0
tx-gen-002639,cust-0027,128.15,91.53,1.4,0,0.0,20,0.1,0,0
tx-gen-002640,cust-0024,394.19,269.07,1.47,0,0.0,12,0.1,1,0
tx-gen-002641,cust-0013,252.38,234.88,1.07,0,0.0,6,0.4,0,0
tx-gen-002642,cust-0034,411.03,282.9,1.45,0,0.0,17,0.4,0,0
tx-gen-002643,cust-0047,255.89,136.82,1.87,0,0.0,9,0.4,0,0
tx-gen-002644,cust-0049,64.38,67.7,0.95,0,0.0,21,0.1,0,0
tx-gen-002645,cust-0005,5.0,53.47,0.09,1,0.0,23,0.1,0,0
tx-gen-002646,cust-0015,70.23,105.03,0.67,0,0.0,18,0.1,0,0
tx-gen-002647,cust-0042,19.99,247.36,0.08,0,0.0,21,0.4,0,0
tx-gen-002648,cust-0034,148.09,282.9,0.52,0,0.0,4,0.1,0,0
tx-gen-002649,cust-0004,111.19,212.71,0.52,1,0.0,21,0.4,0,0
tx-gen-002650,cust-0027,933.42,91.53,10.2,6,3996.0,6,0.1,0,1
tx-gen-002651,cust-0035,5.0,49.28,0.1,1,0.0,4,0.1,1,0
tx-gen-002652,cust-0025,79.74,185.89,0.43,0,0.0,21,0.1,0,0
tx-gen-002653,cust-0044,32.54,276.55,0.12,1,0.0,22,0.1,0,0
tx-gen-002654,cust-0009,138.21,83.69,1.65,0,0.0,12,0.1,0,0
tx-gen-002655,cust-0027,228.825,91.53,2.5,0,0.0,19,0.1,0,0
tx-gen-002656,cust-0049,5.08,67.7,0.08,0,0.0,4,0.4,0,0
tx-gen-002657,cust-0005,133.675,53.47,2.5,2,0.0,1,0.1,0,0
tx-gen-002658,cust-0050,134.24,181.57,0.74,0,0.0,13,0.1,0,0
tx-gen-002659,cust-0008,68.56,192.55,0.36,0,0.0,15,0.1,0,0
tx-gen-002660,cust-0040,17.18,214.85,0.08,0,0.0,13,0.1,0,0
tx-gen-002661,cust-0025,129.08,185.89,0.69,0,0.0,15,0.1,1,0
tx-gen-002662,cust-0040,339.98,214.85,1.58,0,0.0,20,0.1,0,0
tx-gen-002663,cust-0034,347.37,282.9,1.23,0,0.0,16,0.1,1,0
tx-gen-002664,cust-0041,5.0,91.84,0.05,0,0.0,23,0.1,0,0
tx-gen-002665,cust-0033,15.97,210.95,0.08,0,0.0,15,0.1,0,0
tx-gen-002666,cust-0031,131.59,255.21,0.52,1,0.0,2,0.1,1,0
tx-gen-002667,cust-0050,63.54,181.57,0.35,0,0.0,16,0.1,0,0
tx-gen-002668,cust-0003,17.9,67.68,0.26,0,0.0,2,0.1,0,0
tx-gen-002669,cust-0043,33.75,102.29,0.33,0,0.0,1,0.1,0,0
tx-gen-002670,cust-0021,103.64,63.7,1.63,1,0.0,18,0.1,0,0
tx-gen-002671,cust-0036,190.52499999999998,76.21,2.5,0,0.0,23,0.1,0,0
tx-gen-002672,cust-0036,39.58,76.21,0.52,0,0.0,0,0.1,0,0
tx-gen-002673,cust-0041,217.26,91.84,2.37,1,0.0,9,0.4,0,0
tx-gen-002674,cust-0007,34.53,89.03,0.39,0,0.0,7,0.1,0,0
tx-gen-002675,cust-0010,141.95,219.36,0.65,2,0.0,12,0.1,0,0
tx-gen-002676,cust-0032,33.3,129.95,0.26,0,0.0,6,0.1,1,0
tx-gen-002677,cust-0021,65.16,63.7,1.02,1,0.0,11,0.1,0,0
tx-gen-002678,cust-0007,222.575,89.03,2.5,0,0.0,15,0.1,0,0
tx-gen-002679,cust-0008,178.12,192.55,0.93,1,0.0,7,0.4,0,0
tx-gen-002680,cust-0018,24.85,56.11,0.44,1,0.0,1,0.4,0,0
tx-gen-002681,cust-0046,91.22,87.41,1.04,0,0.0,13,0.4,0,0
tx-gen-002682,cust-0020,29.78,227.03,0.13,0,0.0,17,0.1,0,0
tx-gen-002683,cust-0006,84.69,38.58,2.2,0,0.0,11,0.1,0,0
tx-gen-002684,cust-0038,511.45,132.45,3.86,7,3101.0,9,0.8,1,1
tx-gen-002685,cust-0038,92.63,132.45,0.7,0,0.0,12,0.1,0,0
tx-gen-002686,cust-0037,57.34,96.1,0.6,0,0.0,10,0.1,0,0
tx-gen-002687,cust-0009,73.78,83.69,0.88,2,0.0,9,0.1,0,0
tx-gen-002688,cust-0034,277.31,282.9,0.98,0,0.0,11,0.1,0,0
tx-gen-002689,cust-0028,22.05,296.01,0.07,1,0.0,8,0.1,0,0
tx-gen-002690,cust-0009,96.05,83.69,1.15,1,0.0,18,0.1,0,0
tx-gen-002691,cust-0016,79.9,288.45,0.28,0,0.0,8,0.1,0,0
tx-gen-002692,cust-0001,75.17,60.06,1.25,0,0.0,21,0.4,0,0
tx-gen-002693,cust-0009,144.7,83.69,1.73,0,0.0,7,0.4,0,0
tx-gen-002694,cust-0009,136.37,83.69,1.63,0,0.0,0,0.1,0,0
tx-gen-002695,cust-0044,222.37,276.55,0.8,2,0.0,20,0.1,0,0
tx-gen-002696,cust-0042,181.64,247.36,0.73,0,0.0,1,0.1,0,0
tx-gen-002697,cust-0029,40.69,263.95,0.15,1,0.0,23,0.1,0,0
tx-gen-002698,cust-0027,136.67,91.53,1.49,0,0.0,5,0.1,0,0
tx-gen-002699,cust-0041,29.08,91.84,0.32,0,0.0,10,0.1,0,0
tx-gen-002700,cust-0043,70.23,102.29,0.69,0,0.0,12,0.1,0,0
tx-gen-002701,cust-0028,99.0,296.01,0.33,0,0.0,14,0.1,0,0
tx-gen-002702,cust-0014,31.39,218.5,0.14,0,0.0,3,0.1,0,0
tx-gen-002703,cust-0050,736.27,181.57,4.06,5,7862.0,4,0.8,1,1
tx-gen-002704,cust-0013,233.25,234.88,0.99,2,0.0,2,0.1,0,0
tx-gen-002705,cust-0031,14.26,255.21,0.06,0,0.0,3,0.1,0,0
tx-gen-002706,cust-0025,256.69,185.89,1.38,0,0.0,5,0.4,0,0
tx-gen-002707,cust-0018,21.44,56.11,0.38,0,0.0,12,0.1,0,0
tx-gen-002708,cust-0043,5.0,102.29,0.05,0,0.0,5,0.1,0,0
tx-gen-002709,cust-0007,63.71,89.03,0.72,1,0.0,17,0.1,0,0
tx-gen-002710,cust-0043,5.0,102.29,0.05,0,0.0,20,0.4,0,0
tx-gen-002711,cust-0012,33.97,105.11,0.32,0,0.0,2,0.1,0,0
tx-gen-002712,cust-0050,222.88,181.57,1.23,0,0.0,9,0.1,0,0
tx-gen-002713,cust-0013,15.21,234.88,0.06,0,0.0,21,0.1,0,0
tx-gen-002714,cust-0038,242.18,132.45,1.83,0,0.0,14,0.4,0,0
tx-gen-002715,cust-0025,5.0,185.89,0.03,0,0.0,20,0.1,0,0
tx-gen-002716,cust-0023,71.98,253.94,0.28,0,0.0,22,0.4,0,0
tx-gen-002717,cust-0036,333.58,76.21,4.38,6,3858.0,22,0.4,0,1
tx-gen-002718,cust-0030,141.88,105.05,1.35,0,0.0,14,0.1,1,0
tx-gen-002719,cust-0029,100.35,263.95,0.38,0,0.0,2,0.1,0,0
tx-gen-002720,cust-0017,401.91,57.6,6.98,6,2031.0,11,0.8,0,1
tx-gen-002721,cust-0022,5.51,51.28,0.11,0,0.0,16,0.1,0,0
tx-gen-002722,cust-0039,96.39,215.8,0.45,0,0.0,6,0.1,0,0
tx-gen-002723,cust-0035,15.54,49.28,0.32,1,0.0,13,0.1,0,0
tx-gen-002724,cust-0027,169.3,91.53,1.85,0,0.0,2,0.1,0,0
tx-gen-002725,cust-0037,36.13,96.1,0.38,1,0.0,21,0.1,0,0
tx-gen-002726,cust-0036,118.55,76.21,1.56,2,0.0,10,0.1,0,0
tx-gen-002727,cust-0043,227.54,102.29,2.22,0,0.0,15,0.1,0,0
tx-gen-002728,cust-0012,59.79,105.11,0.57,0,0.0,0,0.1,0,0
tx-gen-002729,cust-0043,246.24,102.29,2.41,0,0.0,7,0.1,0,0
tx-gen-002730,cust-0047,64.81,136.82,0.47,1,0.0,1,0.1,0,0
tx-gen-002731,cust-0045,666.55,266.62,2.5,0,0.0,11,0.1,0,0
tx-gen-002732,cust-0003,6.33,67.68,0.09,0,0.0,6,0.1,0,0
tx-gen-002733,cust-0005,62.11,53.47,1.16,0,0.0,20,0.1,0,0
tx-gen-002734,cust-0018,38.2,56.11,0.68,1,0.0,12,0.4,1,0
tx-gen-002735,cust-0038,64.96,132.45,0.49,1,0.0,5,0.1,0,0
tx-gen-002736,cust-0043,102.45,102.29,1.0,0,0.0,20,0.1,0,0
tx-gen-002737,cust-0029,321.2,263.95,1.22,0,0.0,16,0.4,0,0
tx-gen-002738,cust-0050,5.0,181.57,0.03,0,0.0,20,0.1,0,0
tx-gen-002739,cust-0030,19.19,105.05,0.18,0,0.0,22,0.1,0,0
tx-gen-002740,cust-0004,265.55,212.71,1.25,0,0.0,13,0.1,0,0
tx-gen-002741,cust-0042,271.54,247.36,1.1,0,0.0,7,0.1,0,0
tx-gen-002742,cust-0015,262.575,105.03,2.5,0,0.0,21,0.1,0,0
tx-gen-002743,cust-0005,76.54,53.47,1.43,0,0.0,6,0.1,0,0
tx-gen-002744,cust-0017,144.0,57.6,2.5,1,0.0,23,0.1,0,0
tx-gen-002745,cust-0032,157.56,129.95,1.21,1,0.0,16,0.1,0,0
tx-gen-002746,cust-0041,32.5,91.84,0.35,0,0.0,10,0.4,0,0
tx-gen-002747,cust-0041,10.23,91.84,0.11,0,0.0,7,0.1,0,0
tx-gen-002748,cust-0022,519.49,51.28,10.13,8,5783.0,1,0.1,1,1
tx-gen-002749,cust-0011,136.29,89.52,1.52,0,0.0,23,0.4,0,0
tx-gen-002750,cust-0031,263.69,255.21,1.03,0,0.0,22,0.1,0,0
tx-gen-002751,cust-0024,13.29,269.07,0.05,0,0.0,10,0.4,0,0
tx-gen-002752,cust-0023,113.35,253.94,0.45,0,0.0,11,0.4,0,0
tx-gen-002753,cust-0017,144.0,57.6,2.5,0,0.0,16,0.1,0,0
tx-gen-002754,cust-0031,177.1,255.21,0.69,0,0.0,12,0.1,0,0
tx-gen-002755,cust-0019,109.42,193.01,0.57,0,0.0,20,0.1,0,0
tx-gen-002756,cust-0028,181.14,296.01,0.61,0,0.0,0,0.4,0,0
tx-gen-002757,cust-0016,67.59,288.45,0.23,0,0.0,22,0.1,0,0
tx-gen-002758,cust-0018,25.81,56.11,0.46,0,0.0,21,0.1,0,0
tx-gen-002759,cust-0010,101.29,219.36,0.46,2,0.0,13,0.1,0,0
tx-gen-002760,cust-0004,11.44,212.71,0.05,0,0.0,11,0.4,0,0
tx-gen-002761,cust-0046,127.54,87.41,1.46,0,0.0,18,0.1,0,0
tx-gen-002762,cust-0039,116.26,215.8,0.54,0,0.0,19,0.1,0,0
tx-gen-002763,cust-0002,180.06,104.26,1.73,0,0.0,21,0.4,0,0
tx-gen-002764,cust-0018,106.58,56.11,1.9,0,0.0,3,0.1,0,0
tx-gen-002765,cust-0036,18.16,76.21,0.24,0,0.0,10,0.1,0,0
tx-gen-002766,cust-0042,264.94,247.36,1.07,1,0.0,2,0.1,0,0
tx-gen-002767,cust-0013,150.13,234.88,0.64,0,0.0,2,0.4,0,0
tx-gen-002768,cust-0016,611.97,288.45,2.12,0,0.0,23,0.1,0,0
tx-gen-002769,cust-0019,46.9,193.01,0.24,0,0.0,11,0.4,0,0
tx-gen-002770,cust-0020,257.14,227.03,1.13,0,0.0,10,0.1,0,0
tx-gen-002771,cust-0046,81.8,87.41,0.94,0,0.0,2,0.1,0,0
tx-gen-002772,cust-0050,63.55,181.57,0.35,1,0.0,1,0.1,0,0
tx-gen-002773,cust-0041,13.49,91.84,0.15,0,0.0,6,0.1,0,0
tx-gen-002774,cust-0003,71.37,67.68,1.05,0,0.0,20,0.1,0,0
tx-gen-002775,cust-0019,258.96,193.01,1.34,0,0.0,2,0.1,0,0
tx-gen-002776,cust-0018,21.28,56.11,0.38,2,0.0,16,0.4,0,0
tx-gen-002777,cust-0002,107.93,104.26,1.04,0,0.0,22,0.1,0,0
tx-gen-002778,cust-0034,142.23,282.9,0.5,0,0.0,1,0.1,0,0
tx-gen-002779,cust-0040,268.35,214.85,1.25,0,0.0,14,0.1,0,0
tx-gen-002780,cust-0004,47.26,212.71,0.22,0,0.0,12,0.1,0,0
tx-gen-002781,cust-0049,149.56,67.7,2.21,0,0.0,16,0.4,0,0
tx-gen-002782,cust-0046,29.62,87.41,0.34,1,0.0,4,0.1,0,0
tx-gen-002783,cust-0046,40.08,87.41,0.46,0,0.0,21,0.1,0,0
tx-gen-002784,cust-0035,5.0,49.28,0.1,0,0.0,1,0.1,0,0
tx-gen-002785,cust-0013,27.77,234.88,0.12,0,0.0,6,0.1,1,0
tx-gen-002786,cust-0003,49.09,67.68,0.73,2,0.0,3,0.1,1,0
tx-gen-002787,cust-0040,66.91,214.85,0.31,2,0.0,4,0.1,0,0
tx-gen-002788,cust-0033,380.71,210.95,1.8,1,0.0,7,0.4,0,0
tx-gen-002789,cust-0012,5.0,105.11,0.05,0,0.0,10,0.1,0,0
tx-gen-002790,cust-0027,43.62,91.53,0.48,0,0.0,15,0.4,0,0
tx-gen-002791,cust-0045,109.71,266.62,0.41,0,0.0,23,0.1,0,0
tx-gen-002792,cust-0039,5.0,215.8,0.02,1,0.0,19,0.1,0,0
tx-gen-002793,cust-0026,6.48,48.78,0.13,1,0.0,11,0.1,0,0
tx-gen-002794,cust-0039,115.2,215.8,0.53,0,0.0,5,0.4,0,0
tx-gen-002795,cust-0007,60.45,89.03,0.68,0,0.0,13,0.1,0,0
tx-gen-002796,cust-0002,54.01,104.26,0.52,0,0.0,1,0.1,0,0
tx-gen-002797,cust-0014,165.41,218.5,0.76,0,0.0,1,0.1,0,0
tx-gen-002798,cust-0022,46.37,51.28,0.9,0,0.0,23,0.1,0,0
tx-gen-002799,cust-0048,5.0,153.89,0.03,0,0.0,18,0.1,0,0
tx-gen-002800,cust-0048,96.0,153.89,0.62,0,0.0,9,0.1,0,0
tx-gen-002801,cust-0032,324.875,129.95,2.5,2,0.0,0,0.1,0,0
tx-gen-002802,cust-0034,207.07,282.9,0.73,0,0.0,14,0.1,0,0
tx-gen-002803,cust-0003,76.6,67.68,1.13,1,0.0,0,0.4,0,0
tx-gen-002804,cust-0026,18.23,48.78,0.37,0,0.0,1,0.1,0,0
tx-gen-002805,cust-0005,79.52,53.47,1.49,2,0.0,8,0.1,0,0
tx-gen-002806,cust-0017,85.39,57.6,1.48,1,0.0,9,0.1,0,0
tx-gen-002807,cust-0012,77.43,105.11,0.74,0,0.0,21,0.1,0,0
tx-gen-002808,cust-0049,169.25,67.7,2.5,0,0.0,23,0.4,0,0
tx-gen-002809,cust-0017,7.73,57.6,0.13,0,0.0,16,0.1,0,0
tx-gen-002810,cust-0001,5.0,60.06,0.08,0,0.0,17,0.1,0,0
tx-gen-002811,cust-0043,150.4,102.29,1.47,0,0.0,2,0.1,0,0
tx-gen-002812,cust-0042,407.12,247.36,1.65,0,0.0,7,0.1,0,0
tx-gen-002813,cust-0045,34.15,266.62,0.13,0,0.0,3,0.1,1,0
tx-gen-002814,cust-0038,40.88,132.45,0.31,0,0.0,8,0.1,1,0
tx-gen-002815,cust-0046,5.0,87.41,0.06,1,0.0,5,0.4,0,0
tx-gen-002816,cust-0039,74.92,215.8,0.35,0,0.0,18,0.1,0,0
tx-gen-002817,cust-0025,275.75,185.89,1.48,1,0.0,18,0.1,0,0
tx-gen-002818,cust-0049,49.4,67.7,0.73,1,0.0,12,0.1,0,0
tx-gen-002819,cust-0035,21.08,49.28,0.43,0,0.0,17,0.1,0,0
tx-gen-002820,cust-0010,101.96,219.36,0.46,0,0.0,8,0.1,0,0
tx-gen-002821,cust-0020,5.0,227.03,0.02,1,0.0,16,0.1,0,0
tx-gen-002822,cust-0050,64.71,181.57,0.36,0,0.0,7,0.1,0,0
tx-gen-002823,cust-0028,307.78,296.01,1.04,0,0.0,23,0.1,0,0
tx-gen-002824,cust-0036,190.52499999999998,76.21,2.5,0,0.0,5,0.1,0,0
tx-gen-002825,cust-0002,195.77,104.26,1.88,0,0.0,19,0.1,1,0
tx-gen-002826,cust-0047,5.0,136.82,0.04,0,0.0,5,0.1,0,0
tx-gen-002827,cust-0024,615.71,269.07,2.29,0,0.0,8,0.1,0,0
tx-gen-002828,cust-0002,159.39,104.26,1.53,1,0.0,21,0.1,1,0
tx-gen-002829,cust-0043,155.06,102.29,1.52,0,0.0,23,0.4,0,0
tx-gen-002830,cust-0036,46.68,76.21,0.61,0,0.0,9,0.1,0,0
tx-gen-002831,cust-0044,140.35,276.55,0.51,0,0.0,5,0.1,0,0
tx-gen-002832,cust-0025,67.08,185.89,0.36,1,0.0,9,0.1,0,0
tx-gen-002833,cust-0036,5.18,76.21,0.07,0,0.0,18,0.1,0,0
tx-gen-002834,cust-0010,56.83,219.36,0.26,0,0.0,2,0.1,1,0
tx-gen-002835,cust-0049,19.17,67.7,0.28,0,0.0,11,0.1,0,0
tx-gen-002836,cust-0038,87.66,132.45,0.66,0,0.0,6,0.4,0,0
tx-gen-002837,cust-0002,143.47,104.26,1.38,0,0.0,22,0.1,0,0
tx-gen-002838,cust-0043,65.68,102.29,0.64,0,0.0,12,0.4,0,0
tx-gen-002839,cust-0005,5.0,53.47,0.09,0,0.0,15,0.1,0,0
tx-gen-002840,cust-0043,255.72500000000002,102.29,2.5,1,0.0,16,0.1,0,0
tx-gen-002841,cust-0002,260.65000000000003,104.26,2.5,0,0.0,0,0.1,0,0
tx-gen-002842,cust-0018,86.3,56.11,1.54,0,0.0,7,0.4,0,0
tx-gen-002843,cust-0004,531.775,212.71,2.5,0,0.0,3,0.4,0,0
tx-gen-002844,cust-0029,207.55,263.95,0.79,0,0.0,1,0.1,0,0
tx-gen-002845,cust-0041,229.60000000000002,91.84,2.5,0,0.0,12,0.1,0,0
tx-gen-002846,cust-0026,5.0,48.78,0.1,0,0.0,20,0.1,0,0
tx-gen-002847,cust-0027,41.66,91.53,0.46,0,0.0,6,0.1,0,0
tx-gen-002848,cust-0006,9.85,38.58,0.26,1,0.0,18,0.1,1,0
tx-gen-002849,cust-0011,19.51,89.52,0.22,0,0.0,18,0.1,0,0
tx-gen-002850,cust-0026,7.4,48.78,0.15,0,0.0,13,0.1,0,0
tx-gen-002851,cust-0013,228.76,234.88,0.97,2,0.0,2,0.1,0,0
tx-gen-002852,cust-0046,132.88,87.41,1.52,1,0.0,10,0.1,0,0
tx-gen-002853,cust-0030,90.71,105.05,0.86,0,0.0,4,0.1,0,0
tx-gen-002854,cust-0011,14.23,89.52,0.16,0,0.0,3,0.4,0,0
tx-gen-002855,cust-0015,175.05,105.03,1.67,2,0.0,15,0.4,0,0
tx-gen-002856,cust-0030,106.15,105.05,1.01,0,0.0,4,0.1,0,0
tx-gen-002857,cust-0029,129.68,263.95,0.49,0,0.0,14,0.1,0,0
tx-gen-002858,cust-0047,153.41,136.82,1.12,0,0.0,16,0.1,0,0
tx-gen-002859,cust-0019,58.09,193.01,0.3,0,0.0,14,0.1,1,0
tx-gen-002860,cust-0016,122.13,288.45,0.42,0,0.0,18,0.1,0,0
tx-gen-002861,cust-0010,547.26,219.36,2.49,0,0.0,11,0.4,0,0
tx-gen-002862,cust-0001,20.61,60.06,0.34,1,0.0,4,0.1,0,0
tx-gen-002863,cust-0038,84.09,132.45,0.63,0,0.0,14,0.1,0,0
tx-gen-002864,cust-0027,202.15,91.53,2.21,0,0.0,17,0.1,0,0
tx-gen-002865,cust-0047,168.3,136.82,1.23,0,0.0,20,0.1,0,0
tx-gen-002866,cust-0015,6.75,105.03,0.06,1,0.0,2,0.1,0,0
tx-gen-002867,cust-0012,16.75,105.11,0.16,0,0.0,23,0.1,0,0
tx-gen-002868,cust-0049,5.0,67.7,0.07,0,0.0,2,0.1,0,0
tx-gen-002869,cust-0047,136.37,136.82,1.0,0,0.0,15,0.1,0,0
tx-gen-002870,cust-0026,28.96,48.78,0.59,1,0.0,4,0.1,0,0
tx-gen-002871,cust-0010,31.63,219.36,0.14,0,0.0,9,0.1,0,0
tx-gen-002872,cust-0010,548.4000000000001,219.36,2.5,0,0.0,13,0.1,0,0
tx-gen-002873,cust-0044,208.6,276.55,0.75,0,0.0,19,0.1,0,0
tx-gen-002874,cust-0029,73.1,263.95,0.28,0,0.0,2,0.1,0,0
tx-gen-002875,cust-0034,196.43,282.9,0.69,2,0.0,20,0.1,0,0
tx-gen-002876,cust-0037,109.39,96.1,1.14,2,0.0,13,0.4,0,0
tx-gen-002877,cust-0035,5.0,49.28,0.1,0,0.0,10,0.1,0,0
tx-gen-002878,cust-0019,61.99,193.01,0.32,0,0.0,11,0.1,1,0
tx-gen-002879,cust-0022,84.35,51.28,1.64,0,0.0,2,0.1,0,0
tx-gen-002880,cust-0047,84.22,136.82,0.62,2,0.0,19,0.4,0,0
tx-gen-002881,cust-0020,179.56,227.03,0.79,0,0.0,17,0.4,0,0
tx-gen-002882,cust-0042,140.27,247.36,0.57,0,0.0,13,0.1,0,0
tx-gen-002883,cust-0049,5.0,67.7,0.07,0,0.0,14,0.1,1,0
tx-gen-002884,cust-0016,52.27,288.45,0.18,0,0.0,13,0.1,0,0
tx-gen-002885,cust-0050,107.08,181.57,0.59,1,0.0,23,0.1,0,0
tx-gen-002886,cust-0025,43.63,185.89,0.23,0,0.0,21,0.1,0,0
tx-gen-002887,cust-0030,5.39,105.05,0.05,0,0.0,10,0.1,0,0
tx-gen-002888,cust-0040,398.69,214.85,1.86,0,0.0,17,0.4,0,0
tx-gen-002889,cust-0009,209.225,83.69,2.5,0,0.0,12,0.1,0,0
tx-gen-002890,cust-0042,389.77,247.36,1.58,0,0.0,17,0.1,0,0
tx-gen-002891,cust-0041,176.58,91.84,1.92,0,0.0,13,0.1,0,0
tx-gen-002892,cust-0043,28.34,102.29,0.28,0,0.0,19,0.1,0,0
tx-gen-002893,cust-0044,691.375,276.55,2.5,0,0.0,11,0.1,0,0
tx-gen-002894,cust-0035,10.81,49.28,0.22,0,0.0,4,0.1,0,0
tx-gen-002895,cust-0034,707.25,282.9,2.5,0,0.0,0,0.1,0,0
tx-gen-002896,cust-0040,537.125,214.85,2.5,0,0.0,2,0.1,0,0
tx-gen-002897,cust-0035,61.3,49.28,1.24,1,0.0,12,0.1,0,0
tx-gen-002898,cust-0013,587.2,234.88,2.5,0,0.0,2,0.1,0,0
tx-gen-002899,cust-0006,32.52,38.58,0.84,0,0.0,20,0.1,0,0
tx-gen-002900,cust-0031,76.69,255.21,0.3,0,0.0,6,0.1,0,0
tx-gen-002901,cust-0026,28.02,48.78,0.57,0,0.0,4,0.1,0,0
tx-gen-002902,cust-0044,248.98,276.55,0.9,0,0.0,8,0.4,0,0
tx-gen-002903,cust-0024,20.42,269.07,0.08,0,0.0,18,0.1,1,0
tx-gen-002904,cust-0036,74.21,76.21,0.97,0,0.0,12,0.1,0,0
tx-gen-002905,cust-0019,482.525,193.01,2.5,0,0.0,9,0.1,0,0
tx-gen-002906,cust-0008,40.6,192.55,0.21,0,0.0,15,0.4,0,0
tx-gen-002907,cust-0031,401.47,255.21,1.57,0,0.0,0,0.1,0,0
tx-gen-002908,cust-0022,122.3,51.28,2.38,0,0.0,11,0.1,0,0
tx-gen-002909,cust-0026,121.95,48.78,2.5,0,0.0,14,0.1,0,0
tx-gen-002910,cust-0021,159.25,63.7,2.5,0,0.0,17,0.1,0,0
tx-gen-002911,cust-0027,67.46,91.53,0.74,0,0.0,17,0.1,0,0
tx-gen-002912,cust-0021,159.25,63.7,2.5,2,0.0,12,0.1,0,0
tx-gen-002913,cust-0042,350.25,247.36,1.42,0,0.0,19,0.1,0,0
tx-gen-002914,cust-0030,18.53,105.05,0.18,0,0.0,4,0.1,0,0
tx-gen-002915,cust-0036,49.38,76.21,0.65,0,0.0,23,0.1,0,0
tx-gen-002916,cust-0016,365.47,288.45,1.27,1,0.0,22,0.4,0,0
tx-gen-002917,cust-0011,25.44,89.52,0.28,1,0.0,2,0.4,0,0
tx-gen-002918,cust-0028,302.93,296.01,1.02,0,0.0,12,0.4,0,0
tx-gen-002919,cust-0029,289.93,263.95,1.1,1,0.0,10,0.1,0,0
tx-gen-002920,cust-0046,15.52,87.41,0.18,0,0.0,16,0.1,0,0
tx-gen-002921,cust-0038,110.28,132.45,0.83,0,0.0,2,0.1,0,0
tx-gen-002922,cust-0019,285.03,193.01,1.48,2,0.0,17,0.1,1,0
tx-gen-002923,cust-0006,26.66,38.58,0.69,0,0.0,23,0.1,1,0
tx-gen-002924,cust-0001,5.0,60.06,0.08,1,0.0,21,0.1,0,0
tx-gen-002925,cust-0015,5.0,105.03,0.05,2,0.0,3,0.1,0,0
tx-gen-002926,cust-0008,85.04,192.55,0.44,0,0.0,21,0.1,0,0
tx-gen-002927,cust-0031,2267.3,255.21,8.88,8,2144.0,13,0.8,1,1
tx-gen-002928,cust-0019,482.525,193.01,2.5,0,0.0,7,0.4,0,0
tx-gen-002929,cust-0040,55.79,214.85,0.26,0,0.0,15,0.1,0,0
tx-gen-002930,cust-0015,105.67,105.03,1.01,0,0.0,0,0.1,0,0
tx-gen-002931,cust-0027,22.99,91.53,0.25,0,0.0,13,0.1,0,0
tx-gen-002932,cust-0048,59.73,153.89,0.39,0,0.0,13,0.1,1,0
tx-gen-002933,cust-0034,533.03,282.9,1.88,1,0.0,17,0.4,0,0
tx-gen-002934,cust-0009,109.23,83.69,1.31,0,0.0,17,0.1,0,0
tx-gen-002935,cust-0042,2177.9,247.36,8.8,8,1972.0,17,0.8,1,1
tx-gen-002936,cust-0034,28.36,282.9,0.1,0,0.0,21,0.1,0,0
tx-gen-002937,cust-0030,58.81,105.05,0.56,0,0.0,11,0.1,0,0
tx-gen-002938,cust-0046,5.0,87.41,0.06,0,0.0,12,0.1,0,0
tx-gen-002939,cust-0031,167.33,255.21,0.66,0,0.0,16,0.1,0,0
tx-gen-002940,cust-0009,90.89,83.69,1.09,0,0.0,23,0.1,0,0
tx-gen-002941,cust-0033,26.61,210.95,0.13,1,0.0,6,0.1,0,0
tx-gen-002942,cust-0047,46.64,136.82,0.34,1,0.0,19,0.4,0,0
tx-gen-002943,cust-0008,97.67,192.55,0.51,0,0.0,23,0.1,0,0
tx-gen-002944,cust-0029,659.875,263.95,2.5,0,0.0,18,0.4,1,0
tx-gen-002945,cust-0002,260.65000000000003,104.26,2.5,0,0.0,16,0.1,0,0
tx-gen-002946,cust-0040,9.87,214.85,0.05,2,0.0,11,0.1,0,0
tx-gen-002947,cust-0021,91.18,63.7,1.43,0,0.0,6,0.1,0,0
tx-gen-002948,cust-0036,35.42,76.21,0.46,0,0.0,3,0.1,0,0
tx-gen-002949,cust-0016,143.74,288.45,0.5,0,0.0,4,0.1,1,0
tx-gen-002950,cust-0018,78.75,56.11,1.4,0,0.0,12,0.1,0,0
tx-gen-002951,cust-0015,262.575,105.03,2.5,0,0.0,18,0.1,0,0
tx-gen-002952,cust-0022,128.2,51.28,2.5,1,0.0,2,0.4,0,0
tx-gen-002953,cust-0040,184.92,214.85,0.86,1,0.0,14,0.1,0,0
tx-gen-002954,cust-0038,58.52,132.45,0.44,0,0.0,0,0.4,0,0
tx-gen-002955,cust-0004,329.5,212.71,1.55,0,0.0,5,0.1,1,0
tx-gen-002956,cust-0047,39.54,136.82,0.29,0,0.0,15,0.1,1,0
tx-gen-002957,cust-0034,234.89,282.9,0.83,1,0.0,14,0.1,0,0
tx-gen-002958,cust-0007,39.54,89.03,0.44,0,0.0,3,0.1,0,0
tx-gen-002959,cust-0004,227.38,212.71,1.07,1,0.0,18,0.1,0,0
tx-gen-002960,cust-0036,20.95,76.21,0.27,0,0.0,9,0.4,0,0
tx-gen-002961,cust-0029,56.14,263.95,0.21,0,0.0,4,0.1,0,0
tx-gen-002962,cust-0016,721.125,288.45,2.5,0,0.0,21,0.1,1,0
tx-gen-002963,cust-0050,19.49,181.57,0.11,2,0.0,13,0.1,0,0
tx-gen-002964,cust-0025,131.08,185.89,0.71,0,0.0,3,0.4,0,0
tx-gen-002965,cust-0023,63.37,253.94,0.25,1,0.0,20,0.1,0,0
tx-gen-002966,cust-0006,345.86,38.58,8.96,8,893.0,13,0.8,1,1
tx-gen-002967,cust-0006,5.0,38.58,0.13,0,0.0,12,0.1,0,0
tx-gen-002968,cust-0013,8.62,234.88,0.04,0,0.0,20,0.1,1,0
tx-gen-002969,cust-0006,7.43,38.58,0.19,0,0.0,0,0.1,1,0
tx-gen-002970,cust-0010,442.16,219.36,2.02,0,0.0,15,0.1,0,0
tx-gen-002971,cust-0011,29.72,89.52,0.33,0,0.0,21,0.1,0,0
tx-gen-002972,cust-0004,531.775,212.71,2.5,0,0.0,2,0.1,0,0
tx-gen-002973,cust-0009,72.93,83.69,0.87,0,0.0,19,0.1,0,0
tx-gen-002974,cust-0009,48.02,83.69,0.57,1,0.0,3,0.1,0,0
tx-gen-002975,cust-0040,186.43,214.85,0.87,0,0.0,11,0.1,0,0
tx-gen-002976,cust-0025,135.16,185.89,0.73,0,0.0,19,0.1,0,0
tx-gen-002977,cust-0043,145.46,102.29,1.42,0,0.0,10,0.1,0,0
tx-gen-002978,cust-0012,34.89,105.11,0.33,0,0.0,21,0.1,0,0
tx-gen-002979,cust-0041,40.0,91.84,0.44,0,0.0,16,0.1,0,0
tx-gen-002980,cust-0009,187.9,83.69,2.25,0,0.0,2,0.1,0,0
tx-gen-002981,cust-0038,331.125,132.45,2.5,0,0.0,9,0.1,0,0
tx-gen-002982,cust-0005,119.28,53.47,2.23,1,0.0,15,0.1,0,0
tx-gen-002983,cust-0043,55.62,102.29,0.54,0,0.0,10,0.1,0,0
tx-gen-002984,cust-0002,158.04,104.26,1.52,0,0.0,19,0.1,0,0
tx-gen-002985,cust-0028,191.49,296.01,0.65,0,0.0,0,0.1,0,0
tx-gen-002986,cust-0049,46.59,67.7,0.69,0,0.0,7,0.1,0,0
tx-gen-002987,cust-0048,35.24,153.89,0.23,2,0.0,8,0.1,1,0
tx-gen-002988,cust-0028,264.74,296.01,0.89,0,0.0,21,0.1,0,0
tx-gen-002989,cust-0018,11.56,56.11,0.21,0,0.0,12,0.4,0,0
tx-gen-002990,cust-0006,15.54,38.58,0.4,0,0.0,18,0.1,0,0
tx-gen-002991,cust-0019,372.75,193.01,1.93,0,0.0,17,0.1,1,0
tx-gen-002992,cust-0011,20.77,89.52,0.23,0,0.0,12,0.1,0,0
tx-gen-002993,cust-0019,880.11,193.01,4.56,6,9747.0,8,0.8,0,1
tx-gen-002994,cust-0050,13.4,181.57,0.07,1,0.0,13,0.1,0,0
tx-gen-002995,cust-0005,5.0,53.47,0.09,0,0.0,17,0.1,0,0
tx-gen-002996,cust-0012,262.775,105.11,2.5,1,0.0,20,0.1,0,0
tx-gen-002997,cust-0017,40.73,57.6,0.71,0,0.0,5,0.1,0,0
tx-gen-002998,cust-0008,101.4,192.55,0.53,0,0.0,19,0.1,0,0
tx-gen-002999,cust-0048,256.28,153.89,1.67,0,0.0,9,0.1,0,0
tx-gen-003000,cust-0049,122.32,67.7,1.81,0,0.0,12,0.1,0,0
tx-gen-003001,cust-0001,24.25,60.06,0.4,0,0.0,8,0.1,0,0
tx-gen-003002,cust-0047,161.85,136.82,1.18,0,0.0,4,0.1,0,0
tx-gen-003003,cust-0003,99.8,67.68,1.47,0,0.0,6,0.1,0,0
tx-gen-003004,cust-0022,54.52,51.28,1.06,0,0.0,8,0.1,0,0
tx-gen-003005,cust-0018,9.22,56.11,0.16,0,0.0,3,0.1,0,0
tx-gen-003006,cust-0002,525.96,104.26,5.04,8,7478.0,14,0.8,1,1
tx-gen-003007,cust-0046,182.38,87.41,2.09,0,0.0,2,0.1,0,0
tx-gen-003008,cust-0001,46.52,60.06,0.77,0,0.0,5,0.4,0,0
tx-gen-003009,cust-0029,87.62,263.95,0.33,0,0.0,19,0.1,0,0
tx-gen-003010,cust-0023,140.63,253.94,0.55,1,0.0,18,0.1,0,0
tx-gen-003011,cust-0031,3018.75,255.21,11.83,6,5912.0,5,0.8,1,1
tx-gen-003012,cust-0041,5.0,91.84,0.05,0,0.0,4,0.1,0,0
tx-gen-003013,cust-0043,13.99,102.29,0.14,0,0.0,23,0.1,0,0
tx-gen-003014,cust-0038,192.12,132.45,1.45,1,0.0,5,0.1,0,0
tx-gen-003015,cust-0045,5.0,266.62,0.02,0,0.0,10,0.1,0,0
tx-gen-003016,cust-0043,55.12,102.29,0.54,0,0.0,23,0.1,0,0
tx-gen-003017,cust-0040,158.82,214.85,0.74,0,0.0,10,0.4,0,0
tx-gen-003018,cust-0032,7.3,129.95,0.06,0,0.0,22,0.4,0,0
tx-gen-003019,cust-0015,262.575,105.03,2.5,0,0.0,1,0.1,0,0
tx-gen-003020,cust-0027,23.46,91.53,0.26,0,0.0,15,0.1,1,0
tx-gen-003021,cust-0007,32.29,89.03,0.36,2,0.0,3,0.1,0,0
tx-gen-003022,cust-0037,34.82,96.1,0.36,0,0.0,5,0.1,0,0
tx-gen-003023,cust-0014,57.23,218.5,0.26,0,0.0,21,0.4,0,0
tx-gen-003024,cust-0008,5.0,192.55,0.03,0,0.0,14,0.1,0,0
tx-gen-003025,cust-0017,75.28,57.6,1.31,0,0.0,5,0.1,0,0
tx-gen-003026,cust-0033,527.375,210.95,2.5,0,0.0,4,0.1,0,0
tx-gen-003027,cust-0011,22.74,89.52,0.25,0,0.0,11,0.1,1,0
tx-gen-003028,cust-0035,53.61,49.28,1.09,0,0.0,14,0.1,0,0
tx-gen-003029,cust-0040,290.99,214.85,1.35,1,0.0,4,0.4,0,0
tx-gen-003030,cust-0029,497.99,263.95,1.89,2,0.0,4,0.1,1,0
tx-gen-003031,cust-0047,75.15,136.82,0.55,2,0.0,20,0.4,1,0
tx-gen-003032,cust-0033,2478.52,210.95,11.75,5,3133.0,10,0.8,1,1
tx-gen-003033,cust-0049,24.43,67.7,0.36,0,0.0,9,0.4,1,0
tx-gen-003034,cust-0037,37.81,96.1,0.39,0,0.0,3,0.1,0,0
tx-gen-003035,cust-0012,131.07,105.11,1.25,0,0.0,8,0.1,0,0
tx-gen-003036,cust-0021,108.1,63.7,1.7,1,0.0,12,0.1,0,0
tx-gen-003037,cust-0006,7.73,38.58,0.2,0,0.0,16,0.1,0,0
tx-gen-003038,cust-0011,41.5,89.52,0.46,0,0.0,11,0.4,0,0
tx-gen-003039,cust-0043,237.54,102.29,2.32,0,0.0,22,0.1,0,0
tx-gen-003040,cust-0038,217.68,132.45,1.64,0,0.0,10,0.1,0,0
tx-gen-003041,cust-0015,262.575,105.03,2.5,0,0.0,13,0.1,0,0
tx-gen-003042,cust-0023,356.39,253.94,1.4,0,0.0,23,0.4,0,0
tx-gen-003043,cust-0019,96.42,193.01,0.5,0,0.0,8,0.4,0,0
tx-gen-003044,cust-0023,226.81,253.94,0.89,0,0.0,21,0.4,0,0
tx-gen-003045,cust-0043,110.66,102.29,1.08,0,0.0,12,0.1,0,0
tx-gen-003046,cust-0027,7.48,91.53,0.08,0,0.0,18,0.4,0,0
tx-gen-003047,cust-0047,107.59,136.82,0.79,0,0.0,16,0.1,0,0
tx-gen-003048,cust-0020,280.5,227.03,1.24,0,0.0,9,0.1,0,0
tx-gen-003049,cust-0025,34.04,185.89,0.18,0,0.0,8,0.4,0,0
tx-gen-003050,cust-0027,138.85,91.53,1.52,0,0.0,18,0.1,1,0
tx-gen-003051,cust-0050,159.15,181.57,0.88,0,0.0,15,0.1,0,0
tx-gen-003052,cust-0040,537.125,214.85,2.5,2,0.0,16,0.1,0,0
tx-gen-003053,cust-0010,9.51,219.36,0.04,0,0.0,23,0.1,0,0
tx-gen-003054,cust-0002,32.15,104.26,0.31,0,0.0,18,0.1,0,0
tx-gen-003055,cust-0008,177.18,192.55,0.92,0,0.0,14,0.1,1,0
tx-gen-003056,cust-0041,32.31,91.84,0.35,0,0.0,14,0.1,0,0
tx-gen-003057,cust-0047,171.47,136.82,1.25,0,0.0,0,0.1,0,0
tx-gen-003058,cust-0017,81.96,57.6,1.42,0,0.0,12,0.1,0,0
tx-gen-003059,cust-0045,1749.74,266.62,6.56,6,2540.0,1,0.8,1,1
tx-gen-003060,cust-0040,23.24,214.85,0.11,1,0.0,22,0.1,0,0
tx-gen-003061,cust-0018,394.98,56.11,7.04,8,1570.0,15,0.8,1,1
tx-gen-003062,cust-0050,130.96,181.57,0.72,0,0.0,13,0.4,0,0
tx-gen-003063,cust-0041,65.31,91.84,0.71,1,0.0,5,0.1,0,0
tx-gen-003064,cust-0036,35.12,76.21,0.46,0,0.0,17,0.1,0,0
tx-gen-003065,cust-0007,222.575,89.03,2.5,0,0.0,17,0.4,0,0
tx-gen-003066,cust-0025,326.68,185.89,1.76,0,0.0,16,0.1,0,0
tx-gen-003067,cust-0016,344.62,288.45,1.19,0,0.0,22,0.1,0,0
tx-gen-003068,cust-0020,284.45,227.03,1.25,0,0.0,16,0.4,0,0
tx-gen-003069,cust-0006,23.9,38.58,0.62,2,0.0,13,0.1,0,0
tx-gen-003070,cust-0004,531.775,212.71,2.5,0,0.0,20,0.1,0,0
tx-gen-003071,cust-0004,252.3,212.71,1.19,0,0.0,11,0.1,1,0
tx-gen-003072,cust-0045,348.09,266.62,1.31,0,0.0,7,0.1,0,0
tx-gen-003073,cust-0047,270.67,136.82,1.98,0,0.0,5,0.4,0,0
tx-gen-003074,cust-0026,15.62,48.78,0.32,0,0.0,14,0.1,0,0
tx-gen-003075,cust-0009,137.71,83.69,1.65,0,0.0,17,0.1,0,0
tx-gen-003076,cust-0025,40.38,185.89,0.22,0,0.0,11,0.1,0,0
tx-gen-003077,cust-0020,96.18,227.03,0.42,2,0.0,4,0.4,0,0
tx-gen-003078,cust-0004,86.97,212.71,0.41,0,0.0,6,0.1,0,0
tx-gen-003079,cust-0048,384.72499999999997,153.89,2.5,0,0.0,19,0.1,0,0
tx-gen-003080,cust-0021,123.68,63.7,1.94,0,0.0,20,0.1,0,0
tx-gen-003081,cust-0020,274.22,227.03,1.21,0,0.0,3,0.1,0,0
tx-gen-003082,cust-0002,135.38,104.26,1.3,2,0.0,1,0.1,0,0
tx-gen-003083,cust-0033,174.18,210.95,0.83,0,0.0,15,0.1,0,0
tx-gen-003084,cust-0024,672.675,269.07,2.5,0,0.0,19,0.1,0,0
tx-gen-003085,cust-0012,72.07,105.11,0.69,0,0.0,15,0.1,0,0
tx-gen-003086,cust-0022,24.56,51.28,0.48,1,0.0,14,0.1,0,0
tx-gen-003087,cust-0044,49.22,276.55,0.18,0,0.0,23,0.1,0,0
tx-gen-003088,cust-0049,104.44,67.7,1.54,0,0.0,23,0.1,0,0
tx-gen-003089,cust-0026,64.68,48.78,1.33,0,0.0,18,0.4,0,0
tx-gen-003090,cust-0006,18.71,38.58,0.48,0,0.0,2,0.1,1,0
tx-gen-003091,cust-0033,5.38,210.95,0.03,0,0.0,20,0.4,0,0
tx-gen-003092,cust-0004,771.63,212.71,3.63,7,8383.0,20,0.8,0,1
tx-gen-003093,cust-0046,159.64,87.41,1.83,0,0.0,20,0.1,0,0
tx-gen-003094,cust-0037,5.0,96.1,0.05,1,0.0,14,0.1,0,0
tx-gen-003095,cust-0018,68.25,56.11,1.22,1,0.0,4,0.1,0,0
tx-gen-003096,cust-0028,740.025,296.01,2.5,0,0.0,2,0.1,0,0
tx-gen-003097,cust-0015,60.46,105.03,0.58,0,0.0,13,0.1,0,0
tx-gen-003098,cust-0038,35.48,132.45,0.27,0,0.0,10,0.1,0,0
tx-gen-003099,cust-0041,112.08,91.84,1.22,0,0.0,2,0.4,0,0
tx-gen-003100,cust-0043,173.79,102.29,1.7,0,0.0,4,0.4,0,0
tx-gen-003101,cust-0049,53.52,67.7,0.79,0,0.0,10,0.1,1,0
tx-gen-003102,cust-0017,144.0,57.6,2.5,0,0.0,10,0.1,0,0
tx-gen-003103,cust-0010,11.64,219.36,0.05,0,0.0,23,0.1,0,0
tx-gen-003104,cust-0046,61.43,87.41,0.7,0,0.0,23,0.4,0,0
tx-gen-003105,cust-0032,164.71,129.95,1.27,0,0.0,12,0.1,1,0
tx-gen-003106,cust-0026,96.84,48.78,1.99,0,0.0,2,0.1,0,0
tx-gen-003107,cust-0011,17.68,89.52,0.2,1,0.0,19,0.1,0,0
tx-gen-003108,cust-0025,299.18,185.89,1.61,0,0.0,14,0.1,0,0
tx-gen-003109,cust-0035,39.65,49.28,0.8,0,0.0,2,0.4,1,0
tx-gen-003110,cust-0003,34.19,67.68,0.51,0,0.0,19,0.1,0,0
tx-gen-003111,cust-0015,14.83,105.03,0.14,1,0.0,15,0.4,0,0
tx-gen-003112,cust-0015,210.55,105.03,2.0,0,0.0,21,0.1,0,0
tx-gen-003113,cust-0045,45.62,266.62,0.17,0,0.0,10,0.4,0,0
tx-gen-003114,cust-0029,97.86,263.95,0.37,1,0.0,2,0.4,0,0
tx-gen-003115,cust-0023,86.99,253.94,0.34,0,0.0,9,0.1,0,0
tx-gen-003116,cust-0024,551.9,269.07,2.05,1,0.0,21,0.1,0,0
tx-gen-003117,cust-0035,55.04,49.28,1.12,0,0.0,0,0.1,0,0
tx-gen-003118,cust-0046,139.24,87.41,1.59,0,0.0,18,0.1,0,0
tx-gen-003119,cust-0047,39.45,136.82,0.29,0,0.0,22,0.4,0,0
tx-gen-003120,cust-0033,206.84,210.95,0.98,0,0.0,6,0.4,0,0
tx-gen-003121,cust-0037,81.5,96.1,0.85,0,0.0,8,0.4,0,0
tx-gen-003122,cust-0049,121.1,67.7,1.79,2,0.0,13,0.1,0,0
tx-gen-003123,cust-0038,313.3,132.45,2.37,0,0.0,15,0.1,0,0
tx-gen-003124,cust-0009,5.0,83.69,0.06,1,0.0,4,0.1,0,0
tx-gen-003125,cust-0039,241.89,215.8,1.12,0,0.0,17,0.1,0,0
tx-gen-003126,cust-0014,11.63,218.5,0.05,0,0.0,1,0.1,0,0
tx-gen-003127,cust-0016,229.6,288.45,0.8,2,0.0,9,0.1,1,0
tx-gen-003128,cust-0043,34.69,102.29,0.34,1,0.0,17,0.1,0,0
tx-gen-003129,cust-0037,35.21,96.1,0.37,1,0.0,16,0.4,1,0
tx-gen-003130,cust-0046,38.05,87.41,0.44,0,0.0,7,0.1,0,0
tx-gen-003131,cust-0008,961.54,192.55,4.99,3,6823.0,22,0.1,1,1
tx-gen-003132,cust-0030,102.0,105.05,0.97,1,0.0,10,0.1,0,0
tx-gen-003133,cust-0041,37.34,91.84,0.41,0,0.0,19,0.1,0,0
tx-gen-003134,cust-0036,100.55,76.21,1.32,0,0.0,21,0.1,0,0
tx-gen-003135,cust-0019,100.06,193.01,0.52,0,0.0,9,0.4,0,0
tx-gen-003136,cust-0016,20.42,288.45,0.07,0,0.0,17,0.4,0,0
tx-gen-003137,cust-0031,390.82,255.21,1.53,0,0.0,2,0.1,0,0
tx-gen-003138,cust-0038,44.57,132.45,0.34,0,0.0,21,0.1,0,0
tx-gen-003139,cust-0002,59.11,104.26,0.57,0,0.0,19,0.1,0,0
tx-gen-003140,cust-0018,64.9,56.11,1.16,0,0.0,13,0.1,0,0
tx-gen-003141,cust-0002,42.14,104.26,0.4,0,0.0,4,0.1,0,0
tx-gen-003142,cust-0025,10.83,185.89,0.06,0,0.0,9,0.1,0,0
tx-gen-003143,cust-0024,126.0,269.07,0.47,0,0.0,21,0.1,0,0
tx-gen-003144,cust-0015,262.575,105.03,2.5,0,0.0,3,0.1,0,0
tx-gen-003145,cust-0040,220.54,214.85,1.03,0,0.0,20,0.1,0,0
tx-gen-003146,cust-0034,314.91,282.9,1.11,0,0.0,10,0.4,0,0
tx-gen-003147,cust-0036,76.24,76.21,1.0,0,0.0,10,0.1,0,0
tx-gen-003148,cust-0037,21.32,96.1,0.22,0,0.0,12,0.1,0,0
tx-gen-003149,cust-0034,153.29,282.9,0.54,0,0.0,10,0.4,0,0
tx-gen-003150,cust-0037,133.58,96.1,1.39,0,0.0,3,0.1,0,0
tx-gen-003151,cust-0002,11.14,104.26,0.11,0,0.0,19,0.1,0,0
tx-gen-003152,cust-0005,17.41,53.47,0.33,0,0.0,7,0.1,0,0
tx-gen-003153,cust-0002,33.72,104.26,0.32,1,0.0,1,0.1,0,0
tx-gen-003154,cust-0023,143.65,253.94,0.57,0,0.0,10,0.4,0,0
tx-gen-003155,cust-0012,262.775,105.11,2.5,0,0.0,13,0.1,0,0
tx-gen-003156,cust-0037,6.72,96.1,0.07,0,0.0,16,0.1,0,0
tx-gen-003157,cust-0033,154.26,210.95,0.73,0,0.0,17,0.1,0,0
tx-gen-003158,cust-0006,7.63,38.58,0.2,0,0.0,13,0.1,0,0
tx-gen-003159,cust-0005,133.675,53.47,2.5,0,0.0,16,0.4,0,0
tx-gen-003160,cust-0046,10.51,87.41,0.12,0,0.0,12,0.1,0,0
tx-gen-003161,cust-0039,111.54,215.8,0.52,0,0.0,10,0.4,0,0
tx-gen-003162,cust-0046,117.04,87.41,1.34,0,0.0,1,0.1,0,0
tx-gen-003163,cust-0036,92.92,76.21,1.22,0,0.0,17,0.1,0,0
tx-gen-003164,cust-0021,35.0,63.7,0.55,0,0.0,0,0.1,0,0
tx-gen-003165,cust-0009,35.61,83.69,0.43,1,0.0,10,0.1,0,0
tx-gen-003166,cust-0002,52.84,104.26,0.51,0,0.0,12,0.1,0,0
tx-gen-003167,cust-0046,26.83,87.41,0.31,2,0.0,7,0.1,0,0
tx-gen-003168,cust-0014,50.22,218.5,0.23,2,0.0,8,0.1,0,0
tx-gen-003169,cust-0036,50.28,76.21,0.66,0,0.0,11,0.1,0,0
tx-gen-003170,cust-0042,77.35,247.36,0.31,0,0.0,0,0.1,0,0
tx-gen-003171,cust-0029,89.46,263.95,0.34,0,0.0,9,0.1,1,0
tx-gen-003172,cust-0035,52.7,49.28,1.07,0,0.0,23,0.1,0,0
tx-gen-003173,cust-0023,634.85,253.94,2.5,0,0.0,9,0.1,0,0
tx-gen-003174,cust-0001,55.58,60.06,0.93,2,0.0,5,0.1,0,0
tx-gen-003175,cust-0021,5.1,63.7,0.08,0,0.0,8,0.1,0,0
tx-gen-003176,cust-0029,20.74,263.95,0.08,0,0.0,20,0.1,0,0
tx-gen-003177,cust-0005,133.675,53.47,2.5,0,0.0,0,0.1,0,0
tx-gen-003178,cust-0031,90.04,255.21,0.35,1,0.0,11,0.1,0,0
tx-gen-003179,cust-0020,21.93,227.03,0.1,0,0.0,18,0.1,0,0
tx-gen-003180,cust-0037,87.83,96.1,0.91,0,0.0,14,0.4,0,0
tx-gen-003181,cust-0027,89.45,91.53,0.98,0,0.0,4,0.1,0,0
tx-gen-003182,cust-0008,201.32,192.55,1.05,0,0.0,0,0.4,0,0
tx-gen-003183,cust-0010,68.26,219.36,0.31,1,0.0,9,0.1,0,0
tx-gen-003184,cust-0050,5.0,181.57,0.03,0,0.0,10,0.1,0,0
tx-gen-003185,cust-0023,634.85,253.94,2.5,0,0.0,14,0.1,0,0
tx-gen-003186,cust-0030,30.35,105.05,0.29,0,0.0,10,0.1,0,0
tx-gen-003187,cust-0016,325.11,288.45,1.13,0,0.0,18,0.1,0,0
tx-gen-003188,cust-0018,68.81,56.11,1.23,0,0.0,15,0.1,0,0
tx-gen-003189,cust-0038,124.72,132.45,0.94,1,0.0,21,0.1,0,0
tx-gen-003190,cust-0036,28.6,76.21,0.38,1,0.0,2,0.1,0,0
tx-gen-003191,cust-0041,29.04,91.84,0.32,1,0.0,2,0.1,0,0
tx-gen-003192,cust-0022,46.69,51.28,0.91,1,0.0,13,0.1,0,0
tx-gen-003193,cust-0026,98.08,48.78,2.01,0,0.0,10,0.1,0,0
tx-gen-003194,cust-0026,121.95,48.78,2.5,0,0.0,9,0.1,0,0
tx-gen-003195,cust-0003,7.58,67.68,0.11,0,0.0,8,0.1,0,0
tx-gen-003196,cust-0045,44.85,266.62,0.17,0,0.0,12,0.4,0,0
tx-gen-003197,cust-0006,96.44999999999999,38.58,2.5,1,0.0,2,0.4,0,0
tx-gen-003198,cust-0044,2861.26,276.55,10.35,8,3402.0,21,0.8,1,1
tx-gen-003199,cust-0011,119.4,89.52,1.33,0,0.0,23,0.4,0,0
tx-gen-003200,cust-0018,120.39,56.11,2.15,2,0.0,13,0.1,0,0
tx-gen-003201,cust-0043,23.16,102.29,0.23,0,0.0,20,0.1,1,0
tx-gen-003202,cust-0023,224.92,253.94,0.89,0,0.0,10,0.1,0,0
tx-gen-003203,cust-0045,322.02,266.62,1.21,0,0.0,4,0.1,0,0
tx-gen-003204,cust-0047,155.95,136.82,1.14,0,0.0,14,0.4,0,0
tx-gen-003205,cust-0040,112.69,214.85,0.52,0,0.0,20,0.1,0,0
tx-gen-003206,cust-0007,5.0,89.03,0.06,0,0.0,9,0.1,0,0
tx-gen-003207,cust-0023,222.07,253.94,0.87,0,0.0,16,0.1,1,0
tx-gen-003208,cust-0043,29.85,102.29,0.29,0,0.0,23,0.1,0,0
tx-gen-003209,cust-0044,165.46,276.55,0.6,0,0.0,16,0.1,0,0
tx-gen-003210,cust-0008,880.24,192.55,4.57,6,5156.0,16,0.4,1,1
tx-gen-003211,cust-0005,133.675,53.47,2.5,1,0.0,7,0.4,1,0
tx-gen-003212,cust-0042,125.96,247.36,0.51,1,0.0,0,0.4,1,0
tx-gen-003213,cust-0023,465.05,253.94,1.83,0,0.0,4,0.1,0,0
tx-gen-003214,cust-0003,14.14,67.68,0.21,0,0.0,10,0.1,1,0
tx-gen-003215,cust-0037,107.26,96.1,1.12,0,0.0,4,0.1,0,0
tx-gen-003216,cust-0036,190.52499999999998,76.21,2.5,0,0.0,18,0.1,0,0
tx-gen-003217,cust-0003,7.27,67.68,0.11,0,0.0,23,0.1,0,0
tx-gen-003218,cust-0009,5.0,83.69,0.06,0,0.0,19,0.1,0,0
tx-gen-003219,cust-0038,75.29,132.45,0.57,0,0.0,3,0.1,0,0
tx-gen-003220,cust-0030,10.21,105.05,0.1,0,0.0,7,0.1,0,0
tx-gen-003221,cust-0041,126.73,91.84,1.38,0,0.0,0,0.1,1,0
tx-gen-003222,cust-0021,156.69,63.7,2.46,0,0.0,14,0.1,0,0
tx-gen-003223,cust-0017,32.79,57.6,0.57,0,0.0,13,0.1,0,0
tx-gen-003224,cust-0050,54.36,181.57,0.3,0,0.0,3,0.1,0,0
tx-gen-003225,cust-0001,34.23,60.06,0.57,0,0.0,21,0.4,0,0
tx-gen-003226,cust-0027,117.65,91.53,1.29,0,0.0,5,0.1,0,0
tx-gen-003227,cust-0035,5.0,49.28,0.1,0,0.0,16,0.4,0,0
tx-gen-003228,cust-0008,171.42,192.55,0.89,0,0.0,17,0.1,0,0
tx-gen-003229,cust-0001,57.06,60.06,0.95,0,0.0,10,0.1,0,0
tx-gen-003230,cust-0037,97.57,96.1,1.02,0,0.0,10,0.1,0,0
tx-gen-003231,cust-0012,29.13,105.11,0.28,0,0.0,0,0.4,0,0
tx-gen-003232,cust-0026,61.07,48.78,1.25,0,0.0,20,0.1,0,0
tx-gen-003233,cust-0001,5.76,60.06,0.1,0,0.0,21,0.1,0,0
tx-gen-003234,cust-0005,11.88,53.47,0.22,0,0.0,4,0.1,0,0
tx-gen-003235,cust-0029,554.14,263.95,2.1,0,0.0,8,0.1,0,0
tx-gen-003236,cust-0001,80.61,60.06,1.34,0,0.0,6,0.1,0,0
tx-gen-003237,cust-0047,5.0,136.82,0.04,1,0.0,3,0.1,0,0
tx-gen-003238,cust-0008,54.98,192.55,0.29,0,0.0,11,0.1,0,0
tx-gen-003239,cust-0028,71.43,296.01,0.24,0,0.0,4,0.4,0,0
tx-gen-003240,cust-0022,16.2,51.28,0.32,1,0.0,10,0.4,0,0
tx-gen-003241,cust-0030,29.88,105.05,0.28,0,0.0,19,0.1,0,0
tx-gen-003242,cust-0036,5.0,76.21,0.07,1,0.0,13,0.1,0,0
tx-gen-003243,cust-0049,41.58,67.7,0.61,0,0.0,23,0.1,1,0
tx-gen-003244,cust-0039,284.75,215.8,1.32,0,0.0,6,0.4,0,0
tx-gen-003245,cust-0033,196.87,210.95,0.93,0,0.0,7,0.1,1,0
tx-gen-003246,cust-0009,93.52,83.69,1.12,0,0.0,9,0.1,0,0
tx-gen-003247,cust-0014,18.49,218.5,0.08,0,0.0,20,0.1,0,0
tx-gen-003248,cust-0015,262.575,105.03,2.5,0,0.0,3,0.1,0,0
tx-gen-003249,cust-0032,236.92,129.95,1.82,0,0.0,14,0.1,1,0
tx-gen-003250,cust-0034,462.6,282.9,1.64,2,0.0,0,0.1,1,0
tx-gen-003251,cust-0037,166.4,96.1,1.73,0,0.0,20,0.1,0,0
tx-gen-003252,cust-0048,1367.99,153.89,8.89,8,4088.0,6,0.8,1,1
tx-gen-003253,cust-0009,209.225,83.69,2.5,0,0.0,22,0.1,1,0
tx-gen-003254,cust-0045,209.52,266.62,0.79,0,0.0,4,0.1,0,0
tx-gen-003255,cust-0050,40.58,181.57,0.22,0,0.0,19,0.1,0,0
tx-gen-003256,cust-0027,87.79,91.53,0.96,0,0.0,22,0.1,0,0
tx-gen-003257,cust-0023,344.91,253.94,1.36,1,0.0,3,0.1,0,0
tx-gen-003258,cust-0030,140.67,105.05,1.34,0,0.0,4,0.1,0,0
tx-gen-003259,cust-0050,133.82,181.57,0.74,2,0.0,2,0.1,0,0
tx-gen-003260,cust-0044,19.61,276.55,0.07,0,0.0,17,0.1,0,0
tx-gen-003261,cust-0003,31.39,67.68,0.46,0,0.0,11,0.4,0,0
tx-gen-003262,cust-0008,481.375,192.55,2.5,0,0.0,15,0.1,1,0
tx-gen-003263,cust-0035,43.28,49.28,0.88,0,0.0,2,0.4,0,0
tx-gen-003264,cust-0037,74.28,96.1,0.77,0,0.0,11,0.1,0,0
tx-gen-003265,cust-0004,66.61,212.71,0.31,2,0.0,17,0.1,0,0
tx-gen-003266,cust-0026,22.42,48.78,0.46,0,0.0,16,0.1,0,0
tx-gen-003267,cust-0010,495.12,219.36,2.26,0,0.0,14,0.1,0,0
tx-gen-003268,cust-0038,145.43,132.45,1.1,0,0.0,4,0.1,0,0
tx-gen-003269,cust-0028,458.31,296.01,1.55,0,0.0,20,0.1,0,0
tx-gen-003270,cust-0015,63.62,105.03,0.61,0,0.0,7,0.1,0,0
tx-gen-003271,cust-0011,89.07,89.52,0.99,0,0.0,18,0.1,0,0
tx-gen-003272,cust-0008,54.98,192.55,0.29,0,0.0,8,0.1,0,0
tx-gen-003273,cust-0009,102.3,83.69,1.22,0,0.0,6,0.4,0,0
tx-gen-003274,cust-0010,122.39,219.36,0.56,0,0.0,20,0.4,1,0
tx-gen-003275,cust-0035,28.8,49.28,0.58,0,0.0,1,0.4,0,0
tx-gen-003276,cust-0027,95.91,91.53,1.05,1,0.0,20,0.1,0,0
tx-gen-003277,cust-0043,255.72500000000002,102.29,2.5,0,0.0,14,0.1,0,0
tx-gen-003278,cust-0016,19.08,288.45,0.07,2,0.0,15,0.1,0,0
tx-gen-003279,cust-0024,468.59,269.07,1.74,0,0.0,4,0.4,0,0
tx-gen-003280,cust-0013,81.23,234.88,0.35,0,0.0,3,0.1,0,0
tx-gen-003281,cust-0024,157.9,269.07,0.59,0,0.0,3,0.1,0,0
tx-gen-003282,cust-0047,5.0,136.82,0.04,1,0.0,11,0.1,0,0
tx-gen-003283,cust-0018,20.1,56.11,0.36,0,0.0,6,0.1,0,0
tx-gen-003284,cust-0018,39.19,56.11,0.7,1,0.0,20,0.1,0,0
tx-gen-003285,cust-0016,16.68,288.45,0.06,2,0.0,8,0.1,0,0
tx-gen-003286,cust-0025,125.57,185.89,0.68,0,0.0,3,0.4,0,0
tx-gen-003287,cust-0028,740.025,296.01,2.5,0,0.0,12,0.1,0,0
tx-gen-003288,cust-0024,2251.53,269.07,8.37,7,6098.0,17,0.8,1,1
tx-gen-003289,cust-0012,11.71,105.11,0.11,0,0.0,5,0.1,1,0
tx-gen-003290,cust-0037,138.94,96.1,1.45,0,0.0,11,0.1,0,0
tx-gen-003291,cust-0016,1344.76,288.45,4.66,3,6804.0,3,0.8,1,1
tx-gen-003292,cust-0008,101.49,192.55,0.53,2,0.0,0,0.1,1,0
tx-gen-003293,cust-0042,263.37,247.36,1.06,0,0.0,18,0.1,0,0
tx-gen-003294,cust-0027,27.59,91.53,0.3,1,0.0,9,0.1,0,0
tx-gen-003295,cust-0004,36.96,212.71,0.17,0,0.0,13,0.1,0,0
tx-gen-003296,cust-0007,15.57,89.03,0.17,0,0.0,15,0.1,0,0
tx-gen-003297,cust-0008,14.08,192.55,0.07,1,0.0,7,0.1,0,0
tx-gen-003298,cust-0008,39.54,192.55,0.21,0,0.0,23,0.1,1,0
tx-gen-003299,cust-0018,61.23,56.11,1.09,1,0.0,0,0.1,0,0
tx-gen-003300,cust-0048,328.47,153.89,2.13,0,0.0,9,0.4,0,0
tx-gen-003301,cust-0044,465.35,276.55,1.68,0,0.0,8,0.1,0,0
tx-gen-003302,cust-0011,103.45,89.52,1.16,0,0.0,7,0.4,0,0
tx-gen-003303,cust-0048,18.01,153.89,0.12,0,0.0,6,0.1,0,0
tx-gen-003304,cust-0028,101.04,296.01,0.34,0,0.0,11,0.1,0,0
tx-gen-003305,cust-0008,71.39,192.55,0.37,1,0.0,15,0.1,0,0
tx-gen-003306,cust-0023,73.04,253.94,0.29,0,0.0,23,0.4,1,0
tx-gen-003307,cust-0024,194.7,269.07,0.72,0,0.0,6,0.1,1,0
tx-gen-003308,cust-0031,195.72,255.21,0.77,0,0.0,5,0.1,0,0
tx-gen-003309,cust-0030,46.37,105.05,0.44,0,0.0,17,0.1,0,0
tx-gen-003310,cust-0015,45.86,105.03,0.44,0,0.0,5,0.1,0,0
tx-gen-003311,cust-0041,161.96,91.84,1.76,1,0.0,23,0.1,0,0
tx-gen-003312,cust-0013,365.78,234.88,1.56,0,0.0,11,0.1,0,0
tx-gen-003313,cust-0026,17.94,48.78,0.37,0,0.0,10,0.4,0,0
tx-gen-003314,cust-0041,225.1,91.84,2.45,0,0.0,9,0.1,0,0
tx-gen-003315,cust-0040,537.125,214.85,2.5,0,0.0,9,0.1,0,0
tx-gen-003316,cust-0045,105.48,266.62,0.4,0,0.0,7,0.1,0,0
tx-gen-003317,cust-0034,123.8,282.9,0.44,0,0.0,20,0.1,0,0
tx-gen-003318,cust-0045,187.83,266.62,0.7,0,0.0,5,0.1,0,0
tx-gen-003319,cust-0028,740.025,296.01,2.5,0,0.0,20,0.1,0,0
tx-gen-003320,cust-0004,444.58,212.71,2.09,0,0.0,18,0.1,0,0
tx-gen-003321,cust-0032,14.06,129.95,0.11,1,0.0,23,0.4,0,0
tx-gen-003322,cust-0013,117.15,234.88,0.5,0,0.0,23,0.1,0,0
tx-gen-003323,cust-0007,71.76,89.03,0.81,1,0.0,9,0.1,0,0
tx-gen-003324,cust-0036,53.3,76.21,0.7,2,0.0,15,0.1,0,0
tx-gen-003325,cust-0041,19.79,91.84,0.22,1,0.0,20,0.4,0,0
tx-gen-003326,cust-0031,499.62,255.21,1.96,0,0.0,6,0.1,0,0
tx-gen-003327,cust-0014,246.89,218.5,1.13,2,0.0,21,0.1,1,0
tx-gen-003328,cust-0033,2090.99,210.95,9.91,4,9774.0,15,0.8,1,1
tx-gen-003329,cust-0010,399.15,219.36,1.82,0,0.0,11,0.1,1,0
tx-gen-003330,cust-0026,95.48,48.78,1.96,2,0.0,15,0.4,0,0
tx-gen-003331,cust-0024,371.25,269.07,1.38,1,0.0,11,0.1,0,0
tx-gen-003332,cust-0047,79.14,136.82,0.58,1,0.0,6,0.1,0,0
tx-gen-003333,cust-0004,200.59,212.71,0.94,0,0.0,18,0.1,0,0
tx-gen-003334,cust-0032,22.71,129.95,0.17,1,0.0,20,0.4,0,0
tx-gen-003335,cust-0042,276.99,247.36,1.12,1,0.0,12,0.1,0,0
tx-gen-003336,cust-0050,35.87,181.57,0.2,0,0.0,12,0.1,0,0
tx-gen-003337,cust-0026,57.76,48.78,1.18,0,0.0,2,0.1,0,0
tx-gen-003338,cust-0018,14.64,56.11,0.26,0,0.0,2,0.1,0,0
tx-gen-003339,cust-0012,13.14,105.11,0.13,0,0.0,3,0.1,1,0
tx-gen-003340,cust-0018,10.14,56.11,0.18,0,0.0,12,0.1,0,0
tx-gen-003341,cust-0037,5.0,96.1,0.05,0,0.0,7,0.4,0,0
tx-gen-003342,cust-0014,277.16,218.5,1.27,0,0.0,0,0.4,0,0
tx-gen-003343,cust-0004,280.41,212.71,1.32,0,0.0,1,0.1,0,0
tx-gen-003344,cust-0011,64.76,89.52,0.72,1,0.0,11,0.4,0,0
tx-gen-003345,cust-0009,14.73,83.69,0.18,0,0.0,4,0.1,1,0
tx-gen-003346,cust-0037,8.38,96.1,0.09,0,0.0,3,0.4,0,0
tx-gen-003347,cust-0042,5.0,247.36,0.02,2,0.0,7,0.4,0,0
tx-gen-003348,cust-0005,9.69,53.47,0.18,0,0.0,15,0.1,0,0
tx-gen-003349,cust-0050,402.19,181.57,2.22,0,0.0,20,0.1,0,0
tx-gen-003350,cust-0022,14.18,51.28,0.28,0,0.0,6,0.4,0,0
tx-gen-003351,cust-0027,40.03,91.53,0.44,1,0.0,0,0.1,0,0
tx-gen-003352,cust-0045,29.68,266.62,0.11,0,0.0,11,0.1,0,0
tx-gen-003353,cust-0025,46.75,185.89,0.25,2,0.0,3,0.1,0,0
tx-gen-003354,cust-0038,97.0,132.45,0.73,0,0.0,12,0.1,0,0
tx-gen-003355,cust-0008,180.2,192.55,0.94,0,0.0,0,0.1,0,0
tx-gen-003356,cust-0025,52.33,185.89,0.28,0,0.0,17,0.4,0,0
tx-gen-003357,cust-0019,11.48,193.01,0.06,0,0.0,13,0.1,1,0
tx-gen-003358,cust-0030,52.1,105.05,0.5,0,0.0,3,0.4,0,0
tx-gen-003359,cust-0026,13.02,48.78,0.27,0,0.0,18,0.4,0,0
tx-gen-003360,cust-0006,9.56,38.58,0.25,1,0.0,7,0.1,0,0
tx-gen-003361,cust-0003,169.20000000000002,67.68,2.5,0,0.0,2,0.1,0,0
tx-gen-003362,cust-0021,61.02,63.7,0.96,0,0.0,19,0.1,0,0
tx-gen-003363,cust-0018,45.67,56.11,0.81,2,0.0,2,0.1,0,0
tx-gen-003364,cust-0008,103.49,192.55,0.54,0,0.0,11,0.1,0,0
tx-gen-003365,cust-0015,58.85,105.03,0.56,0,0.0,12,0.1,0,0
tx-gen-003366,cust-0012,81.83,105.11,0.78,0,0.0,0,0.1,0,0
tx-gen-003367,cust-0044,329.69,276.55,1.19,2,0.0,6,0.1,0,0
tx-gen-003368,cust-0040,260.22,214.85,1.21,1,0.0,17,0.4,0,0
tx-gen-003369,cust-0049,12.75,67.7,0.19,1,0.0,19,0.1,0,0
tx-gen-003370,cust-0028,205.25,296.01,0.69,1,0.0,1,0.1,1,0
tx-gen-003371,cust-0019,102.48,193.01,0.53,0,0.0,23,0.1,0,0
tx-gen-003372,cust-0020,464.11,227.03,2.04,1,0.0,0,0.4,0,0
tx-gen-003373,cust-0049,67.57,67.7,1.0,0,0.0,12,0.1,0,0
tx-gen-003374,cust-0037,73.07,96.1,0.76,0,0.0,7,0.1,0,0
tx-gen-003375,cust-0043,12.54,102.29,0.12,0,0.0,14,0.1,0,0
tx-gen-003376,cust-0033,196.29,210.95,0.93,0,0.0,2,0.1,0,0
tx-gen-003377,cust-0037,11.98,96.1,0.12,0,0.0,12,0.4,1,0
tx-gen-003378,cust-0007,36.62,89.03,0.41,2,0.0,10,0.1,0,0
tx-gen-003379,cust-0029,40.68,263.95,0.15,1,0.0,18,0.1,0,0
tx-gen-003380,cust-0031,300.61,255.21,1.18,0,0.0,4,0.1,0,0
tx-gen-003381,cust-0027,21.14,91.53,0.23,0,0.0,0,0.4,0,0
tx-gen-003382,cust-0003,33.66,67.68,0.5,0,0.0,21,0.1,0,0
tx-gen-003383,cust-0020,513.14,227.03,2.26,0,0.0,20,0.1,0,0
tx-gen-003384,cust-0004,48.62,212.71,0.23,0,0.0,20,0.1,0,0
tx-gen-003385,cust-0014,154.89,218.5,0.71,1,0.0,0,0.1,0,0
tx-gen-003386,cust-0034,153.75,282.9,0.54,0,0.0,15,0.1,0,0
tx-gen-003387,cust-0044,5.06,276.55,0.02,1,0.0,5,0.4,1,0
tx-gen-003388,cust-0006,60.72,38.58,1.57,1,0.0,11,0.1,0,0
tx-gen-003389,cust-0024,19.25,269.07,0.07,0,0.0,5,0.1,0,0
tx-gen-003390,cust-0015,67.53,105.03,0.64,0,0.0,6,0.4,0,0
tx-gen-003391,cust-0014,179.72,218.5,0.82,1,0.0,17,0.1,0,0
tx-gen-003392,cust-0043,101.27,102.29,0.99,0,0.0,1,0.1,0,0
tx-gen-003393,cust-0012,122.64,105.11,1.17,0,0.0,22,0.1,0,0
tx-gen-003394,cust-0029,77.09,263.95,0.29,0,0.0,20,0.4,0,0
tx-gen-003395,cust-0043,5.0,102.29,0.05,0,0.0,4,0.1,0,0
tx-gen-003396,cust-0042,317.94,247.36,1.29,1,0.0,19,0.4,0,0
tx-gen-003397,cust-0038,101.61,132.45,0.77,0,0.0,22,0.1,1,0
tx-gen-003398,cust-0029,477.38,263.95,1.81,0,0.0,20,0.1,1,0
tx-gen-003399,cust-0020,391.07,227.03,1.72,0,0.0,23,0.1,0,0
tx-gen-003400,cust-0024,498.75,269.07,1.85,1,0.0,20,0.1,0,0
tx-gen-003401,cust-0018,37.24,56.11,0.66,0,0.0,19,0.1,0,0
tx-gen-003402,cust-0049,27.48,67.7,0.41,0,0.0,12,0.1,0,0
tx-gen-003403,cust-0010,343.98,219.36,1.57,0,0.0,6,0.1,0,0
tx-gen-003404,cust-0026,29.28,48.78,0.6,0,0.0,19,0.1,0,0
tx-gen-003405,cust-0002,21.13,104.26,0.2,0,0.0,2,0.1,0,0
tx-gen-003406,cust-0045,514.8,266.62,1.93,0,0.0,22,0.1,0,0
tx-gen-003407,cust-0029,565.34,263.95,2.14,0,0.0,22,0.1,0,0
tx-gen-003408,cust-0021,40.0,63.7,0.63,0,0.0,3,0.1,0,0
tx-gen-003409,cust-0004,16.74,212.71,0.08,0,0.0,18,0.1,0,0
tx-gen-003410,cust-0017,28.27,57.6,0.49,0,0.0,12,0.1,0,0
tx-gen-003411,cust-0009,136.19,83.69,1.63,0,0.0,4,0.1,1,0
tx-gen-003412,cust-0038,307.35,132.45,2.32,0,0.0,11,0.1,0,0
tx-gen-003413,cust-0011,20.37,89.52,0.23,0,0.0,1,0.1,0,0
tx-gen-003414,cust-0029,18.3,263.95,0.07,0,0.0,15,0.1,0,0
tx-gen-003415,cust-0047,287.11,136.82,2.1,0,0.0,5,0.1,0,0
tx-gen-003416,cust-0021,31.42,63.7,0.49,0,0.0,16,0.1,0,0
tx-gen-003417,cust-0012,82.02,105.11,0.78,0,0.0,13,0.1,0,0
tx-gen-003418,cust-0035,123.2,49.28,2.5,0,0.0,2,0.1,0,0
tx-gen-003419,cust-0010,15.11,219.36,0.07,0,0.0,20,0.1,0,0
tx-gen-003420,cust-0038,138.41,132.45,1.04,0,0.0,5,0.1,0,0
tx-gen-003421,cust-0046,6.73,87.41,0.08,1,0.0,3,0.1,0,0
tx-gen-003422,cust-0041,43.23,91.84,0.47,0,0.0,4,0.1,0,0
tx-gen-003423,cust-0006,62.84,38.58,1.63,0,0.0,6,0.1,1,0
tx-gen-003424,cust-0003,38.46,67.68,0.57,0,0.0,13,0.4,1,0
tx-gen-003425,cust-0040,537.125,214.85,2.5,1,0.0,17,0.1,0,0
tx-gen-003426,cust-0032,106.41,129.95,0.82,0,0.0,6,0.1,0,0
tx-gen-003427,cust-0038,51.31,132.45,0.39,0,0.0,4,0.1,0,0
tx-gen-003428,cust-0021,15.84,63.7,0.25,0,0.0,22,0.1,0,0
tx-gen-003429,cust-0032,56.08,129.95,0.43,0,0.0,4,0.1,0,0
tx-gen-003430,cust-0011,427.19,89.52,4.77,4,5751.0,7,0.8,1,1
tx-gen-003431,cust-0044,128.89,276.55,0.47,1,0.0,19,0.1,0,0
tx-gen-003432,cust-0013,16.72,234.88,0.07,1,0.0,3,0.4,0,0
tx-gen-003433,cust-0019,89.05,193.01,0.46,0,0.0,7,0.1,0,0
tx-gen-003434,cust-0032,81.1,129.95,0.62,0,0.0,19,0.1,0,0
tx-gen-003435,cust-0011,780.41,89.52,8.72,8,5631.0,1,0.8,1,1
tx-gen-003436,cust-0013,301.3,234.88,1.28,0,0.0,19,0.1,0,0
tx-gen-003437,cust-0012,112.39,105.11,1.07,0,0.0,18,0.1,0,0
tx-gen-003438,cust-0048,189.84,153.89,1.23,0,0.0,5,0.1,1,0
tx-gen-003439,cust-0031,5.0,255.21,0.02,1,0.0,12,0.1,0,0
tx-gen-003440,cust-0002,25.59,104.26,0.25,0,0.0,8,0.1,0,0
tx-gen-003441,cust-0039,233.88,215.8,1.08,0,0.0,12,0.1,1,0
tx-gen-003442,cust-0010,145.13,219.36,0.66,0,0.0,15,0.1,0,0
tx-gen-003443,cust-0050,5.0,181.57,0.03,0,0.0,19,0.1,0,0
tx-gen-003444,cust-0043,166.95,102.29,1.63,0,0.0,14,0.1,0,0
tx-gen-003445,cust-0047,202.76,136.82,1.48,0,0.0,18,0.1,0,0
tx-gen-003446,cust-0019,153.44,193.01,0.79,0,0.0,8,0.1,0,0
tx-gen-003447,cust-0043,7.03,102.29,0.07,0,0.0,19,0.1,0,0
tx-gen-003448,cust-0007,129.51,89.03,1.45,0,0.0,17,0.1,0,0
tx-gen-003449,cust-0003,59.31,67.68,0.88,1,0.0,5,0.4,0,0
tx-gen-003450,cust-0011,136.35,89.52,1.52,0,0.0,11,0.1,0,0
tx-gen-003451,cust-0012,146.45,105.11,1.39,0,0.0,20,0.1,1,0
tx-gen-003452,cust-0008,312.81,192.55,1.62,1,0.0,23,0.1,0,0
tx-gen-003453,cust-0035,35.97,49.28,0.73,1,0.0,13,0.1,0,0
tx-gen-003454,cust-0038,20.03,132.45,0.15,0,0.0,17,0.1,0,0
tx-gen-003455,cust-0020,252.5,227.03,1.11,0,0.0,3,0.1,0,0
tx-gen-003456,cust-0037,93.1,96.1,0.97,0,0.0,7,0.1,0,0
tx-gen-003457,cust-0021,86.36,63.7,1.36,0,0.0,6,0.1,0,0
tx-gen-003458,cust-0048,28.65,153.89,0.19,0,0.0,19,0.4,0,0
tx-gen-003459,cust-0019,41.86,193.01,0.22,0,0.0,4,0.4,1,0
tx-gen-003460,cust-0010,485.01,219.36,2.21,0,0.0,14,0.1,0,0
tx-gen-003461,cust-0003,93.82,67.68,1.39,0,0.0,16,0.1,0,0
tx-gen-003462,cust-0008,459.9,192.55,2.39,1,0.0,4,0.4,0,0
tx-gen-003463,cust-0045,379.07,266.62,1.42,1,0.0,4,0.1,0,0
tx-gen-003464,cust-0049,61.55,67.7,0.91,2,0.0,11,0.4,0,0
tx-gen-003465,cust-0045,283.07,266.62,1.06,0,0.0,7,0.1,0,0
tx-gen-003466,cust-0048,338.46,153.89,2.2,1,0.0,4,0.1,0,0
tx-gen-003467,cust-0002,90.15,104.26,0.86,0,0.0,7,0.1,0,0
tx-gen-003468,cust-0013,235.05,234.88,1.0,0,0.0,1,0.1,0,0
tx-gen-003469,cust-0007,346.73,89.03,3.89,4,4349.0,12,0.8,0,1
tx-gen-003470,cust-0036,12.97,76.21,0.17,0,0.0,8,0.4,1,0
tx-gen-003471,cust-0040,138.0,214.85,0.64,0,0.0,9,0.4,0,0
tx-gen-003472,cust-0035,62.1,49.28,1.26,0,0.0,22,0.1,1,0
tx-gen-003473,cust-0015,33.19,105.03,0.32,1,0.0,14,0.1,0,0
tx-gen-003474,cust-0025,42.0,185.89,0.23,1,0.0,13,0.1,0,0
tx-gen-003475,cust-0048,57.96,153.89,0.38,1,0.0,14,0.1,1,0
tx-gen-003476,cust-0049,18.71,67.7,0.28,0,0.0,15,0.1,0,0
tx-gen-003477,cust-0028,71.62,296.01,0.24,2,0.0,21,0.1,0,0
tx-gen-003478,cust-0043,56.58,102.29,0.55,1,0.0,6,0.1,0,0
tx-gen-003479,cust-0010,523.0,219.36,2.38,0,0.0,4,0.4,0,0
tx-gen-003480,cust-0012,74.35,105.11,0.71,0,0.0,14,0.1,0,0
tx-gen-003481,cust-0049,14.09,67.7,0.21,2,0.0,19,0.1,0,0
tx-gen-003482,cust-0025,14.89,185.89,0.08,0,0.0,22,0.1,0,0
tx-gen-003483,cust-0038,157.78,132.45,1.19,0,0.0,18,0.4,0,0
tx-gen-003484,cust-0018,27.08,56.11,0.48,0,0.0,19,0.4,0,0
tx-gen-003485,cust-0027,157.89,91.53,1.73,0,0.0,19,0.1,0,0
tx-gen-003486,cust-0038,142.7,132.45,1.08,0,0.0,13,0.1,0,0
tx-gen-003487,cust-0043,162.72,102.29,1.59,0,0.0,12,0.1,0,0
tx-gen-003488,cust-0045,84.62,266.62,0.32,0,0.0,8,0.4,0,0
tx-gen-003489,cust-0023,299.35,253.94,1.18,0,0.0,13,0.1,0,0
tx-gen-003490,cust-0040,65.88,214.85,0.31,0,0.0,11,0.1,0,0
tx-gen-003491,cust-0018,140.275,56.11,2.5,0,0.0,4,0.1,0,0
tx-gen-003492,cust-0009,84.66,83.69,1.01,0,0.0,7,0.1,0,0
tx-gen-003493,cust-0010,86.06,219.36,0.39,0,0.0,12,0.1,1,0
tx-gen-003494,cust-0005,16.79,53.47,0.31,0,0.0,6,0.4,0,0
tx-gen-003495,cust-0001,12.72,60.06,0.21,0,0.0,4,0.1,0,0
tx-gen-003496,cust-0017,68.33,57.6,1.19,0,0.0,5,0.4,0,0
tx-gen-003497,cust-0033,52.07,210.95,0.25,1,0.0,8,0.4,0,0
tx-gen-003498,cust-0030,95.03,105.05,0.9,1,0.0,17,0.4,0,0
tx-gen-003499,cust-0026,14.99,48.78,0.31,0,0.0,19,0.4,0,0
tx-gen-003500,cust-0050,196.93,181.57,1.08,0,0.0,13,0.1,0,0
tx-gen-003501,cust-0039,364.07,215.8,1.69,1,0.0,6,0.4,0,0
tx-gen-003502,cust-0021,95.88,63.7,1.51,0,0.0,18,0.1,0,0
tx-gen-003503,cust-0030,150.29,105.05,1.43,0,0.0,10,0.1,1,0
tx-gen-003504,cust-0002,21.68,104.26,0.21,0,0.0,7,0.1,0,0
tx-gen-003505,cust-0034,26.18,282.9,0.09,0,0.0,3,0.1,0,0
tx-gen-003506,cust-0036,91.49,76.21,1.2,0,0.0,17,0.1,0,0
tx-gen-003507,cust-0035,22.64,49.28,0.46,0,0.0,7,0.4,0,0
tx-gen-003508,cust-0048,87.14,153.89,0.57,0,0.0,8,0.1,0,0
tx-gen-003509,cust-0001,5.0,60.06,0.08,1,0.0,16,0.1,0,0
tx-gen-003510,cust-0014,65.67,218.5,0.3,0,0.0,9,0.1,0,0
tx-gen-003511,cust-0038,5.0,132.45,0.04,0,0.0,6,0.1,0,0
tx-gen-003512,cust-0023,536.7,253.94,2.11,0,0.0,20,0.4,0,0
tx-gen-003513,cust-0029,73.62,263.95,0.28,0,0.0,18,0.1,0,0
tx-gen-003514,cust-0049,55.17,67.7,0.81,0,0.0,18,0.1,0,0
tx-gen-003515,cust-0042,9.83,247.36,0.04,0,0.0,20,0.1,0,0
tx-gen-003516,cust-0024,295.75,269.07,1.1,0,0.0,4,0.1,1,0
tx-gen-003517,cust-0020,88.57,227.03,0.39,0,0.0,22,0.1,1,0
tx-gen-003518,cust-0026,111.32,48.78,2.28,0,0.0,5,0.1,1,0
tx-gen-003519,cust-0024,589.35,269.07,2.19,0,0.0,12,0.1,0,0
tx-gen-003520,cust-0008,75.76,192.55,0.39,0,0.0,7,0.4,0,0
tx-gen-003521,cust-0009,193.51,83.69,2.31,0,0.0,17,0.1,0,0
tx-gen-003522,cust-0008,481.375,192.55,2.5,0,0.0,4,0.1,0,0
tx-gen-003523,cust-0043,178.53,102.29,1.75,0,0.0,16,0.1,0,0
tx-gen-003524,cust-0025,346.41,185.89,1.86,0,0.0,6,0.1,0,0
tx-gen-003525,cust-0028,84.77,296.01,0.29,0,0.0,18,0.1,0,0
tx-gen-003526,cust-0032,111.72,129.95,0.86,0,0.0,11,0.1,0,0
tx-gen-003527,cust-0007,6.2,89.03,0.07,0,0.0,5,0.1,0,0
tx-gen-003528,cust-0009,8.35,83.69,0.1,1,0.0,7,0.1,0,0
tx-gen-003529,cust-0016,721.125,288.45,2.5,0,0.0,6,0.1,0,0
tx-gen-003530,cust-0011,35.4,89.52,0.4,0,0.0,15,0.4,0,0
tx-gen-003531,cust-0040,296.29,214.85,1.38,0,0.0,5,0.1,0,0
tx-gen-003532,cust-0038,217.66,132.45,1.64,0,0.0,12,0.1,0,0
tx-gen-003533,cust-0007,173.79,89.03,1.95,0,0.0,17,0.1,0,0
tx-gen-003534,cust-0029,659.875,263.95,2.5,0,0.0,13,0.1,0,0
tx-gen-003535,cust-0024,74.37,269.07,0.28,0,0.0,10,0.1,0,0
tx-gen-003536,cust-0031,10.51,255.21,0.04,0,0.0,7,0.1,0,0
tx-gen-003537,cust-0029,139.8,263.95,0.53,1,0.0,22,0.1,0,0
tx-gen-003538,cust-0008,26.83,192.55,0.14,0,0.0,7,0.4,0,0
tx-gen-003539,cust-0039,5.0,215.8,0.02,0,0.0,8,0.1,0,0
tx-gen-003540,cust-0015,46.94,105.03,0.45,0,0.0,5,0.1,0,0
tx-gen-003541,cust-0005,81.88,53.47,1.53,1,0.0,19,0.4,1,0
tx-gen-003542,cust-0028,247.21,296.01,0.84,0,0.0,16,0.1,0,0
tx-gen-003543,cust-0036,28.59,76.21,0.38,0,0.0,20,0.1,0,0
tx-gen-003544,cust-0019,205.04,193.01,1.06,0,0.0,13,0.1,0,0
tx-gen-003545,cust-0012,27.75,105.11,0.26,0,0.0,19,0.1,0,0
tx-gen-003546,cust-0021,5.0,63.7,0.08,0,0.0,22,0.4,0,0
tx-gen-003547,cust-0007,128.69,89.03,1.45,0,0.0,13,0.1,0,0
tx-gen-003548,cust-0032,127.02,129.95,0.98,0,0.0,14,0.1,1,0
tx-gen-003549,cust-0038,190.3,132.45,1.44,2,0.0,14,0.1,0,0
tx-gen-003550,cust-0026,5.0,48.78,0.1,0,0.0,0,0.4,0,0
tx-gen-003551,cust-0028,537.18,296.01,1.81,0,0.0,1,0.1,0,0
tx-gen-003552,cust-0002,100.75,104.26,0.97,0,0.0,5,0.1,0,0
tx-gen-003553,cust-0031,211.5,255.21,0.83,1,0.0,13,0.4,0,0
tx-gen-003554,cust-0044,270.96,276.55,0.98,0,0.0,21,0.1,0,0
tx-gen-003555,cust-0027,182.9,91.53,2.0,0,0.0,10,0.1,0,0
tx-gen-003556,cust-0018,49.61,56.11,0.88,0,0.0,20,0.4,0,0
tx-gen-003557,cust-0043,88.97,102.29,0.87,0,0.0,16,0.4,0,0
tx-gen-003558,cust-0024,672.675,269.07,2.5,0,0.0,15,0.1,0,0
tx-gen-003559,cust-0049,95.7,67.7,1.41,1,0.0,4,0.1,0,0
tx-gen-003560,cust-0010,128.09,219.36,0.58,0,0.0,3,0.1,0,0
tx-gen-003561,cust-0043,125.71,102.29,1.23,0,0.0,17,0.1,0,0
tx-gen-003562,cust-0041,45.28,91.84,0.49,0,0.0,3,0.1,1,0
tx-gen-003563,cust-0049,17.6,67.7,0.26,1,0.0,5,0.1,0,0
tx-gen-003564,cust-0018,50.97,56.11,0.91,0,0.0,18,0.1,0,0
tx-gen-003565,cust-0034,707.25,282.9,2.5,0,0.0,15,0.1,0,0
tx-gen-003566,cust-0041,713.93,91.84,7.77,3,9971.0,1,0.8,1,1
tx-gen-003567,cust-0016,721.125,288.45,2.5,0,0.0,18,0.4,1,0
tx-gen-003568,cust-0022,21.46,51.28,0.42,0,0.0,1,0.4,0,0
tx-gen-003569,cust-0047,102.63,136.82,0.75,0,0.0,4,0.1,0,0
tx-gen-003570,cust-0024,63.98,269.07,0.24,1,0.0,23,0.1,0,0
tx-gen-003571,cust-0015,262.575,105.03,2.5,0,0.0,0,0.1,0,0
tx-gen-003572,cust-0048,384.72499999999997,153.89,2.5,2,0.0,21,0.1,0,0
tx-gen-003573,cust-0043,107.24,102.29,1.05,0,0.0,12,0.1,0,0
tx-gen-003574,cust-0008,314.19,192.55,1.63,0,0.0,4,0.1,1,0
tx-gen-003575,cust-0035,61.88,49.28,1.26,0,0.0,4,0.1,0,0
tx-gen-003576,cust-0021,57.29,63.7,0.9,0,0.0,3,0.1,0,0
tx-gen-003577,cust-0034,15.51,282.9,0.05,1,0.0,16,0.1,0,0
tx-gen-003578,cust-0003,41.05,67.68,0.61,0,0.0,13,0.1,0,0
tx-gen-003579,cust-0014,245.44,218.5,1.12,0,0.0,5,0.4,0,0
tx-gen-003580,cust-0026,55.21,48.78,1.13,0,0.0,0,0.1,0,0
tx-gen-003581,cust-0047,63.9,136.82,0.47,0,0.0,17,0.1,0,0
tx-gen-003582,cust-0040,537.125,214.85,2.5,0,0.0,15,0.1,1,0
tx-gen-003583,cust-0049,12.4,67.7,0.18,0,0.0,3,0.1,1,0
tx-gen-003584,cust-0029,183.15,263.95,0.69,1,0.0,19,0.1,0,0
tx-gen-003585,cust-0016,338.65,288.45,1.17,0,0.0,17,0.1,0,0
tx-gen-003586,cust-0008,230.0,192.55,1.19,0,0.0,9,0.1,0,0
tx-gen-003587,cust-0003,70.79,67.68,1.05,0,0.0,5,0.1,0,0
tx-gen-003588,cust-0002,33.57,104.26,0.32,0,0.0,13,0.4,0,0
tx-gen-003589,cust-0025,31.57,185.89,0.17,0,0.0,5,0.1,0,0
tx-gen-003590,cust-0025,187.83,185.89,1.01,1,0.0,8,0.1,0,0
tx-gen-003591,cust-0005,470.5,53.47,8.8,5,3854.0,13,0.8,1,1
tx-gen-003592,cust-0022,46.9,51.28,0.91,0,0.0,18,0.1,0,0
tx-gen-003593,cust-0024,53.19,269.07,0.2,0,0.0,9,0.1,0,0
tx-gen-003594,cust-0009,102.21,83.69,1.22,0,0.0,11,0.1,0,0
tx-gen-003595,cust-0014,132.69,218.5,0.61,0,0.0,8,0.1,0,0
tx-gen-003596,cust-0018,61.83,56.11,1.1,0,0.0,3,0.4,0,0
tx-gen-003597,cust-0014,396.85,218.5,1.82,0,0.0,8,0.1,0,0
tx-gen-003598,cust-0032,24.17,129.95,0.19,0,0.0,5,0.1,0,0
tx-gen-003599,cust-0035,5.0,49.28,0.1,0,0.0,7,0.4,0,0
tx-gen-003600,cust-0021,96.19,63.7,1.51,1,0.0,21,0.1,0,0
tx-gen-003601,cust-0050,170.83,181.57,0.94,1,0.0,7,0.1,0,0
tx-gen-003602,cust-0018,67.49,56.11,1.2,1,0.0,22,0.1,1,0
tx-gen-003603,cust-0008,350.66,192.55,1.82,0,0.0,22,0.1,0,0
tx-gen-003604,cust-0003,109.88,67.68,1.62,0,0.0,22,0.4,0,0
tx-gen-003605,cust-0005,133.675,53.47,2.5,0,0.0,17,0.4,0,0
tx-gen-003606,cust-0023,194.96,253.94,0.77,0,0.0,5,0.1,0,0
tx-gen-003607,cust-0031,171.09,255.21,0.67,0,0.0,20,0.1,0,0
tx-gen-003608,cust-0001,30.87,60.06,0.51,0,0.0,6,0.1,0,0
tx-gen-003609,cust-0027,15.27,91.53,0.17,0,0.0,22,0.4,0,0
tx-gen-003610,cust-0017,48.96,57.6,0.85,0,0.0,14,0.1,0,0
tx-gen-003611,cust-0015,34.07,105.03,0.32,0,0.0,15,0.1,0,0
tx-gen-003612,cust-0030,262.625,105.05,2.5,0,0.0,10,0.1,0,0
tx-gen-003613,cust-0045,233.33,266.62,0.88,0,0.0,20,0.1,0,0
tx-gen-003614,cust-0018,50.42,56.11,0.9,0,0.0,20,0.4,0,0
tx-gen-003615,cust-0031,111.88,255.21,0.44,2,0.0,4,0.1,1,0
tx-gen-003616,cust-0010,11.71,219.36,0.05,0,0.0,12,0.1,0,0
tx-gen-003617,cust-0036,5.0,76.21,0.07,1,0.0,11,0.1,0,0
tx-gen-003618,cust-0014,120.28,218.5,0.55,2,0.0,23,0.1,0,0
tx-gen-003619,cust-0010,19.38,219.36,0.09,1,0.0,6,0.1,0,0
tx-gen-003620,cust-0044,258.17,276.55,0.93,0,0.0,3,0.1,0,0
tx-gen-003621,cust-0004,452.73,212.71,2.13,0,0.0,19,0.1,0,0
tx-gen-003622,cust-0025,398.71,185.89,2.14,0,0.0,5,0.1,0,0
tx-gen-003623,cust-0045,286.88,266.62,1.08,0,0.0,2,0.1,0,0
tx-gen-003624,cust-0022,12.17,51.28,0.24,1,0.0,12,0.1,0,0
tx-gen-003625,cust-0009,166.35,83.69,1.99,0,0.0,19,0.1,0,0
tx-gen-003626,cust-0002,786.57,104.26,7.54,3,4487.0,7,0.1,1,1
tx-gen-003627,cust-0009,181.81,83.69,2.17,0,0.0,6,0.1,0,0
tx-gen-003628,cust-0040,47.05,214.85,0.22,0,0.0,5,0.1,0,0
tx-gen-003629,cust-0006,51.59,38.58,1.34,0,0.0,4,0.1,0,0
tx-gen-003630,cust-0031,86.16,255.21,0.34,0,0.0,15,0.1,0,0
tx-gen-003631,cust-0002,169.19,104.26,1.62,1,0.0,2,0.1,0,0
tx-gen-003632,cust-0018,140.275,56.11,2.5,0,0.0,4,0.1,0,0
tx-gen-003633,cust-0005,5.0,53.47,0.09,0,0.0,13,0.1,0,0
tx-gen-003634,cust-0004,484.25,212.71,2.28,0,0.0,4,0.1,0,0
tx-gen-003635,cust-0009,81.56,83.69,0.97,0,0.0,3,0.1,0,0
tx-gen-003636,cust-0022,128.2,51.28,2.5,0,0.0,11,0.1,0,0
tx-gen-003637,cust-0047,85.58,136.82,0.63,0,0.0,13,0.4,0,0
tx-gen-003638,cust-0029,496.19,263.95,1.88,0,0.0,4,0.1,0,0
tx-gen-003639,cust-0044,17.82,276.55,0.06,0,0.0,9,0.1,0,0
tx-gen-003640,cust-0009,34.18,83.69,0.41,0,0.0,4,0.1,0,0
tx-gen-003641,cust-0036,441.86,76.21,5.8,7,2334.0,4,0.8,1,1
tx-gen-003642,cust-0025,12.89,185.89,0.07,0,0.0,15,0.1,0,0
tx-gen-003643,cust-0035,123.2,49.28,2.5,1,0.0,6,0.1,0,0
tx-gen-003644,cust-0026,82.83,48.78,1.7,1,0.0,23,0.4,0,0
tx-gen-003645,cust-0017,110.26,57.6,1.91,0,0.0,22,0.4,0,0
tx-gen-003646,cust-0030,262.625,105.05,2.5,0,0.0,8,0.1,0,0
tx-gen-003647,cust-0030,9.34,105.05,0.09,0,0.0,12,0.1,0,0
tx-gen-003648,cust-0006,18.79,38.58,0.49,0,0.0,23,0.4,0,0
tx-gen-003649,cust-0037,7.08,96.1,0.07,0,0.0,19,0.1,0,0
tx-gen-003650,cust-0048,36.43,153.89,0.24,0,0.0,3,0.1,1,0
tx-gen-003651,cust-0041,23.93,91.84,0.26,2,0.0,23,0.1,0,0
tx-gen-003652,cust-0018,35.53,56.11,0.63,1,0.0,14,0.1,0,0
tx-gen-003653,cust-0011,28.0,89.52,0.31,0,0.0,6,0.4,0,0
tx-gen-003654,cust-0012,11.19,105.11,0.11,0,0.0,21,0.1,0,0
tx-gen-003655,cust-0048,28.21,153.89,0.18,0,0.0,12,0.1,0,0
tx-gen-003656,cust-0014,34.81,218.5,0.16,0,0.0,4,0.1,0,0
tx-gen-003657,cust-0025,464.72499999999997,185.89,2.5,0,0.0,13,0.1,0,0
tx-gen-003658,cust-0040,1703.61,214.85,7.93,3,7155.0,23,0.1,1,1
tx-gen-003659,cust-0001,406.49,60.06,6.77,4,8601.0,9,0.4,1,1
tx-gen-003660,cust-0013,334.51,234.88,1.42,1,0.0,23,0.4,0,0
tx-gen-003661,cust-0030,262.625,105.05,2.5,0,0.0,5,0.1,0,0
tx-gen-003662,cust-0047,79.27,136.82,0.58,1,0.0,10,0.1,0,0
tx-gen-003663,cust-0036,24.86,76.21,0.33,0,0.0,11,0.1,0,0
tx-gen-003664,cust-0039,345.48,215.8,1.6,0,0.0,15,0.4,0,0
tx-gen-003665,cust-0028,116.89,296.01,0.39,2,0.0,19,0.1,0,0
tx-gen-003666,cust-0007,31.68,89.03,0.36,0,0.0,18,0.1,0,0
tx-gen-003667,cust-0042,65.46,247.36,0.26,0,0.0,14,0.1,0,0
tx-gen-003668,cust-0020,31.53,227.03,0.14,0,0.0,15,0.1,0,0
tx-gen-003669,cust-0043,534.91,102.29,5.23,6,7815.0,1,0.8,1,1
tx-gen-003670,cust-0021,18.88,63.7,0.3,0,0.0,7,0.4,0,0
tx-gen-003671,cust-0046,38.37,87.41,0.44,0,0.0,19,0.1,0,0
tx-gen-003672,cust-0007,99.79,89.03,1.12,1,0.0,13,0.1,0,0
tx-gen-003673,cust-0009,5.41,83.69,0.06,0,0.0,1,0.1,0,0
tx-gen-003674,cust-0009,19.78,83.69,0.24,0,0.0,17,0.1,0,0
tx-gen-003675,cust-0001,99.44,60.06,1.66,0,0.0,14,0.1,0,0
tx-gen-003676,cust-0005,8.5,53.47,0.16,0,0.0,13,0.1,0,0
tx-gen-003677,cust-0023,106.54,253.94,0.42,0,0.0,12,0.1,1,0
tx-gen-003678,cust-0015,210.06,105.03,2.0,0,0.0,8,0.1,0,0
tx-gen-003679,cust-0040,36.17,214.85,0.17,0,0.0,23,0.1,0,0
tx-gen-003680,cust-0036,6.58,76.21,0.09,0,0.0,2,0.1,0,0
tx-gen-003681,cust-0021,42.21,63.7,0.66,0,0.0,15,0.1,0,0
tx-gen-003682,cust-0008,69.34,192.55,0.36,0,0.0,12,0.1,0,0
tx-gen-003683,cust-0017,47.74,57.6,0.83,0,0.0,3,0.1,0,0
tx-gen-003684,cust-0034,460.74,282.9,1.63,0,0.0,21,0.1,0,0
tx-gen-003685,cust-0012,15.51,105.11,0.15,0,0.0,13,0.4,1,0
tx-gen-003686,cust-0028,257.28,296.01,0.87,0,0.0,3,0.1,1,0
tx-gen-003687,cust-0035,34.7,49.28,0.7,0,0.0,1,0.1,0,0
tx-gen-003688,cust-0021,9.91,63.7,0.16,0,0.0,12,0.1,0,0
tx-gen-003689,cust-0020,222.07,227.03,0.98,0,0.0,3,0.1,0,0
tx-gen-003690,cust-0041,29.36,91.84,0.32,0,0.0,6,0.1,0,0
tx-gen-003691,cust-0001,40.19,60.06,0.67,2,0.0,23,0.1,0,0
tx-gen-003692,cust-0010,18.83,219.36,0.09,2,0.0,19,0.4,0,0
tx-gen-003693,cust-0027,56.33,91.53,0.62,0,0.0,20,0.1,0,0
tx-gen-003694,cust-0009,30.63,83.69,0.37,0,0.0,16,0.1,0,0
tx-gen-003695,cust-0026,84.3,48.78,1.73,1,0.0,6,0.1,0,0
tx-gen-003696,cust-0010,12.87,219.36,0.06,2,0.0,3,0.1,0,0
tx-gen-003697,cust-0029,143.15,263.95,0.54,0,0.0,4,0.4,0,0
tx-gen-003698,cust-0018,34.41,56.11,0.61,0,0.0,17,0.1,0,0
tx-gen-003699,cust-0011,115.57,89.52,1.29,0,0.0,4,0.1,0,0
tx-gen-003700,cust-0007,76.03,89.03,0.85,0,0.0,14,0.4,1,0
tx-gen-003701,cust-0010,241.35,219.36,1.1,1,0.0,12,0.1,0,0
tx-gen-003702,cust-0020,340.73,227.03,1.5,0,0.0,10,0.4,0,0
tx-gen-003703,cust-0006,76.46,38.58,1.98,1,0.0,23,0.1,0,0
tx-gen-003704,cust-0049,25.5,67.7,0.38,0,0.0,11,0.1,0,0
tx-gen-003705,cust-0026,37.67,48.78,0.77,0,0.0,3,0.1,0,0
tx-gen-003706,cust-0008,352.99,192.55,1.83,0,0.0,17,0.1,0,0
tx-gen-003707,cust-0006,96.44999999999999,38.58,2.5,0,0.0,4,0.1,0,0
tx-gen-003708,cust-0015,231.37,105.03,2.2,0,0.0,16,0.4,0,0
tx-gen-003709,cust-0033,97.96,210.95,0.46,0,0.0,21,0.4,0,0
tx-gen-003710,cust-0027,19.87,91.53,0.22,0,0.0,21,0.1,0,0
tx-gen-003711,cust-0023,170.69,253.94,0.67,0,0.0,4,0.1,0,0
tx-gen-003712,cust-0024,364.16,269.07,1.35,0,0.0,18,0.1,0,0
tx-gen-003713,cust-0016,195.68,288.45,0.68,0,0.0,18,0.1,0,0
tx-gen-003714,cust-0034,186.73,282.9,0.66,0,0.0,19,0.1,0,0
tx-gen-003715,cust-0042,450.59,247.36,1.82,2,0.0,1,0.1,0,0
tx-gen-003716,cust-0004,95.4,212.71,0.45,0,0.0,8,0.1,0,0
tx-gen-003717,cust-0038,260.22,132.45,1.96,0,0.0,12,0.1,0,0
tx-gen-003718,cust-0001,31.37,60.06,0.52,0,0.0,5,0.1,0,0
tx-gen-003719,cust-0032,51.7,129.95,0.4,0,0.0,16,0.1,0,0
tx-gen-003720,cust-0003,40.95,67.68,0.61,1,0.0,13,0.1,0,0
tx-gen-003721,cust-0023,365.0,253.94,1.44,0,0.0,3,0.1,0,0
tx-gen-003722,cust-0038,17.84,132.45,0.13,1,0.0,21,0.1,0,0
tx-gen-003723,cust-0024,58.84,269.07,0.22,0,0.0,5,0.1,1,0
tx-gen-003724,cust-0022,128.2,51.28,2.5,0,0.0,6,0.1,0,0
tx-gen-003725,cust-0011,17.27,89.52,0.19,0,0.0,9,0.4,0,0
tx-gen-003726,cust-0050,152.28,181.57,0.84,0,0.0,2,0.1,1,0
tx-gen-003727,cust-0007,77.09,89.03,0.87,0,0.0,7,0.4,0,0
tx-gen-003728,cust-0010,147.54,219.36,0.67,1,0.0,11,0.4,0,0
tx-gen-003729,cust-0025,192.38,185.89,1.03,0,0.0,15,0.1,0,0
tx-gen-003730,cust-0015,27.43,105.03,0.26,1,0.0,3,0.4,0,0
tx-gen-003731,cust-0001,48.31,60.06,0.8,0,0.0,2,0.4,0,0
tx-gen-003732,cust-0036,35.48,76.21,0.47,1,0.0,0,0.1,0,0
tx-gen-003733,cust-0001,65.09,60.06,1.08,0,0.0,9,0.1,0,0
tx-gen-003734,cust-0014,33.27,218.5,0.15,2,0.0,22,0.1,0,0
tx-gen-003735,cust-0038,112.05,132.45,0.85,0,0.0,23,0.4,0,0
tx-gen-003736,cust-0023,52.03,253.94,0.2,0,0.0,15,0.1,0,0
tx-gen-003737,cust-0029,86.21,263.95,0.33,0,0.0,10,0.1,0,0
tx-gen-003738,cust-0016,71.19,288.45,0.25,0,0.0,4,0.1,0,0
tx-gen-003739,cust-0008,38.88,192.55,0.2,0,0.0,3,0.1,0,0
tx-gen-003740,cust-0001,104.93,60.06,1.75,2,0.0,3,0.1,1,0
tx-gen-003741,cust-0042,83.23,247.36,0.34,0,0.0,11,0.1,0,0
tx-gen-003742,cust-0048,384.72499999999997,153.89,2.5,1,0.0,10,0.4,0,0
tx-gen-003743,cust-0019,482.525,193.01,2.5,0,0.0,15,0.4,0,0
tx-gen-003744,cust-0020,192.27,227.03,0.85,1,0.0,16,0.4,0,0
tx-gen-003745,cust-0001,9.27,60.06,0.15,0,0.0,19,0.1,0,0
tx-gen-003746,cust-0005,25.09,53.47,0.47,2,0.0,4,0.4,0,0
tx-gen-003747,cust-0026,77.96,48.78,1.6,0,0.0,7,0.1,1,0
tx-gen-003748,cust-0022,23.48,51.28,0.46,0,0.0,1,0.1,0,0
tx-gen-003749,cust-0008,17.53,192.55,0.09,0,0.0,3,0.1,0,0
tx-gen-003750,cust-0010,178.49,219.36,0.81,1,0.0,6,0.1,0,0
tx-gen-003751,cust-0031,475.99,255.21,1.87,0,0.0,16,0.1,1,0
tx-gen-003752,cust-0008,306.01,192.55,1.59,1,0.0,22,0.1,0,0
tx-gen-003753,cust-0007,17.14,89.03,0.19,0,0.0,21,0.1,0,0
tx-gen-003754,cust-0007,99.45,89.03,1.12,0,0.0,15,0.1,1,0
tx-gen-003755,cust-0003,16.86,67.68,0.25,0,0.0,11,0.1,0,0
tx-gen-003756,cust-0002,25.67,104.26,0.25,0,0.0,15,0.1,0,0
tx-gen-003757,cust-0024,557.52,269.07,2.07,0,0.0,11,0.1,0,0
tx-gen-003758,cust-0005,15.36,53.47,0.29,0,0.0,11,0.1,0,0
tx-gen-003759,cust-0030,32.09,105.05,0.31,0,0.0,23,0.1,0,0
tx-gen-003760,cust-0042,5.0,247.36,0.02,0,0.0,19,0.1,0,0
tx-gen-003761,cust-0020,464.36,227.03,2.05,0,0.0,5,0.1,0,0
tx-gen-003762,cust-0019,303.62,193.01,1.57,1,0.0,11,0.4,0,0
tx-gen-003763,cust-0043,100.97,102.29,0.99,0,0.0,12,0.1,0,0
tx-gen-003764,cust-0050,251.9,181.57,1.39,2,0.0,1,0.1,0,0
tx-gen-003765,cust-0012,17.34,105.11,0.16,0,0.0,7,0.1,0,0
tx-gen-003766,cust-0009,927.71,83.69,11.09,4,1607.0,9,0.4,1,1
tx-gen-003767,cust-0046,53.59,87.41,0.61,0,0.0,18,0.1,1,0
tx-gen-003768,cust-0026,21.11,48.78,0.43,0,0.0,14,0.1,0,0
tx-gen-003769,cust-0034,27.86,282.9,0.1,0,0.0,20,0.1,0,0
tx-gen-003770,cust-0043,68.1,102.29,0.67,1,0.0,23,0.4,0,0
tx-gen-003771,cust-0026,121.95,48.78,2.5,0,0.0,6,0.1,0,0
tx-gen-003772,cust-0024,11.0,269.07,0.04,0,0.0,15,0.1,0,0
tx-gen-003773,cust-0034,97.47,282.9,0.34,0,0.0,23,0.1,0,0
tx-gen-003774,cust-0048,35.8,153.89,0.23,1,0.0,19,0.4,0,0
tx-gen-003775,cust-0017,15.67,57.6,0.27,0,0.0,14,0.1,0,0
tx-gen-003776,cust-0027,218.82,91.53,2.39,0,0.0,2,0.4,0,0
tx-gen-003777,cust-0046,55.18,87.41,0.63,0,0.0,4,0.1,0,0
tx-gen-003778,cust-0046,54.89,87.41,0.63,0,0.0,22,0.4,0,0
tx-gen-003779,cust-0031,364.83,255.21,1.43,0,0.0,15,0.1,0,0
tx-gen-003780,cust-0004,35.7,212.71,0.17,0,0.0,23,0.1,0,0
tx-gen-003781,cust-0005,35.72,53.47,0.67,0,0.0,18,0.1,0,0
tx-gen-003782,cust-0032,73.04,129.95,0.56,0,0.0,23,0.1,0,0
tx-gen-003783,cust-0035,44.78,49.28,0.91,1,0.0,7,0.1,0,0
tx-gen-003784,cust-0036,190.52499999999998,76.21,2.5,1,0.0,2,0.1,0,0
tx-gen-003785,cust-0038,1427.82,132.45,10.78,3,7270.0,4,0.4,0,1
tx-gen-003786,cust-0037,141.01,96.1,1.47,2,0.0,6,0.1,0,0
tx-gen-003787,cust-0012,53.32,105.11,0.51,1,0.0,10,0.1,0,0
tx-gen-003788,cust-0035,361.22,49.28,7.33,3,3678.0,12,0.4,1,1
tx-gen-003789,cust-0029,463.94,263.95,1.76,0,0.0,13,0.1,1,0
tx-gen-003790,cust-0019,36.13,193.01,0.19,0,0.0,23,0.1,0,0
tx-gen-003791,cust-0017,5.0,57.6,0.09,0,0.0,6,0.4,0,0
tx-gen-003792,cust-0029,60.37,263.95,0.23,0,0.0,8,0.1,0,0
tx-gen-003793,cust-0036,887.25,76.21,11.64,5,3060.0,5,0.8,1,1
tx-gen-003794,cust-0023,105.67,253.94,0.42,0,0.0,18,0.4,0,0
tx-gen-003795,cust-0015,75.05,105.03,0.71,0,0.0,11,0.1,0,0
tx-gen-003796,cust-0049,64.64,67.7,0.95,0,0.0,5,0.1,0,0
tx-gen-003797,cust-0025,448.87,185.89,2.41,0,0.0,8,0.1,0,0
tx-gen-003798,cust-0028,211.07,296.01,0.71,0,0.0,4,0.1,0,0
tx-gen-003799,cust-0011,62.28,89.52,0.7,0,0.0,3,0.4,0,0
tx-gen-003800,cust-0014,11.26,218.5,0.05,0,0.0,2,0.4,0,0
tx-gen-003801,cust-0002,5.0,104.26,0.05,1,0.0,1,0.4,0,0
tx-gen-003802,cust-0001,48.11,60.06,0.8,0,0.0,1,0.1,0,0
tx-gen-003803,cust-0002,60.11,104.26,0.58,0,0.0,15,0.1,1,0
tx-gen-003804,cust-0037,175.62,96.1,1.83,0,0.0,15,0.4,0,0
tx-gen-003805,cust-0005,9.37,53.47,0.18,0,0.0,5,0.1,0,0
tx-gen-003806,cust-0035,5.0,49.28,0.1,0,0.0,3,0.4,0,0
tx-gen-003807,cust-0023,151.37,253.94,0.6,0,0.0,12,0.1,1,0
tx-gen-003808,cust-0016,78.21,288.45,0.27,1,0.0,16,0.1,1,0
tx-gen-003809,cust-0022,5.0,51.28,0.1,0,0.0,9,0.1,0,0
tx-gen-003810,cust-0022,66.13,51.28,1.29,1,0.0,0,0.1,0,0
tx-gen-003811,cust-0036,9.02,76.21,0.12,0,0.0,22,0.1,0,0
tx-gen-003812,cust-0016,270.37,288.45,0.94,1,0.0,18,0.1,0,0
tx-gen-003813,cust-0011,29.54,89.52,0.33,1,0.0,0,0.1,0,0
tx-gen-003814,cust-0037,18.31,96.1,0.19,0,0.0,0,0.1,0,0
tx-gen-003815,cust-0018,26.8,56.11,0.48,1,0.0,5,0.1,0,0
tx-gen-003816,cust-0050,293.54,181.57,1.62,0,0.0,11,0.1,0,0
tx-gen-003817,cust-0039,107.41,215.8,0.5,0,0.0,3,0.1,1,0
tx-gen-003818,cust-0026,67.77,48.78,1.39,0,0.0,19,0.1,0,0
tx-gen-003819,cust-0011,12.0,89.52,0.13,0,0.0,8,0.1,0,0
tx-gen-003820,cust-0018,83.14,56.11,1.48,1,0.0,13,0.1,0,0
tx-gen-003821,cust-0007,24.07,89.03,0.27,0,0.0,10,0.1,0,0
tx-gen-003822,cust-0007,100.72,89.03,1.13,0,0.0,3,0.1,0,0
tx-gen-003823,cust-0018,46.81,56.11,0.83,0,0.0,18,0.4,0,0
tx-gen-003824,cust-0025,464.72499999999997,185.89,2.5,1,0.0,21,0.1,0,0
tx-gen-003825,cust-0029,129.31,263.95,0.49,0,0.0,19,0.1,0,0
tx-gen-003826,cust-0043,7.0,102.29,0.07,0,0.0,12,0.1,0,0
tx-gen-003827,cust-0004,5.0,212.71,0.02,0,0.0,15,0.1,0,0
tx-gen-003828,cust-0022,89.93,51.28,1.75,0,0.0,22,0.1,0,0
tx-gen-003829,cust-0009,62.26,83.69,0.74,0,0.0,5,0.1,0,0
tx-gen-003830,cust-0004,317.52,212.71,1.49,1,0.0,4,0.1,0,0
tx-gen-003831,cust-0009,22.36,83.69,0.27,0,0.0,2,0.1,0,0
tx-gen-003832,cust-0009,35.42,83.69,0.42,0,0.0,12,0.4,0,0
tx-gen-003833,cust-0017,5.0,57.6,0.09,0,0.0,5,0.4,0,0
tx-gen-003834,cust-0048,384.72499999999997,153.89,2.5,0,0.0,16,0.1,0,0
tx-gen-003835,cust-0003,74.6,67.68,1.1,1,0.0,17,0.1,0,0
tx-gen-003836,cust-0014,546.25,218.5,2.5,0,0.0,11,0.4,0,0
tx-gen-003837,cust-0023,78.36,253.94,0.31,0,0.0,4,0.1,0,0
tx-gen-003838,cust-0035,46.59,49.28,0.95,0,0.0,10,0.1,0,0
tx-gen-003839,cust-0041,104.22,91.84,1.13,0,0.0,16,0.4,0,0
tx-gen-003840,cust-0035,18.83,49.28,0.38,0,0.0,4,0.1,0,0
tx-gen-003841,cust-0026,91.93,48.78,1.88,0,0.0,15,0.4,0,0
tx-gen-003842,cust-0043,255.72500000000002,102.29,2.5,0,0.0,7,0.1,0,0
tx-gen-003843,cust-0050,392.48,181.57,2.16,0,0.0,0,0.1,0,0
tx-gen-003844,cust-0011,120.27,89.52,1.34,1,0.0,17,0.1,0,0
tx-gen-003845,cust-0007,28.93,89.03,0.32,0,0.0,2,0.1,0,0
tx-gen-003846,cust-0020,75.09,227.03,0.33,0,0.0,6,0.1,0,0
tx-gen-003847,cust-0012,262.775,105.11,2.5,0,0.0,6,0.1,0,0
tx-gen-003848,cust-0018,5.0,56.11,0.09,0,0.0,20,0.4,0,0
tx-gen-003849,cust-0001,75.61,60.06,1.26,0,0.0,15,0.1,0,0
tx-gen-003850,cust-0029,323.34,263.95,1.23,0,0.0,7,0.1,1,0
tx-gen-003851,cust-0022,49.98,51.28,0.97,0,0.0,18,0.4,0,0
tx-gen-003852,cust-0005,133.675,53.47,2.5,0,0.0,22,0.1,0,0
tx-gen-003853,cust-0005,19.99,53.47,0.37,0,0.0,16,0.4,0,0
tx-gen-003854,cust-0013,97.59,234.88,0.42,0,0.0,4,0.1,0,0
tx-gen-003855,cust-0006,5.0,38.58,0.13,0,0.0,20,0.1,0,0
tx-gen-003856,cust-0003,39.58,67.68,0.58,0,0.0,22,0.4,0,0
tx-gen-003857,cust-0003,20.47,67.68,0.3,0,0.0,13,0.1,0,0
tx-gen-003858,cust-0027,38.5,91.53,0.42,2,0.0,23,0.1,0,0
tx-gen-003859,cust-0026,87.77,48.78,1.8,0,0.0,20,0.1,0,0
tx-gen-003860,cust-0015,262.575,105.03,2.5,0,0.0,4,0.1,0,0
tx-gen-003861,cust-0028,60.82,296.01,0.21,0,0.0,7,0.1,0,0
tx-gen-003862,cust-0013,109.46,234.88,0.47,0,0.0,10,0.1,0,0
tx-gen-003863,cust-0017,144.0,57.6,2.5,0,0.0,11,0.1,1,0
tx-gen-003864,cust-0046,5.58,87.41,0.06,1,0.0,18,0.1,0,0
tx-gen-003865,cust-0048,14.91,153.89,0.1,0,0.0,6,0.1,0,0
tx-gen-003866,cust-0034,50.27,282.9,0.18,0,0.0,5,0.1,0,0
tx-gen-003867,cust-0017,52.09,57.6,0.9,2,0.0,9,0.4,0,0
tx-gen-003868,cust-0028,48.27,296.01,0.16,1,0.0,2,0.1,0,0
tx-gen-003869,cust-0036,190.52499999999998,76.21,2.5,0,0.0,21,0.1,0,0
tx-gen-003870,cust-0012,62.21,105.11,0.59,1,0.0,15,0.1,0,0
tx-gen-003871,cust-0015,73.12,105.03,0.7,0,0.0,6,0.1,0,0
tx-gen-003872,cust-0015,29.75,105.03,0.28,0,0.0,23,0.1,0,0
tx-gen-003873,cust-0025,118.35,185.89,0.64,0,0.0,20,0.4,0,0
tx-gen-003874,cust-0023,275.39,253.94,1.08,0,0.0,19,0.1,0,0
tx-gen-003875,cust-0049,94.17,67.7,1.39,0,0.0,22,0.4,0,0
tx-gen-003876,cust-0012,147.35,105.11,1.4,0,0.0,11,0.1,0,0
tx-gen-003877,cust-0001,51.8,60.06,0.86,1,0.0,16,0.4,0,0
tx-gen-003878,cust-0021,149.51,63.7,2.35,0,0.0,9,0.1,0,0
tx-gen-003879,cust-0016,490.51,288.45,1.7,0,0.0,16,0.4,0,0
tx-gen-003880,cust-0038,187.4,132.45,1.41,0,0.0,9,0.4,0,0
tx-gen-003881,cust-0004,12.17,212.71,0.06,0,0.0,22,0.1,0,0
tx-gen-003882,cust-0030,5.0,105.05,0.05,0,0.0,13,0.1,0,0
tx-gen-003883,cust-0026,11.65,48.78,0.24,0,0.0,11,0.4,0,0
tx-gen-003884,cust-0023,276.6,253.94,1.09,1,0.0,8,0.1,0,0
tx-gen-003885,cust-0025,98.46,185.89,0.53,1,0.0,18,0.4,1,0
tx-gen-003886,cust-0005,27.53,53.47,0.51,0,0.0,0,0.1,0,0
tx-gen-003887,cust-0048,332.29,153.89,2.16,0,0.0,1,0.1,0,0
tx-gen-003888,cust-0045,602.34,266.62,2.26,0,0.0,0,0.1,0,0
tx-gen-003889,cust-0003,162.35,67.68,2.4,0,0.0,3,0.4,0,0
tx-gen-003890,cust-0016,108.66,288.45,0.38,0,0.0,23,0.1,0,0
tx-gen-003891,cust-0046,102.67,87.41,1.17,0,0.0,7,0.1,0,0
tx-gen-003892,cust-0002,33.05,104.26,0.32,0,0.0,16,0.1,0,0
tx-gen-003893,cust-0026,10.32,48.78,0.21,1,0.0,22,0.4,0,0
tx-gen-003894,cust-0012,21.45,105.11,0.2,0,0.0,6,0.4,0,0
tx-gen-003895,cust-0040,1577.65,214.85,7.34,6,8731.0,14,0.8,1,1
tx-gen-003896,cust-0049,28.35,67.7,0.42,0,0.0,9,0.1,0,0
tx-gen-003897,cust-0037,54.01,96.1,0.56,0,0.0,17,0.1,0,0
tx-gen-003898,cust-0033,374.98,210.95,1.78,0,0.0,9,0.1,0,0
tx-gen-003899,cust-0041,11.73,91.84,0.13,0,0.0,23,0.1,0,0
tx-gen-003900,cust-0008,255.66,192.55,1.33,0,0.0,8,0.1,0,0
tx-gen-003901,cust-0049,51.32,67.7,0.76,1,0.0,1,0.4,0,0
tx-gen-003902,cust-0029,1385.85,263.95,5.25,6,9967.0,13,0.1,1,1
tx-gen-003903,cust-0044,93.92,276.55,0.34,0,0.0,8,0.1,0,0
tx-gen-003904,cust-0038,89.92,132.45,0.68,0,0.0,7,0.4,1,0
tx-gen-003905,cust-0035,17.57,49.28,0.36,0,0.0,15,0.1,0,0
tx-gen-003906,cust-0021,57.75,63.7,0.91,0,0.0,13,0.1,0,0
tx-gen-003907,cust-0001,34.17,60.06,0.57,0,0.0,0,0.4,0,0
tx-gen-003908,cust-0019,34.67,193.01,0.18,0,0.0,18,0.4,1,0
tx-gen-003909,cust-0016,35.76,288.45,0.12,2,0.0,22,0.1,0,0
tx-gen-003910,cust-0041,72.66,91.84,0.79,0,0.0,18,0.1,0,0
tx-gen-003911,cust-0040,499.96,214.85,2.33,2,0.0,22,0.1,0,0
tx-gen-003912,cust-0005,22.54,53.47,0.42,0,0.0,0,0.1,0,0
tx-gen-003913,cust-0039,284.97,215.8,1.32,0,0.0,17,0.1,0,0
tx-gen-003914,cust-0050,195.17,181.57,1.07,0,0.0,7,0.1,0,0
tx-gen-003915,cust-0045,666.55,266.62,2.5,0,0.0,20,0.1,0,0
tx-gen-003916,cust-0031,439.03,255.21,1.72,0,0.0,12,0.1,1,0
tx-gen-003917,cust-0018,46.91,56.11,0.84,1,0.0,8,0.1,0,0
tx-gen-003918,cust-0049,72.45,67.7,1.07,0,0.0,17,0.1,0,0
tx-gen-003919,cust-0050,415.17,181.57,2.29,1,0.0,21,0.1,0,0
tx-gen-003920,cust-0006,19.68,38.58,0.51,0,0.0,4,0.1,0,0
tx-gen-003921,cust-0004,84.17,212.71,0.4,0,0.0,4,0.1,0,0
tx-gen-003922,cust-0004,5.0,212.71,0.02,0,0.0,17,0.4,0,0
tx-gen-003923,cust-0005,93.67,53.47,1.75,0,0.0,14,0.1,0,0
tx-gen-003924,cust-0027,147.76,91.53,1.61,1,0.0,6,0.1,0,0
tx-gen-003925,cust-0021,7.03,63.7,0.11,0,0.0,17,0.1,0,0
tx-gen-003926,cust-0043,87.97,102.29,0.86,0,0.0,20,0.4,0,0
tx-gen-003927,cust-0041,57.27,91.84,0.62,0,0.0,20,0.1,0,0
tx-gen-003928,cust-0038,16.74,132.45,0.13,1,0.0,14,0.1,0,0
tx-gen-003929,cust-0031,638.025,255.21,2.5,0,0.0,1,0.1,0,0
tx-gen-003930,cust-0002,25.2,104.26,0.24,0,0.0,22,0.1,0,0
tx-gen-003931,cust-0012,7.32,105.11,0.07,0,0.0,8,0.1,0,0
tx-gen-003932,cust-0018,50.69,56.11,0.9,0,0.0,16,0.4,0,0
tx-gen-003933,cust-0042,332.14,247.36,1.34,1,0.0,12,0.1,0,0
tx-gen-003934,cust-0001,5.0,60.06,0.08,0,0.0,20,0.1,0,0
tx-gen-003935,cust-0024,289.26,269.07,1.08,0,0.0,7,0.1,1,0
tx-gen-003936,cust-0010,166.69,219.36,0.76,0,0.0,17,0.1,0,0
tx-gen-003937,cust-0018,6.12,56.11,0.11,0,0.0,20,0.1,0,0
tx-gen-003938,cust-0049,12.82,67.7,0.19,0,0.0,0,0.1,0,0
tx-gen-003939,cust-0049,56.82,67.7,0.84,0,0.0,1,0.1,0,0
tx-gen-003940,cust-0049,23.8,67.7,0.35,0,0.0,14,0.1,0,0
tx-gen-003941,cust-0024,672.675,269.07,2.5,2,0.0,8,0.1,0,0
tx-gen-003942,cust-0045,455.34,266.62,1.71,0,0.0,10,0.4,0,0
tx-gen-003943,cust-0046,218.52499999999998,87.41,2.5,0,0.0,8,0.1,0,0
tx-gen-003944,cust-0046,26.28,87.41,0.3,2,0.0,20,0.1,0,0
tx-gen-003945,cust-0003,169.20000000000002,67.68,2.5,0,0.0,4,0.4,1,0
tx-gen-003946,cust-0027,51.65,91.53,0.56,0,0.0,16,0.1,0,0
tx-gen-003947,cust-0032,55.49,129.95,0.43,0,0.0,20,0.1,1,0
tx-gen-003948,cust-0012,5.43,105.11,0.05,0,0.0,5,0.1,0,0
tx-gen-003949,cust-0040,11.65,214.85,0.05,0,0.0,22,0.1,1,0
tx-gen-003950,cust-0037,113.18,96.1,1.18,1,0.0,2,0.1,0,0
tx-gen-003951,cust-0038,81.11,132.45,0.61,0,0.0,16,0.1,0,0
tx-gen-003952,cust-0047,35.14,136.82,0.26,0,0.0,14,0.1,0,0
tx-gen-003953,cust-0026,46.43,48.78,0.95,0,0.0,5,0.1,0,0
tx-gen-003954,cust-0050,52.93,181.57,0.29,0,0.0,9,0.1,0,0
tx-gen-003955,cust-0004,183.33,212.71,0.86,1,0.0,21,0.4,0,0
tx-gen-003956,cust-0013,104.53,234.88,0.45,0,0.0,6,0.4,1,0
tx-gen-003957,cust-0026,542.57,48.78,11.12,3,8141.0,9,0.8,1,1
tx-gen-003958,cust-0026,84.62,48.78,1.73,2,0.0,3,0.1,0,0
tx-gen-003959,cust-0042,425.13,247.36,1.72,0,0.0,1,0.1,0,0
tx-gen-003960,cust-0014,141.77,218.5,0.65,0,0.0,12,0.1,0,0
tx-gen-003961,cust-0021,27.52,63.7,0.43,0,0.0,20,0.4,0,0
tx-gen-003962,cust-0040,96.75,214.85,0.45,1,0.0,15,0.1,0,0
tx-gen-003963,cust-0011,146.67,89.52,1.64,1,0.0,7,0.1,0,0
tx-gen-003964,cust-0046,34.77,87.41,0.4,0,0.0,1,0.4,0,0
tx-gen-003965,cust-0015,1254.4,105.03,11.94,3,4776.0,2,0.8,1,1
tx-gen-003966,cust-0036,17.87,76.21,0.23,1,0.0,11,0.1,0,0
tx-gen-003967,cust-0050,16.07,181.57,0.09,0,0.0,2,0.1,0,0
tx-gen-003968,cust-0001,37.76,60.06,0.63,0,0.0,23,0.1,1,0
tx-gen-003969,cust-0029,173.69,263.95,0.66,1,0.0,5,0.1,0,0
tx-gen-003970,cust-0022,94.27,51.28,1.84,1,0.0,22,0.1,0,0
tx-gen-003971,cust-0016,72.13,288.45,0.25,0,0.0,23,0.1,0,0
tx-gen-003972,cust-0021,30.55,63.7,0.48,0,0.0,14,0.1,0,0
tx-gen-003973,cust-0026,80.6,48.78,1.65,0,0.0,17,0.1,0,0
tx-gen-003974,cust-0011,155.33,89.52,1.74,0,0.0,19,0.1,0,0
tx-gen-003975,cust-0037,46.66,96.1,0.49,0,0.0,7,0.1,0,0
tx-gen-003976,cust-0040,132.04,214.85,0.61,0,0.0,3,0.4,0,0
tx-gen-003977,cust-0034,102.23,282.9,0.36,0,0.0,2,0.1,0,0
tx-gen-003978,cust-0012,262.775,105.11,2.5,1,0.0,6,0.1,0,0
tx-gen-003979,cust-0039,1660.31,215.8,7.69,8,7315.0,15,0.8,0,1
tx-gen-003980,cust-0009,10.57,83.69,0.13,1,0.0,16,0.1,0,0
tx-gen-003981,cust-0045,666.55,266.62,2.5,0,0.0,15,0.1,0,0
tx-gen-003982,cust-0005,61.58,53.47,1.15,2,0.0,7,0.1,0,0
tx-gen-003983,cust-0050,137.7,181.57,0.76,0,0.0,4,0.1,1,0
tx-gen-003984,cust-0011,5.0,89.52,0.06,0,0.0,23,0.1,0,0
tx-gen-003985,cust-0013,151.61,234.88,0.65,1,0.0,8,0.4,0,0
tx-gen-003986,cust-0023,133.02,253.94,0.52,0,0.0,8,0.1,0,0
tx-gen-003987,cust-0048,27.05,153.89,0.18,0,0.0,5,0.1,0,0
tx-gen-003988,cust-0040,229.53,214.85,1.07,0,0.0,6,0.1,0,0
tx-gen-003989,cust-0026,121.95,48.78,2.5,0,0.0,18,0.1,0,0
tx-gen-003990,cust-0038,109.4,132.45,0.83,0,0.0,3,0.1,0,0
tx-gen-003991,cust-0035,61.82,49.28,1.25,0,0.0,16,0.1,0,0
tx-gen-003992,cust-0035,5.0,49.28,0.1,0,0.0,9,0.4,0,0
tx-gen-003993,cust-0025,100.51,185.89,0.54,0,0.0,14,0.1,0,0
tx-gen-003994,cust-0035,6.1,49.28,0.12,0,0.0,8,0.1,0,0
tx-gen-003995,cust-0001,56.99,60.06,0.95,0,0.0,6,0.1,0,0
tx-gen-003996,cust-0025,464.72499999999997,185.89,2.5,0,0.0,19,0.4,0,0
tx-gen-003997,cust-0016,312.69,288.45,1.08,0,0.0,0,0.1,1,0
tx-gen-003998,cust-0039,17.25,215.8,0.08,1,0.0,7,0.1,0,0
tx-gen-003999,cust-0033,92.39,210.95,0.44,0,0.0,7,0.1,0,0
tx-gen-004000,cust-0039,172.64,215.8,0.8,0,0.0,20,0.4,1,0
tx-gen-004001,cust-0046,45.12,87.41,0.52,0,0.0,23,0.1,0,0
tx-gen-004002,cust-0045,478.22,266.62,1.79,0,0.0,16,0.1,0,0
tx-gen-004003,cust-0010,369.76,219.36,1.69,0,0.0,11,0.1,0,0
tx-gen-004004,cust-0036,72.12,76.21,0.95,0,0.0,6,0.1,0,0
tx-gen-004005,cust-0012,49.14,105.11,0.47,0,0.0,3,0.4,0,0
tx-gen-004006,cust-0030,30.97,105.05,0.29,0,0.0,11,0.1,0,0
tx-gen-004007,cust-0031,28.56,255.21,0.11,2,0.0,7,0.1,0,0
tx-gen-004008,cust-0018,24.6,56.11,0.44,0,0.0,3,0.4,0,0
tx-gen-004009,cust-0009,44.61,83.69,0.53,0,0.0,21,0.1,0,0
tx-gen-004010,cust-0025,209.4,185.89,1.13,0,0.0,5,0.4,0,0
tx-gen-004011,cust-0018,60.23,56.11,1.07,2,0.0,5,0.1,0,0
tx-gen-004012,cust-0027,6.65,91.53,0.07,0,0.0,17,0.4,0,0
tx-gen-004013,cust-0015,52.83,105.03,0.5,0,0.0,13,0.1,0,0
tx-gen-004014,cust-0002,20.92,104.26,0.2,1,0.0,6,0.4,0,0
tx-gen-004015,cust-0025,31.71,185.89,0.17,1,0.0,9,0.1,0,0
tx-gen-004016,cust-0016,506.58,288.45,1.76,0,0.0,0,0.1,0,0
tx-gen-004017,cust-0003,5.0,67.68,0.07,0,0.0,7,0.1,0,0
tx-gen-004018,cust-0001,32.63,60.06,0.54,0,0.0,11,0.1,0,0
tx-gen-004019,cust-0003,12.46,67.68,0.18,1,0.0,0,0.1,0,0
tx-gen-004020,cust-0002,220.48,104.26,2.11,0,0.0,7,0.1,0,0
tx-gen-004021,cust-0045,217.1,266.62,0.81,0,0.0,21,0.1,0,0
tx-gen-004022,cust-0024,70.81,269.07,0.26,0,0.0,4,0.4,0,0
tx-gen-004023,cust-0026,34.05,48.78,0.7,0,0.0,17,0.4,0,0
tx-gen-004024,cust-0030,138.13,105.05,1.31,0,0.0,20,0.1,0,0
tx-gen-004025,cust-0018,140.275,56.11,2.5,0,0.0,18,0.1,0,0
tx-gen-004026,cust-0036,18.98,76.21,0.25,1,0.0,14,0.1,0,0
tx-gen-004027,cust-0006,83.84,38.58,2.17,0,0.0,11,0.4,0,0
tx-gen-004028,cust-0025,464.72499999999997,185.89,2.5,0,0.0,21,0.4,0,0
tx-gen-004029,cust-0019,479.04,193.01,2.48,0,0.0,5,0.1,0,0
tx-gen-004030,cust-0044,279.04,276.55,1.01,0,0.0,5,0.1,0,0
tx-gen-004031,cust-0045,264.96,266.62,0.99,2,0.0,2,0.1,0,0
tx-gen-004032,cust-0027,47.25,91.53,0.52,0,0.0,4,0.4,0,0
tx-gen-004033,cust-0019,269.43,193.01,1.4,0,0.0,6,0.1,1,0
tx-gen-004034,cust-0026,317.23,48.78,6.5,7,1663.0,21,0.8,1,1
tx-gen-004035,cust-0024,203.9,269.07,0.76,0,0.0,9,0.1,0,0
tx-gen-004036,cust-0041,103.91,91.84,1.13,1,0.0,12,0.1,0,0
tx-gen-004037,cust-0004,118.99,212.71,0.56,0,0.0,1,0.4,0,0
tx-gen-004038,cust-0017,75.74,57.6,1.31,0,0.0,0,0.1,0,0
tx-gen-004039,cust-0037,167.21,96.1,1.74,0,0.0,4,0.1,0,0
tx-gen-004040,cust-0007,14.1,89.03,0.16,0,0.0,2,0.1,0,0
tx-gen-004041,cust-0030,187.97,105.05,1.79,0,0.0,6,0.4,0,0
tx-gen-004042,cust-0028,230.05,296.01,0.78,0,0.0,8,0.1,0,0
tx-gen-004043,cust-0025,346.16,185.89,1.86,0,0.0,9,0.1,0,0
tx-gen-004044,cust-0039,121.8,215.8,0.56,0,0.0,2,0.4,0,0
tx-gen-004045,cust-0001,28.62,60.06,0.48,0,0.0,15,0.1,1,0
tx-gen-004046,cust-0048,379.46,153.89,2.47,0,0.0,3,0.1,0,0
tx-gen-004047,cust-0001,17.37,60.06,0.29,0,0.0,3,0.4,0,0
tx-gen-004048,cust-0024,500.27,269.07,1.86,0,0.0,0,0.1,0,0
tx-gen-004049,cust-0045,176.42,266.62,0.66,0,0.0,14,0.1,0,0
tx-gen-004050,cust-0037,69.36,96.1,0.72,0,0.0,20,0.1,0,0
tx-gen-004051,cust-0036,28.11,76.21,0.37,0,0.0,7,0.1,0,0
tx-gen-004052,cust-0030,89.4,105.05,0.85,0,0.0,1,0.1,0,0
tx-gen-004053,cust-0016,113.46,288.45,0.39,0,0.0,12,0.1,0,0
tx-gen-004054,cust-0042,9.91,247.36,0.04,0,0.0,10,0.1,0,0
tx-gen-004055,cust-0007,28.26,89.03,0.32,0,0.0,0,0.1,0,0
tx-gen-004056,cust-0049,5.0,67.7,0.07,0,0.0,23,0.1,0,0
tx-gen-004057,cust-0020,567.575,227.03,2.5,0,0.0,10,0.4,0,0
tx-gen-004058,cust-0039,1363.19,215.8,6.32,5,6104.0,23,0.1,1,1
tx-gen-004059,cust-0009,209.225,83.69,2.5,0,0.0,5,0.1,0,0
tx-gen-004060,cust-0039,108.5,215.8,0.5,2,0.0,8,0.4,0,0
tx-gen-004061,cust-0001,78.28,60.06,1.3,2,0.0,19,0.1,0,0
tx-gen-004062,cust-0010,93.09,219.36,0.42,1,0.0,8,0.1,0,0
tx-gen-004063,cust-0030,116.81,105.05,1.11,0,0.0,13,0.1,0,0
tx-gen-004064,cust-0045,436.45,266.62,1.64,1,0.0,6,0.1,0,0
tx-gen-004065,cust-0002,260.65000000000003,104.26,2.5,0,0.0,7,0.1,0,0
tx-gen-004066,cust-0016,147.45,288.45,0.51,0,0.0,3,0.1,0,0
tx-gen-004067,cust-0033,322.59,210.95,1.53,0,0.0,7,0.1,0,0
tx-gen-004068,cust-0041,28.39,91.84,0.31,0,0.0,1,0.1,0,0
tx-gen-004069,cust-0002,260.65000000000003,104.26,2.5,0,0.0,12,0.1,0,0
tx-gen-004070,cust-0011,5.0,89.52,0.06,0,0.0,6,0.1,1,0
tx-gen-004071,cust-0028,273.85,296.01,0.93,0,0.0,6,0.1,0,0
tx-gen-004072,cust-0033,227.27,210.95,1.08,1,0.0,11,0.1,0,0
tx-gen-004073,cust-0027,106.62,91.53,1.16,0,0.0,17,0.4,0,0
tx-gen-004074,cust-0032,16.67,129.95,0.13,0,0.0,0,0.1,0,0
tx-gen-004075,cust-0038,331.125,132.45,2.5,0,0.0,22,0.1,0,0
tx-gen-004076,cust-0046,17.47,87.41,0.2,0,0.0,10,0.1,1,0
tx-gen-004077,cust-0033,205.65,210.95,0.97,1,0.0,15,0.4,0,0
tx-gen-004078,cust-0001,15.13,60.06,0.25,0,0.0,8,0.1,0,0
tx-gen-004079,cust-0028,108.65,296.01,0.37,0,0.0,14,0.1,1,0
tx-gen-004080,cust-0017,45.54,57.6,0.79,0,0.0,5,0.1,0,0
tx-gen-004081,cust-0038,71.51,132.45,0.54,0,0.0,13,0.1,1,0
tx-gen-004082,cust-0022,8.95,51.28,0.17,0,0.0,4,0.1,0,0
tx-gen-004083,cust-0045,49.98,266.62,0.19,0,0.0,23,0.1,1,0
tx-gen-004084,cust-0011,48.48,89.52,0.54,2,0.0,13,0.4,0,0
tx-gen-004085,cust-0020,321.44,227.03,1.42,1,0.0,7,0.1,1,0
tx-gen-004086,cust-0011,204.32,89.52,2.28,0,0.0,23,0.4,0,0
tx-gen-004087,cust-0033,18.54,210.95,0.09,1,0.0,21,0.1,0,0
tx-gen-004088,cust-0029,131.82,263.95,0.5,0,0.0,16,0.1,0,0
tx-gen-004089,cust-0019,20.39,193.01,0.11,0,0.0,12,0.1,0,0
tx-gen-004090,cust-0047,5.0,136.82,0.04,0,0.0,5,0.4,0,0
tx-gen-004091,cust-0030,113.86,105.05,1.08,0,0.0,8,0.4,0,0
tx-gen-004092,cust-0018,51.76,56.11,0.92,0,0.0,13,0.4,0,0
tx-gen-004093,cust-0018,9.99,56.11,0.18,1,0.0,5,0.1,0,0
tx-gen-004094,cust-0001,16.0,60.06,0.27,0,0.0,11,0.1,0,0
tx-gen-004095,cust-0004,5.1,212.71,0.02,1,0.0,9,0.4,0,0
tx-gen-004096,cust-0025,334.88,185.89,1.8,0,0.0,16,0.1,0,0
tx-gen-004097,cust-0021,159.25,63.7,2.5,2,0.0,2,0.1,0,0
tx-gen-004098,cust-0043,14.89,102.29,0.15,0,0.0,6,0.1,0,0
tx-gen-004099,cust-0032,34.21,129.95,0.26,0,0.0,16,0.1,0,0
tx-gen-004100,cust-0001,121.81,60.06,2.03,0,0.0,16,0.1,0,0
tx-gen-004101,cust-0027,228.825,91.53,2.5,0,0.0,2,0.1,0,0
tx-gen-004102,cust-0027,49.8,91.53,0.54,0,0.0,5,0.1,0,0
tx-gen-004103,cust-0017,5.0,57.6,0.09,0,0.0,16,0.1,0,0
tx-gen-004104,cust-0031,10.26,255.21,0.04,1,0.0,10,0.1,0,0
tx-gen-004105,cust-0013,200.4,234.88,0.85,0,0.0,15,0.1,0,0
tx-gen-004106,cust-0021,31.79,63.7,0.5,0,0.0,19,0.1,1,0
tx-gen-004107,cust-0027,5.0,91.53,0.05,1,0.0,15,0.1,0,0
tx-gen-004108,cust-0014,191.25,218.5,0.88,0,0.0,10,0.1,0,0
tx-gen-004109,cust-0022,5.0,51.28,0.1,0,0.0,4,0.4,0,0
tx-gen-004110,cust-0039,334.1,215.8,1.55,0,0.0,7,0.1,0,0
tx-gen-004111,cust-0001,21.98,60.06,0.37,1,0.0,10,0.1,0,0
tx-gen-004112,cust-0032,5.34,129.95,0.04,0,0.0,9,0.1,0,0
tx-gen-004113,cust-0010,194.7,219.36,0.89,0,0.0,23,0.1,0,0
tx-gen-004114,cust-0034,3188.9,282.9,11.27,5,6687.0,22,0.4,1,1
tx-gen-004115,cust-0049,34.32,67.7,0.51,2,0.0,5,0.4,0,0
tx-gen-004116,cust-0021,159.25,63.7,2.5,0,0.0,4,0.1,0,0
tx-gen-004117,cust-0022,40.29,51.28,0.79,0,0.0,3,0.4,0,0
tx-gen-004118,cust-0028,1667.51,296.01,5.63,4,6296.0,3,0.1,0,1
tx-gen-004119,cust-0034,91.07,282.9,0.32,0,0.0,17,0.1,0,0
tx-gen-004120,cust-0002,128.86,104.26,1.24,0,0.0,9,0.1,0,0
tx-gen-004121,cust-0048,48.75,153.89,0.32,0,0.0,20,0.1,0,0
tx-gen-004122,cust-0024,631.22,269.07,2.35,0,0.0,8,0.1,0,0
tx-gen-004123,cust-0048,72.26,153.89,0.47,0,0.0,13,0.1,0,0
tx-gen-004124,cust-0049,54.04,67.7,0.8,0,0.0,4,0.1,0,0
tx-gen-004125,cust-0026,5.0,48.78,0.1,0,0.0,3,0.1,0,0
tx-gen-004126,cust-0042,137.37,247.36,0.56,0,0.0,7,0.1,0,0
tx-gen-004127,cust-0047,244.35,136.82,1.79,0,0.0,16,0.1,0,0
tx-gen-004128,cust-0031,418.06,255.21,1.64,0,0.0,23,0.1,1,0
tx-gen-004129,cust-0013,59.66,234.88,0.25,0,0.0,22,0.1,0,0
tx-gen-004130,cust-0043,26.22,102.29,0.26,0,0.0,20,0.1,0,0
tx-gen-004131,cust-0049,115.09,67.7,1.7,0,0.0,5,0.4,0,0
tx-gen-004132,cust-0025,464.72499999999997,185.89,2.5,0,0.0,22,0.4,0,0
tx-gen-004133,cust-0038,13.27,132.45,0.1,0,0.0,6,0.1,0,0
tx-gen-004134,cust-0010,131.16,219.36,0.6,0,0.0,2,0.1,0,0
tx-gen-004135,cust-0038,1458.7,132.45,11.01,8,1427.0,18,0.8,1,1
tx-gen-004136,cust-0003,27.86,67.68,0.41,1,0.0,23,0.1,0,0
tx-gen-004137,cust-0046,178.8,87.41,2.05,0,0.0,1,0.1,0,0
tx-gen-004138,cust-0018,5.0,56.11,0.09,0,0.0,15,0.4,0,0
tx-gen-004139,cust-0041,21.78,91.84,0.24,0,0.0,7,0.1,0,0
tx-gen-004140,cust-0034,394.99,282.9,1.4,0,0.0,13,0.4,0,0
tx-gen-004141,cust-0029,13.9,263.95,0.05,0,0.0,2,0.4,0,0
tx-gen-004142,cust-0021,43.21,63.7,0.68,0,0.0,6,0.4,0,0
tx-gen-004143,cust-0039,125.94,215.8,0.58,0,0.0,2,0.1,0,0
tx-gen-004144,cust-0014,88.94,218.5,0.41,0,0.0,2,0.4,0,0
tx-gen-004145,cust-0002,52.32,104.26,0.5,0,0.0,12,0.1,0,0
tx-gen-004146,cust-0038,99.99,132.45,0.75,0,0.0,21,0.1,0,0
tx-gen-004147,cust-0043,18.0,102.29,0.18,0,0.0,12,0.1,0,0
tx-gen-004148,cust-0035,41.82,49.28,0.85,0,0.0,14,0.4,0,0
tx-gen-004149,cust-0042,404.92,247.36,1.64,0,0.0,22,0.4,0,0
tx-gen-004150,cust-0002,148.86,104.26,1.43,1,0.0,11,0.1,0,0
tx-gen-004151,cust-0049,11.31,67.7,0.17,1,0.0,5,0.1,0,0
tx-gen-004152,cust-0038,21.41,132.45,0.16,0,0.0,18,0.1,0,0
tx-gen-004153,cust-0036,23.79,76.21,0.31,0,0.0,0,0.1,0,0
tx-gen-004154,cust-0043,45.82,102.29,0.45,0,0.0,17,0.1,0,0
tx-gen-004155,cust-0003,35.53,67.68,0.52,0,0.0,18,0.1,0,0
tx-gen-004156,cust-0033,240.16,210.95,1.14,2,0.0,4,0.1,0,0
tx-gen-004157,cust-0023,14.82,253.94,0.06,0,0.0,4,0.1,0,0
tx-gen-004158,cust-0050,6.41,181.57,0.04,0,0.0,21,0.1,0,0
tx-gen-004159,cust-0041,45.68,91.84,0.5,0,0.0,23,0.1,0,0
tx-gen-004160,cust-0009,99.97,83.69,1.19,0,0.0,18,0.1,0,0
tx-gen-004161,cust-0048,33.08,153.89,0.21,0,0.0,22,0.1,0,0
tx-gen-004162,cust-0033,216.4,210.95,1.03,0,0.0,12,0.1,0,0
tx-gen-004163,cust-0031,76.79,255.21,0.3,0,0.0,7,0.1,1,0
tx-gen-004164,cust-0042,537.34,247.36,2.17,0,0.0,11,0.1,1,0
tx-gen-004165,cust-0008,435.24,192.55,2.26,0,0.0,19,0.4,0,0
tx-gen-004166,cust-0038,46.73,132.45,0.35,0,0.0,23,0.4,0,0
tx-gen-004167,cust-0010,57.33,219.36,0.26,0,0.0,12,0.1,0,0
tx-gen-004168,cust-0017,30.52,57.6,0.53,1,0.0,1,0.4,0,0
tx-gen-004169,cust-0049,18.63,67.7,0.28,2,0.0,12,0.1,0,0
tx-gen-004170,cust-0005,59.67,53.47,1.12,0,0.0,6,0.4,0,0
tx-gen-004171,cust-0032,227.29,129.95,1.75,0,0.0,23,0.1,1,0
tx-gen-004172,cust-0024,300.84,269.07,1.12,1,0.0,13,0.4,0,0
tx-gen-004173,cust-0043,177.91,102.29,1.74,0,0.0,12,0.4,0,0
tx-gen-004174,cust-0048,77.84,153.89,0.51,0,0.0,10,0.1,0,0
tx-gen-004175,cust-0036,12.95,76.21,0.17,2,0.0,16,0.1,0,0
tx-gen-004176,cust-0012,140.77,105.11,1.34,0,0.0,5,0.1,0,0
tx-gen-004177,cust-0048,68.79,153.89,0.45,0,0.0,12,0.4,0,0
tx-gen-004178,cust-0030,116.87,105.05,1.11,0,0.0,7,0.1,0,0
tx-gen-004179,cust-0046,27.59,87.41,0.32,0,0.0,1,0.1,0,0
tx-gen-004180,cust-0023,21.51,253.94,0.08,1,0.0,4,0.1,0,0
tx-gen-004181,cust-0048,384.72499999999997,153.89,2.5,0,0.0,12,0.1,0,0
tx-gen-004182,cust-0022,570.71,51.28,11.13,8,9749.0,16,0.8,1,1
tx-gen-004183,cust-0036,12.94,76.21,0.17,0,0.0,2,0.1,0,0
tx-gen-004184,cust-0018,140.275,56.11,2.5,0,0.0,4,0.1,0,0
tx-gen-004185,cust-0036,190.52499999999998,76.21,2.5,0,0.0,7,0.1,0,0
tx-gen-004186,cust-0009,132.15,83.69,1.58,0,0.0,9,0.4,0,0
tx-gen-004187,cust-0016,310.69,288.45,1.08,0,0.0,14,0.1,0,0
tx-gen-004188,cust-0023,218.97,253.94,0.86,0,0.0,16,0.4,0,0
tx-gen-004189,cust-0046,175.75,87.41,2.01,1,0.0,14,0.4,0,0
tx-gen-004190,cust-0029,90.19,263.95,0.34,2,0.0,14,0.1,0,0
tx-gen-004191,cust-0005,526.47,53.47,9.85,4,1025.0,12,0.8,1,1
tx-gen-004192,cust-0009,52.77,83.69,0.63,0,0.0,15,0.1,1,0
tx-gen-004193,cust-0018,54.2,56.11,0.97,0,0.0,12,0.1,1,0
tx-gen-004194,cust-0047,72.47,136.82,0.53,0,0.0,12,0.4,0,0
tx-gen-004195,cust-0023,141.63,253.94,0.56,0,0.0,11,0.1,0,0
tx-gen-004196,cust-0005,21.44,53.47,0.4,0,0.0,20,0.1,0,0
tx-gen-004197,cust-0018,46.61,56.11,0.83,0,0.0,3,0.1,0,0
tx-gen-004198,cust-0023,482.73,253.94,1.9,1,0.0,16,0.1,0,0
tx-gen-004199,cust-0020,51.09,227.03,0.23,0,0.0,7,0.1,0,0
tx-gen-004200,cust-0032,324.875,129.95,2.5,0,0.0,13,0.1,0,0
tx-gen-004201,cust-0049,79.09,67.7,1.17,1,0.0,12,0.1,0,0
tx-gen-004202,cust-0023,440.12,253.94,1.73,0,0.0,9,0.1,0,0
tx-gen-004203,cust-0017,46.79,57.6,0.81,0,0.0,4,0.4,0,0
tx-gen-004204,cust-0036,115.22,76.21,1.51,0,0.0,6,0.1,0,0
tx-gen-004205,cust-0014,5.0,218.5,0.02,1,0.0,16,0.1,0,0
tx-gen-004206,cust-0036,130.0,76.21,1.71,0,0.0,19,0.1,0,0
tx-gen-004207,cust-0037,953.09,96.1,9.92,5,5021.0,16,0.1,0,1
tx-gen-004208,cust-0025,7.62,185.89,0.04,0,0.0,14,0.1,0,0
tx-gen-004209,cust-0013,518.26,234.88,2.21,0,0.0,10,0.1,0,0
tx-gen-004210,cust-0030,262.625,105.05,2.5,1,0.0,11,0.4,0,0
tx-gen-004211,cust-0009,29.14,83.69,0.35,0,0.0,17,0.1,0,0
tx-gen-004212,cust-0016,68.11,288.45,0.24,0,0.0,5,0.1,0,0
tx-gen-004213,cust-0004,308.37,212.71,1.45,0,0.0,0,0.4,0,0
tx-gen-004214,cust-0045,77.78,266.62,0.29,0,0.0,3,0.1,0,0
tx-gen-004215,cust-0021,127.82,63.7,2.01,0,0.0,21,0.1,0,0
tx-gen-004216,cust-0027,9.93,91.53,0.11,0,0.0,10,0.1,0,0
tx-gen-004217,cust-0036,10.26,76.21,0.13,0,0.0,3,0.4,0,0
tx-gen-004218,cust-0021,159.25,63.7,2.5,0,0.0,17,0.1,0,0
tx-gen-004219,cust-0027,102.55,91.53,1.12,0,0.0,7,0.1,0,0
tx-gen-004220,cust-0038,248.55,132.45,1.88,0,0.0,5,0.1,0,0
tx-gen-004221,cust-0046,34.27,87.41,0.39,0,0.0,2,0.1,0,0
tx-gen-004222,cust-0004,240.04,212.71,1.13,1,0.0,17,0.1,1,0
tx-gen-004223,cust-0045,240.49,266.62,0.9,1,0.0,17,0.1,0,0
tx-gen-004224,cust-0019,178.38,193.01,0.92,0,0.0,17,0.1,0,0
tx-gen-004225,cust-0027,105.02,91.53,1.15,0,0.0,9,0.1,0,0
tx-gen-004226,cust-0038,113.44,132.45,0.86,2,0.0,17,0.1,0,0
tx-gen-004227,cust-0016,161.67,288.45,0.56,0,0.0,6,0.1,0,0
tx-gen-004228,cust-0018,18.12,56.11,0.32,1,0.0,1,0.1,0,0
tx-gen-004229,cust-0012,153.83,105.11,1.46,0,0.0,7,0.1,0,0
tx-gen-004230,cust-0007,22.84,89.03,0.26,1,0.0,21,0.1,0,0
tx-gen-004231,cust-0014,257.57,218.5,1.18,0,0.0,22,0.1,0,0
tx-gen-004232,cust-0015,27.91,105.03,0.27,0,0.0,2,0.1,1,0
tx-gen-004233,cust-0008,189.03,192.55,0.98,0,0.0,9,0.1,0,0
tx-gen-004234,cust-0027,125.82,91.53,1.37,0,0.0,8,0.1,0,0
tx-gen-004235,cust-0026,12.04,48.78,0.25,0,0.0,2,0.4,0,0
tx-gen-004236,cust-0012,6.5,105.11,0.06,0,0.0,14,0.1,0,0
tx-gen-004237,cust-0048,21.6,153.89,0.14,0,0.0,2,0.1,0,0
tx-gen-004238,cust-0041,85.54,91.84,0.93,0,0.0,21,0.1,0,0
tx-gen-004239,cust-0041,173.89,91.84,1.89,0,0.0,3,0.4,0,0
tx-gen-004240,cust-0026,5.0,48.78,0.1,0,0.0,9,0.1,1,0
tx-gen-004241,cust-0026,64.63,48.78,1.32,1,0.0,6,0.4,0,0
tx-gen-004242,cust-0049,28.27,67.7,0.42,0,0.0,8,0.1,0,0
tx-gen-004243,cust-0033,137.35,210.95,0.65,0,0.0,21,0.1,0,0
tx-gen-004244,cust-0024,672.675,269.07,2.5,0,0.0,19,0.4,0,0
tx-gen-004245,cust-0029,106.48,263.95,0.4,0,0.0,15,0.1,0,0
tx-gen-004246,cust-0015,65.76,105.03,0.63,0,0.0,1,0.4,0,0
tx-gen-004247,cust-0027,5.0,91.53,0.05,0,0.0,16,0.4,0,0
tx-gen-004248,cust-0016,24.55,288.45,0.09,0,0.0,10,0.1,0,0
tx-gen-004249,cust-0020,67.93,227.03,0.3,0,0.0,5,0.1,0,0
tx-gen-004250,cust-0042,6.99,247.36,0.03,0,0.0,1,0.1,0,0
tx-gen-004251,cust-0015,104.82,105.03,1.0,0,0.0,8,0.1,0,0
tx-gen-004252,cust-0048,85.54,153.89,0.56,0,0.0,14,0.1,0,0
tx-gen-004253,cust-0047,108.69,136.82,0.79,0,0.0,22,0.4,0,0
tx-gen-004254,cust-0040,41.24,214.85,0.19,0,0.0,17,0.1,0,0
tx-gen-004255,cust-0015,36.85,105.03,0.35,0,0.0,12,0.1,0,0
tx-gen-004256,cust-0033,229.96,210.95,1.09,0,0.0,1,0.1,0,0
tx-gen-004257,cust-0014,546.25,218.5,2.5,0,0.0,13,0.1,0,0
tx-gen-004258,cust-0050,1058.17,181.57,5.83,6,812.0,16,0.8,0,1
tx-gen-004259,cust-0036,5.0,76.21,0.07,0,0.0,4,0.1,0,0
tx-gen-004260,cust-0008,425.68,192.55,2.21,0,0.0,5,0.1,0,0
tx-gen-004261,cust-0050,156.17,181.57,0.86,0,0.0,17,0.1,0,0
tx-gen-004262,cust-0048,127.72,153.89,0.83,0,0.0,14,0.1,0,0
tx-gen-004263,cust-0023,176.16,253.94,0.69,0,0.0,16,0.1,0,0
tx-gen-004264,cust-0048,11.07,153.89,0.07,0,0.0,13,0.1,0,0
tx-gen-004265,cust-0037,9.05,96.1,0.09,0,0.0,6,0.1,0,0
tx-gen-004266,cust-0025,170.75,185.89,0.92,0,0.0,14,0.1,0,0
tx-gen-004267,cust-0044,1494.94,276.55,5.41,7,2218.0,3,0.4,1,1
tx-gen-004268,cust-0025,77.51,185.89,0.42,0,0.0,20,0.4,0,0
tx-gen-004269,cust-0046,217.84,87.41,2.49,0,0.0,18,0.1,0,0
tx-gen-004270,cust-0049,35.33,67.7,0.52,0,0.0,14,0.1,0,0
tx-gen-004271,cust-0031,39.47,255.21,0.15,0,0.0,3,0.1,0,0
tx-gen-004272,cust-0044,346.87,276.55,1.25,0,0.0,3,0.1,0,0
tx-gen-004273,cust-0045,92.58,266.62,0.35,1,0.0,15,0.1,0,0
tx-gen-004274,cust-0014,162.88,218.5,0.75,0,0.0,20,0.4,0,0
tx-gen-004275,cust-0019,230.99,193.01,1.2,0,0.0,17,0.1,0,0
tx-gen-004276,cust-0020,523.36,227.03,2.31,0,0.0,16,0.1,0,0
tx-gen-004277,cust-0027,143.81,91.53,1.57,1,0.0,20,0.1,1,0
tx-gen-004278,cust-0048,173.61,153.89,1.13,0,0.0,12,0.4,0,0
tx-gen-004279,cust-0008,219.18,192.55,1.14,0,0.0,6,0.1,0,0
tx-gen-004280,cust-0022,128.2,51.28,2.5,2,0.0,18,0.1,0,0
tx-gen-004281,cust-0013,82.38,234.88,0.35,0,0.0,14,0.1,0,0
tx-gen-004282,cust-0032,5.0,129.95,0.04,0,0.0,20,0.1,0,0
tx-gen-004283,cust-0004,67.51,212.71,0.32,1,0.0,17,0.1,0,0
tx-gen-004284,cust-0032,31.94,129.95,0.25,0,0.0,7,0.1,0,0
tx-gen-004285,cust-0002,113.04,104.26,1.08,0,0.0,14,0.1,0,0
tx-gen-004286,cust-0034,284.13,282.9,1.0,0,0.0,15,0.1,0,0
tx-gen-004287,cust-0035,44.36,49.28,0.9,0,0.0,12,0.1,1,0
tx-gen-004288,cust-0045,5.0,266.62,0.02,2,0.0,7,0.1,0,0
tx-gen-004289,cust-0033,275.25,210.95,1.3,1,0.0,15,0.1,0,0
tx-gen-004290,cust-0005,20.9,53.47,0.39,1,0.0,6,0.1,0,0
tx-gen-004291,cust-0040,235.0,214.85,1.09,0,0.0,20,0.1,0,0
tx-gen-004292,cust-0019,156.96,193.01,0.81,0,0.0,9,0.1,0,0
tx-gen-004293,cust-0004,89.27,212.71,0.42,1,0.0,14,0.1,0,0
tx-gen-004294,cust-0004,30.74,212.71,0.14,0,0.0,10,0.1,0,0
tx-gen-004295,cust-0017,5.71,57.6,0.1,2,0.0,16,0.1,0,0
tx-gen-004296,cust-0042,440.53,247.36,1.78,0,0.0,9,0.1,0,0
tx-gen-004297,cust-0019,482.525,193.01,2.5,0,0.0,22,0.1,0,0
tx-gen-004298,cust-0040,225.42,214.85,1.05,0,0.0,20,0.1,0,0
tx-gen-004299,cust-0033,23.03,210.95,0.11,2,0.0,10,0.1,0,0
tx-gen-004300,cust-0007,45.78,89.03,0.51,0,0.0,5,0.1,0,0
tx-gen-004301,cust-0043,133.53,102.29,1.31,0,0.0,22,0.1,0,0
tx-gen-004302,cust-0010,331.96,219.36,1.51,0,0.0,18,0.1,0,0
tx-gen-004303,cust-0010,27.6,219.36,0.13,0,0.0,3,0.1,0,0
tx-gen-004304,cust-0025,5.0,185.89,0.03,0,0.0,8,0.1,0,0
tx-gen-004305,cust-0042,308.03,247.36,1.25,0,0.0,2,0.1,0,0
tx-gen-004306,cust-0033,93.03,210.95,0.44,0,0.0,7,0.1,0,0
tx-gen-004307,cust-0033,61.95,210.95,0.29,0,0.0,8,0.1,0,0
tx-gen-004308,cust-0027,5.0,91.53,0.05,0,0.0,13,0.1,1,0
tx-gen-004309,cust-0049,52.62,67.7,0.78,0,0.0,8,0.4,0,0
tx-gen-004310,cust-0011,170.52,89.52,1.9,0,0.0,3,0.1,0,0
tx-gen-004311,cust-0011,223.79999999999998,89.52,2.5,0,0.0,0,0.4,0,0
tx-gen-004312,cust-0010,182.97,219.36,0.83,0,0.0,19,0.1,0,0
tx-gen-004313,cust-0034,204.39,282.9,0.72,0,0.0,3,0.4,0,0
tx-gen-004314,cust-0018,5.0,56.11,0.09,0,0.0,10,0.1,0,0
tx-gen-004315,cust-0015,83.6,105.03,0.8,1,0.0,6,0.1,0,0
tx-gen-004316,cust-0002,49.84,104.26,0.48,0,0.0,14,0.1,0,0
tx-gen-004317,cust-0029,246.61,263.95,0.93,0,0.0,23,0.4,1,0
tx-gen-004318,cust-0001,29.56,60.06,0.49,0,0.0,17,0.1,0,0
tx-gen-004319,cust-0043,28.11,102.29,0.27,2,0.0,13,0.4,0,0
tx-gen-004320,cust-0030,10.48,105.05,0.1,1,0.0,15,0.1,0,0
tx-gen-004321,cust-0005,233.65,53.47,4.37,4,5954.0,7,0.8,1,1
tx-gen-004322,cust-0049,25.61,67.7,0.38,1,0.0,11,0.1,0,0
tx-gen-004323,cust-0031,25.94,255.21,0.1,0,0.0,8,0.1,0,0
tx-gen-004324,cust-0036,14.84,76.21,0.19,0,0.0,17,0.4,1,0
tx-gen-004325,cust-0015,1042.54,105.03,9.93,8,908.0,4,0.8,1,1
tx-gen-004326,cust-0044,691.375,276.55,2.5,0,0.0,7,0.4,0,0
tx-gen-004327,cust-0010,128.8,219.36,0.59,0,0.0,11,0.1,1,0
tx-gen-004328,cust-0016,218.94,288.45,0.76,0,0.0,15,0.4,0,0
tx-gen-004329,cust-0022,106.07,51.28,2.07,0,0.0,8,0.1,0,0
tx-gen-004330,cust-0020,567.575,227.03,2.5,0,0.0,21,0.4,0,0
tx-gen-004331,cust-0048,1327.04,153.89,8.62,8,5383.0,3,0.8,1,1
tx-gen-004332,cust-0023,221.94,253.94,0.87,1,0.0,7,0.4,0,0
tx-gen-004333,cust-0025,311.15,185.89,1.67,0,0.0,9,0.1,0,0
tx-gen-004334,cust-0015,41.58,105.03,0.4,0,0.0,21,0.1,0,0
tx-gen-004335,cust-0026,17.8,48.78,0.36,0,0.0,10,0.1,0,0
tx-gen-004336,cust-0043,52.71,102.29,0.52,1,0.0,4,0.4,0,0
tx-gen-004337,cust-0023,283.47,253.94,1.12,0,0.0,20,0.4,0,0
tx-gen-004338,cust-0026,55.92,48.78,1.15,1,0.0,15,0.4,0,0
tx-gen-004339,cust-0020,85.97,227.03,0.38,0,0.0,9,0.1,0,0
tx-gen-004340,cust-0001,8.59,60.06,0.14,0,0.0,18,0.1,1,0
tx-gen-004341,cust-0012,105.19,105.11,1.0,0,0.0,15,0.1,0,0
tx-gen-004342,cust-0030,14.43,105.05,0.14,0,0.0,0,0.1,0,0
tx-gen-004343,cust-0026,42.14,48.78,0.86,0,0.0,19,0.4,0,0
tx-gen-004344,cust-0038,156.59,132.45,1.18,1,0.0,23,0.1,0,0
tx-gen-004345,cust-0025,910.6,185.89,4.9,4,3988.0,6,0.1,0,1
tx-gen-004346,cust-0015,126.67,105.03,1.21,0,0.0,11,0.1,0,0
tx-gen-004347,cust-0012,147.18,105.11,1.4,0,0.0,12,0.1,1,0
tx-gen-004348,cust-0009,172.61,83.69,2.06,0,0.0,14,0.1,1,0
tx-gen-004349,cust-0009,58.0,83.69,0.69,1,0.0,17,0.1,0,0
tx-gen-004350,cust-0039,282.75,215.8,1.31,0,0.0,9,0.1,1,0
tx-gen-004351,cust-0039,208.34,215.8,0.97,0,0.0,22,0.1,0,0
tx-gen-004352,cust-0035,10.18,49.28,0.21,0,0.0,2,0.1,0,0
tx-gen-004353,cust-0012,5.0,105.11,0.05,0,0.0,19,0.4,0,0
tx-gen-004354,cust-0001,20.11,60.06,0.33,0,0.0,11,0.1,1,0
tx-gen-004355,cust-0008,112.69,192.55,0.59,0,0.0,8,0.1,0,0
tx-gen-004356,cust-0050,174.31,181.57,0.96,0,0.0,14,0.1,0,0
tx-gen-004357,cust-0007,168.88,89.03,1.9,0,0.0,10,0.1,0,0
tx-gen-004358,cust-0014,47.73,218.5,0.22,0,0.0,13,0.1,0,0
tx-gen-004359,cust-0004,783.68,212.71,3.68,8,2129.0,19,0.8,1,1
tx-gen-004360,cust-0025,24.94,185.89,0.13,0,0.0,23,0.1,0,0
tx-gen-004361,cust-0045,666.55,266.62,2.5,0,0.0,19,0.1,0,0
tx-gen-004362,cust-0001,6.87,60.06,0.11,1,0.0,17,0.4,0,0
tx-gen-004363,cust-0001,39.1,60.06,0.65,0,0.0,7,0.1,0,0
tx-gen-004364,cust-0025,163.74,185.89,0.88,1,0.0,15,0.1,0,0
tx-gen-004365,cust-0005,41.68,53.47,0.78,0,0.0,7,0.1,0,0
tx-gen-004366,cust-0016,25.95,288.45,0.09,0,0.0,18,0.4,0,0
tx-gen-004367,cust-0013,13.79,234.88,0.06,0,0.0,12,0.1,1,0
tx-gen-004368,cust-0028,33.0,296.01,0.11,0,0.0,23,0.1,0,0
tx-gen-004369,cust-0031,224.81,255.21,0.88,0,0.0,1,0.1,0,0
tx-gen-004370,cust-0011,70.36,89.52,0.79,0,0.0,23,0.1,0,0
tx-gen-004371,cust-0043,27.23,102.29,0.27,0,0.0,21,0.1,0,0
tx-gen-004372,cust-0044,280.83,276.55,1.02,0,0.0,13,0.4,0,0
tx-gen-004373,cust-0025,318.83,185.89,1.72,0,0.0,11,0.1,0,0
tx-gen-004374,cust-0010,9.32,219.36,0.04,0,0.0,6,0.1,0,0
tx-gen-004375,cust-0005,36.86,53.47,0.69,0,0.0,10,0.4,0,0
tx-gen-004376,cust-0024,314.53,269.07,1.17,0,0.0,7,0.1,0,0
tx-gen-004377,cust-0039,62.75,215.8,0.29,0,0.0,23,0.1,0,0
tx-gen-004378,cust-0030,38.64,105.05,0.37,0,0.0,8,0.4,0,0
tx-gen-004379,cust-0045,253.55,266.62,0.95,0,0.0,3,0.1,0,0
tx-gen-004380,cust-0023,579.53,253.94,2.28,1,0.0,0,0.4,0,0
tx-gen-004381,cust-0014,362.78,218.5,1.66,0,0.0,13,0.4,0,0
tx-gen-004382,cust-0043,89.5,102.29,0.87,0,0.0,5,0.1,0,0
tx-gen-004383,cust-0022,67.18,51.28,1.31,0,0.0,16,0.1,0,0
tx-gen-004384,cust-0018,25.47,56.11,0.45,1,0.0,18,0.1,0,0
tx-gen-004385,cust-0028,303.21,296.01,1.02,0,0.0,17,0.1,0,0
tx-gen-004386,cust-0015,65.93,105.03,0.63,1,0.0,13,0.1,0,0
tx-gen-004387,cust-0018,11.82,56.11,0.21,2,0.0,10,0.1,1,0
tx-gen-004388,cust-0032,157.21,129.95,1.21,0,0.0,6,0.1,0,0
tx-gen-004389,cust-0040,174.67,214.85,0.81,0,0.0,9,0.1,0,0
tx-gen-004390,cust-0038,58.83,132.45,0.44,1,0.0,23,0.1,0,0
tx-gen-004391,cust-0046,211.79,87.41,2.42,0,0.0,22,0.1,0,0
tx-gen-004392,cust-0021,536.23,63.7,8.42,5,5969.0,14,0.8,1,1
tx-gen-004393,cust-0008,5.0,192.55,0.03,0,0.0,22,0.1,0,0
tx-gen-004394,cust-0027,34.73,91.53,0.38,1,0.0,7,0.4,0,0
tx-gen-004395,cust-0045,2257.37,266.62,8.47,8,2768.0,3,0.8,0,1
tx-gen-004396,cust-0005,5.0,53.47,0.09,0,0.0,0,0.1,0,0
tx-gen-004397,cust-0024,391.41,269.07,1.45,0,0.0,22,0.1,0,0
tx-gen-004398,cust-0032,157.37,129.95,1.21,1,0.0,13,0.1,1,0
tx-gen-004399,cust-0047,55.07,136.82,0.4,0,0.0,11,0.1,0,0
tx-gen-004400,cust-0045,300.21,266.62,1.13,0,0.0,18,0.1,0,0
tx-gen-004401,cust-0034,142.6,282.9,0.5,0,0.0,15,0.1,0,0
tx-gen-004402,cust-0010,309.65,219.36,1.41,0,0.0,13,0.1,0,0
tx-gen-004403,cust-0045,161.43,266.62,0.61,0,0.0,15,0.1,0,0
tx-gen-004404,cust-0026,25.93,48.78,0.53,0,0.0,12,0.1,0,0
tx-gen-004405,cust-0015,262.575,105.03,2.5,0,0.0,8,0.1,0,0
tx-gen-004406,cust-0009,24.17,83.69,0.29,1,0.0,19,0.1,0,0
tx-gen-004407,cust-0047,17.56,136.82,0.13,1,0.0,14,0.4,0,0
tx-gen-004408,cust-0017,50.59,57.6,0.88,0,0.0,10,0.1,0,0
tx-gen-004409,cust-0028,740.025,296.01,2.5,0,0.0,10,0.1,0,0
tx-gen-004410,cust-0011,42.48,89.52,0.47,0,0.0,4,0.4,0,0
tx-gen-004411,cust-0041,5.88,91.84,0.06,0,0.0,19,0.1,0,0
tx-gen-004412,cust-0044,114.62,276.55,0.41,1,0.0,0,0.1,0,0
tx-gen-004413,cust-0002,73.51,104.26,0.71,0,0.0,17,0.1,0,0
tx-gen-004414,cust-0004,37.57,212.71,0.18,0,0.0,2,0.1,0,0
tx-gen-004415,cust-0006,41.41,38.58,1.07,0,0.0,14,0.1,0,0
tx-gen-004416,cust-0001,150.15,60.06,2.5,0,0.0,4,0.1,0,0
tx-gen-004417,cust-0034,170.02,282.9,0.6,0,0.0,11,0.1,0,0
tx-gen-004418,cust-0034,123.93,282.9,0.44,0,0.0,12,0.1,0,0
tx-gen-004419,cust-0004,108.91,212.71,0.51,0,0.0,18,0.1,0,0
tx-gen-004420,cust-0033,25.81,210.95,0.12,0,0.0,10,0.1,0,0
tx-gen-004421,cust-0007,191.23,89.03,2.15,0,0.0,18,0.1,0,0
tx-gen-004422,cust-0023,136.07,253.94,0.54,0,0.0,22,0.1,0,0
tx-gen-004423,cust-0026,23.89,48.78,0.49,0,0.0,22,0.1,0,0
tx-gen-004424,cust-0029,284.51,263.95,1.08,2,0.0,6,0.1,0,0
tx-gen-004425,cust-0010,127.99,219.36,0.58,0,0.0,19,0.1,0,0
tx-gen-004426,cust-0045,278.56,266.62,1.04,0,0.0,14,0.1,0,0
tx-gen-004427,cust-0007,5.65,89.03,0.06,2,0.0,10,0.1,0,0
tx-gen-004428,cust-0028,497.45,296.01,1.68,0,0.0,18,0.4,0,0
tx-gen-004429,cust-0029,659.875,263.95,2.5,0,0.0,10,0.1,0,0
tx-gen-004430,cust-0005,55.95,53.47,1.05,1,0.0,19,0.1,0,0
tx-gen-004431,cust-0035,123.2,49.28,2.5,0,0.0,6,0.1,0,0
tx-gen-004432,cust-0038,21.75,132.45,0.16,0,0.0,18,0.1,0,0
tx-gen-004433,cust-0016,187.2,288.45,0.65,0,0.0,19,0.1,0,0
tx-gen-004434,cust-0049,62.34,67.7,0.92,0,0.0,16,0.1,0,0
tx-gen-004435,cust-0007,77.6,89.03,0.87,0,0.0,20,0.1,0,0
tx-gen-004436,cust-0022,26.32,51.28,0.51,0,0.0,8,0.1,0,0
tx-gen-004437,cust-0014,776.75,218.5,3.55,4,8069.0,10,0.8,1,1
tx-gen-004438,cust-0012,43.37,105.11,0.41,0,0.0,23,0.1,0,0
tx-gen-004439,cust-0015,14.24,105.03,0.14,1,0.0,8,0.1,0,0
tx-gen-004440,cust-0011,44.51,89.52,0.5,1,0.0,3,0.1,0,0
tx-gen-004441,cust-0016,2154.86,288.45,7.47,7,8231.0,13,0.1,0,1
tx-gen-004442,cust-0009,14.86,83.69,0.18,0,0.0,17,0.1,0,0
tx-gen-004443,cust-0046,115.87,87.41,1.33,0,0.0,0,0.1,1,0
tx-gen-004444,cust-0049,15.86,67.7,0.23,0,0.0,15,0.1,0,0
tx-gen-004445,cust-0047,8.26,136.82,0.06,0,0.0,20,0.1,0,0
tx-gen-004446,cust-0004,1009.23,212.71,4.74,8,2807.0,13,0.4,0,1
tx-gen-004447,cust-0013,188.79,234.88,0.8,0,0.0,10,0.1,0,0
tx-gen-004448,cust-0004,192.38,212.71,0.9,1,0.0,22,0.1,0,0
tx-gen-004449,cust-0029,542.43,263.95,2.06,1,0.0,13,0.4,0,0
tx-gen-004450,cust-0028,254.67,296.01,0.86,0,0.0,18,0.4,0,0
tx-gen-004451,cust-0024,114.05,269.07,0.42,0,0.0,13,0.1,0,0
tx-gen-004452,cust-0030,170.67,105.05,1.62,0,0.0,16,0.4,0,0
tx-gen-004453,cust-0034,219.85,282.9,0.78,0,0.0,17,0.1,0,0
tx-gen-004454,cust-0040,17.75,214.85,0.08,1,0.0,20,0.1,0,0
tx-gen-004455,cust-0009,69.83,83.69,0.83,0,0.0,13,0.1,0,0
tx-gen-004456,cust-0013,560.46,234.88,2.39,1,0.0,14,0.1,0,0
tx-gen-004457,cust-0049,34.17,67.7,0.5,0,0.0,18,0.1,0,0
tx-gen-004458,cust-0019,67.83,193.01,0.35,0,0.0,3,0.1,0,0
tx-gen-004459,cust-0032,20.12,129.95,0.15,0,0.0,9,0.1,1,0
tx-gen-004460,cust-0003,11.11,67.68,0.16,0,0.0,18,0.1,0,0
tx-gen-004461,cust-0010,124.38,219.36,0.57,0,0.0,19,0.4,0,0
tx-gen-004462,cust-0036,69.01,76.21,0.91,1,0.0,0,0.1,1,0
tx-gen-004463,cust-0039,18.14,215.8,0.08,0,0.0,15,0.1,0,0
tx-gen-004464,cust-0033,527.375,210.95,2.5,1,0.0,14,0.1,0,0
tx-gen-004465,cust-0007,125.27,89.03,1.41,0,0.0,16,0.1,0,0
tx-gen-004466,cust-0025,164.21,185.89,0.88,2,0.0,23,0.1,0,0
tx-gen-004467,cust-0019,340.24,193.01,1.76,0,0.0,20,0.1,0,0
tx-gen-004468,cust-0032,10.86,129.95,0.08,0,0.0,20,0.1,0,0
tx-gen-004469,cust-0034,183.28,282.9,0.65,0,0.0,18,0.4,0,0
tx-gen-004470,cust-0038,131.72,132.45,0.99,0,0.0,8,0.1,0,0
tx-gen-004471,cust-0003,119.39,67.68,1.76,0,0.0,21,0.1,0,0
tx-gen-004472,cust-0004,325.45,212.71,1.53,0,0.0,7,0.1,0,0
tx-gen-004473,cust-0036,24.73,76.21,0.32,1,0.0,11,0.1,0,0
tx-gen-004474,cust-0008,481.375,192.55,2.5,0,0.0,7,0.1,0,0
tx-gen-004475,cust-0045,35.4,266.62,0.13,1,0.0,8,0.1,0,0
tx-gen-004476,cust-0014,454.59,218.5,2.08,0,0.0,6,0.1,0,0
tx-gen-004477,cust-0047,342.04999999999995,136.82,2.5,1,0.0,18,0.4,0,0
tx-gen-004478,cust-0005,10.43,53.47,0.2,0,0.0,10,0.1,0,0
tx-gen-004479,cust-0020,290.68,227.03,1.28,0,0.0,9,0.1,0,0
tx-gen-004480,cust-0015,5.0,105.03,0.05,0,0.0,8,0.1,0,0
tx-gen-004481,cust-0039,112.2,215.8,0.52,0,0.0,21,0.1,0,0
tx-gen-004482,cust-0017,41.83,57.6,0.73,0,0.0,15,0.1,0,0
tx-gen-004483,cust-0050,157.79,181.57,0.87,1,0.0,12,0.4,0,0
tx-gen-004484,cust-0006,96.44999999999999,38.58,2.5,0,0.0,11,0.1,0,0
tx-gen-004485,cust-0049,75.52,67.7,1.12,0,0.0,18,0.1,0,0
tx-gen-004486,cust-0023,166.68,253.94,0.66,2,0.0,1,0.1,0,0
tx-gen-004487,cust-0006,64.01,38.58,1.66,1,0.0,18,0.4,0,0
tx-gen-004488,cust-0048,384.72499999999997,153.89,2.5,0,0.0,18,0.1,0,0
tx-gen-004489,cust-0029,5.89,263.95,0.02,0,0.0,9,0.1,0,0
tx-gen-004490,cust-0008,481.375,192.55,2.5,0,0.0,17,0.1,0,0
tx-gen-004491,cust-0027,8.24,91.53,0.09,0,0.0,9,0.1,0,0
tx-gen-004492,cust-0032,218.85,129.95,1.68,0,0.0,22,0.4,0,0
tx-gen-004493,cust-0009,27.53,83.69,0.33,0,0.0,9,0.1,0,0
tx-gen-004494,cust-0035,6.99,49.28,0.14,0,0.0,13,0.1,0,0
tx-gen-004495,cust-0050,105.23,181.57,0.58,1,0.0,16,0.1,0,0
tx-gen-004496,cust-0011,92.45,89.52,1.03,0,0.0,8,0.1,0,0
tx-gen-004497,cust-0033,1540.81,210.95,7.3,6,5822.0,17,0.1,0,1
tx-gen-004498,cust-0011,42.93,89.52,0.48,0,0.0,7,0.4,0,0
tx-gen-004499,cust-0039,1820.63,215.8,8.44,7,2721.0,12,0.8,1,1
tx-gen-004500,cust-0021,5.0,63.7,0.08,0,0.0,9,0.1,0,0
tx-gen-004501,cust-0039,197.45,215.8,0.91,0,0.0,14,0.1,0,0
tx-gen-004502,cust-0036,177.33,76.21,2.33,0,0.0,10,0.1,1,0
tx-gen-004503,cust-0046,42.24,87.41,0.48,0,0.0,11,0.1,0,0
tx-gen-004504,cust-0050,44.26,181.57,0.24,0,0.0,22,0.4,0,0
tx-gen-004505,cust-0009,48.91,83.69,0.58,0,0.0,2,0.1,0,0
tx-gen-004506,cust-0035,5.0,49.28,0.1,1,0.0,0,0.1,0,0
tx-gen-004507,cust-0028,508.4,296.01,1.72,0,0.0,7,0.1,0,0
tx-gen-004508,cust-0039,377.79,215.8,1.75,0,0.0,13,0.4,0,0
tx-gen-004509,cust-0029,234.05,263.95,0.89,0,0.0,17,0.1,1,0
tx-gen-004510,cust-0041,40.0,91.84,0.44,0,0.0,12,0.1,0,0
tx-gen-004511,cust-0007,143.19,89.03,1.61,0,0.0,15,0.1,0,0
tx-gen-004512,cust-0033,170.65,210.95,0.81,0,0.0,22,0.1,0,0
tx-gen-004513,cust-0049,118.36,67.7,1.75,0,0.0,13,0.4,1,0
tx-gen-004514,cust-0011,89.36,89.52,1.0,0,0.0,4,0.1,0,0
tx-gen-004515,cust-0041,140.92,91.84,1.53,1,0.0,23,0.1,0,0
tx-gen-004516,cust-0032,118.61,129.95,0.91,1,0.0,19,0.1,0,0
tx-gen-004517,cust-0025,99.39,185.89,0.53,0,0.0,13,0.1,0,0
tx-gen-004518,cust-0029,659.875,263.95,2.5,2,0.0,17,0.1,0,0
tx-gen-004519,cust-0021,49.62,63.7,0.78,0,0.0,9,0.1,1,0
tx-gen-004520,cust-0039,200.5,215.8,0.93,0,0.0,3,0.1,0,0
tx-gen-004521,cust-0035,12.27,49.28,0.25,0,0.0,22,0.1,0,0
tx-gen-004522,cust-0024,264.38,269.07,0.98,0,0.0,1,0.1,0,0
tx-gen-004523,cust-0036,64.6,76.21,0.85,1,0.0,2,0.1,0,0
tx-gen-004524,cust-0043,20.9,102.29,0.2,0,0.0,8,0.4,0,0
tx-gen-004525,cust-0048,9.45,153.89,0.06,1,0.0,3,0.4,0,0
tx-gen-004526,cust-0027,84.87,91.53,0.93,2,0.0,15,0.1,0,0
tx-gen-004527,cust-0034,408.12,282.9,1.44,1,0.0,0,0.1,0,0
tx-gen-004528,cust-0031,189.13,255.21,0.74,1,0.0,20,0.1,1,0
tx-gen-004529,cust-0019,49.64,193.01,0.26,0,0.0,4,0.1,0,0
tx-gen-004530,cust-0014,239.95,218.5,1.1,0,0.0,1,0.1,0,0
tx-gen-004531,cust-0047,11.42,136.82,0.08,1,0.0,8,0.1,0,0
tx-gen-004532,cust-0002,60.79,104.26,0.58,0,0.0,19,0.1,0,0
tx-gen-004533,cust-0047,1097.58,136.82,8.02,4,634.0,22,0.8,1,1
tx-gen-004534,cust-0004,37.94,212.71,0.18,1,0.0,12,0.1,0,0
tx-gen-004535,cust-0049,13.8,67.7,0.2,0,0.0,3,0.1,1,0
tx-gen-004536,cust-0032,29.37,129.95,0.23,0,0.0,17,0.1,0,0
tx-gen-004537,cust-0023,124.15,253.94,0.49,0,0.0,10,0.1,0,0
tx-gen-004538,cust-0027,5.0,91.53,0.05,0,0.0,21,0.1,0,0
tx-gen-004539,cust-0009,42.44,83.69,0.51,0,0.0,21,0.1,0,0
tx-gen-004540,cust-0043,73.33,102.29,0.72,0,0.0,4,0.1,0,0
tx-gen-004541,cust-0005,35.31,53.47,0.66,0,0.0,5,0.4,0,0
tx-gen-004542,cust-0044,133.45,276.55,0.48,0,0.0,8,0.1,0,0
tx-gen-004543,cust-0022,93.7,51.28,1.83,0,0.0,3,0.1,0,0
tx-gen-004544,cust-0037,663.99,96.1,6.91,5,7612.0,4,0.8,1,1
tx-gen-004545,cust-0044,43.43,276.55,0.16,0,0.0,16,0.1,0,0
tx-gen-004546,cust-0024,189.59,269.07,0.7,0,0.0,2,0.1,0,0
tx-gen-004547,cust-0023,16.26,253.94,0.06,0,0.0,7,0.1,0,0
tx-gen-004548,cust-0003,5.0,67.68,0.07,0,0.0,23,0.1,0,0
tx-gen-004549,cust-0006,32.91,38.58,0.85,1,0.0,17,0.1,0,0
tx-gen-004550,cust-0044,230.85,276.55,0.83,1,0.0,7,0.1,0,0
tx-gen-004551,cust-0031,536.96,255.21,2.1,0,0.0,19,0.1,0,0
tx-gen-004552,cust-0017,47.01,57.6,0.82,0,0.0,18,0.1,0,0
tx-gen-004553,cust-0024,672.675,269.07,2.5,0,0.0,4,0.1,0,0
tx-gen-004554,cust-0049,5.0,67.7,0.07,0,0.0,18,0.1,0,0
tx-gen-004555,cust-0042,25.52,247.36,0.1,0,0.0,13,0.1,1,0
tx-gen-004556,cust-0028,13.34,296.01,0.05,1,0.0,15,0.4,0,0
tx-gen-004557,cust-0016,59.11,288.45,0.2,1,0.0,9,0.1,0,0
tx-gen-004558,cust-0032,101.27,129.95,0.78,0,0.0,6,0.1,0,0
tx-gen-004559,cust-0040,222.85,214.85,1.04,1,0.0,3,0.1,0,0
tx-gen-004560,cust-0044,12.9,276.55,0.05,0,0.0,2,0.1,0,0
tx-gen-004561,cust-0012,262.775,105.11,2.5,0,0.0,14,0.1,0,0
tx-gen-004562,cust-0034,522.29,282.9,1.85,0,0.0,7,0.1,0,0
tx-gen-004563,cust-0006,13.57,38.58,0.35,0,0.0,4,0.1,0,0
tx-gen-004564,cust-0016,23.17,288.45,0.08,1,0.0,8,0.1,0,0
tx-gen-004565,cust-0012,19.57,105.11,0.19,0,0.0,14,0.1,0,0
tx-gen-004566,cust-0024,36.53,269.07,0.14,0,0.0,4,0.1,0,0
tx-gen-004567,cust-0005,7.04,53.47,0.13,0,0.0,3,0.1,0,0
tx-gen-004568,cust-0041,67.13,91.84,0.73,1,0.0,17,0.4,0,0
tx-gen-004569,cust-0020,64.06,227.03,0.28,0,0.0,23,0.1,0,0
tx-gen-004570,cust-0003,30.01,67.68,0.44,0,0.0,6,0.4,0,0
tx-gen-004571,cust-0042,618.4000000000001,247.36,2.5,0,0.0,10,0.1,0,0
tx-gen-004572,cust-0044,318.86,276.55,1.15,0,0.0,1,0.1,0,0
tx-gen-004573,cust-0022,128.2,51.28,2.5,1,0.0,3,0.1,0,0
tx-gen-004574,cust-0028,45.53,296.01,0.15,0,0.0,22,0.1,0,0
tx-gen-004575,cust-0032,62.57,129.95,0.48,0,0.0,7,0.1,0,0
tx-gen-004576,cust-0016,233.38,288.45,0.81,0,0.0,20,0.1,0,0
tx-gen-004577,cust-0028,23.64,296.01,0.08,0,0.0,8,0.1,0,0
tx-gen-004578,cust-0044,5.0,276.55,0.02,0,0.0,2,0.1,0,0
tx-gen-004579,cust-0039,239.53,215.8,1.11,1,0.0,8,0.1,0,0
tx-gen-004580,cust-0018,57.61,56.11,1.03,0,0.0,22,0.1,0,0
tx-gen-004581,cust-0025,98.33,185.89,0.53,0,0.0,9,0.1,0,0
tx-gen-004582,cust-0003,45.52,67.68,0.67,1,0.0,4,0.1,0,0
tx-gen-004583,cust-0021,34.2,63.7,0.54,0,0.0,4,0.1,0,0
tx-gen-004584,cust-0004,5.17,212.71,0.02,0,0.0,0,0.1,0,0
tx-gen-004585,cust-0030,42.92,105.05,0.41,0,0.0,2,0.1,0,0
tx-gen-004586,cust-0016,56.22,288.45,0.19,0,0.0,7,0.4,0,0
tx-gen-004587,cust-0016,29.89,288.45,0.1,0,0.0,0,0.1,0,0
tx-gen-004588,cust-0049,169.25,67.7,2.5,0,0.0,4,0.1,0,0
tx-gen-004589,cust-0035,45.08,49.28,0.91,0,0.0,13,0.1,0,0
tx-gen-004590,cust-0036,99.41,76.21,1.3,0,0.0,11,0.1,0,0
tx-gen-004591,cust-0013,88.99,234.88,0.38,0,0.0,23,0.1,0,0
tx-gen-004592,cust-0041,45.87,91.84,0.5,0,0.0,19,0.1,0,0
tx-gen-004593,cust-0043,27.66,102.29,0.27,2,0.0,0,0.1,0,0
tx-gen-004594,cust-0039,1842.14,215.8,8.54,6,1256.0,10,0.8,1,1
tx-gen-004595,cust-0003,283.36,67.68,4.19,3,644.0,18,0.1,0,1
tx-gen-004596,cust-0030,10.71,105.05,0.1,0,0.0,23,0.1,0,0
tx-gen-004597,cust-0002,20.57,104.26,0.2,0,0.0,12,0.4,0,0
tx-gen-004598,cust-0030,439.94,105.05,4.19,3,5479.0,19,0.8,1,1
tx-gen-004599,cust-0024,429.73,269.07,1.6,0,0.0,1,0.1,0,0
tx-gen-004600,cust-0026,55.21,48.78,1.13,0,0.0,10,0.1,0,0
tx-gen-004601,cust-0032,102.88,129.95,0.79,0,0.0,23,0.1,0,0
tx-gen-004602,cust-0045,171.84,266.62,0.64,0,0.0,14,0.4,0,0
tx-gen-004603,cust-0028,740.025,296.01,2.5,0,0.0,6,0.1,0,0
tx-gen-004604,cust-0049,5.11,67.7,0.08,0,0.0,2,0.4,0,0
tx-gen-004605,cust-0024,88.62,269.07,0.33,0,0.0,18,0.1,0,0
tx-gen-004606,cust-0034,121.84,282.9,0.43,0,0.0,1,0.1,0,0
tx-gen-004607,cust-0044,421.8,276.55,1.53,2,0.0,6,0.1,0,0
tx-gen-004608,cust-0026,121.95,48.78,2.5,0,0.0,0,0.1,0,0
tx-gen-004609,cust-0001,16.54,60.06,0.28,1,0.0,1,0.1,0,0
tx-gen-004610,cust-0007,184.64,89.03,2.07,0,0.0,20,0.1,0,0
tx-gen-004611,cust-0015,186.49,105.03,1.78,0,0.0,2,0.4,0,0
tx-gen-004612,cust-0027,23.29,91.53,0.25,0,0.0,11,0.1,0,0
tx-gen-004613,cust-0037,48.98,96.1,0.51,1,0.0,11,0.1,0,0
tx-gen-004614,cust-0036,40.17,76.21,0.53,0,0.0,1,0.1,0,0
tx-gen-004615,cust-0032,324.875,129.95,2.5,0,0.0,7,0.1,0,0
tx-gen-004616,cust-0006,7.7,38.58,0.2,0,0.0,11,0.1,0,0
tx-gen-004617,cust-0046,140.31,87.41,1.61,0,0.0,1,0.1,0,0
tx-gen-004618,cust-0004,86.52,212.71,0.41,0,0.0,11,0.1,0,0
tx-gen-004619,cust-0017,75.6,57.6,1.31,0,0.0,5,0.4,0,0
tx-gen-004620,cust-0011,48.77,89.52,0.54,0,0.0,6,0.1,0,0
tx-gen-004621,cust-0002,90.04,104.26,0.86,0,0.0,9,0.1,0,0
tx-gen-004622,cust-0026,87.19,48.78,1.79,0,0.0,17,0.1,0,0
tx-gen-004623,cust-0047,223.08,136.82,1.63,1,0.0,9,0.1,0,0
tx-gen-004624,cust-0019,388.54,193.01,2.01,0,0.0,20,0.4,0,0
tx-gen-004625,cust-0009,5.14,83.69,0.06,0,0.0,7,0.1,0,0
tx-gen-004626,cust-0022,60.4,51.28,1.18,0,0.0,9,0.4,0,0
tx-gen-004627,cust-0035,7.43,49.28,0.15,0,0.0,20,0.1,0,0
tx-gen-004628,cust-0044,148.66,276.55,0.54,1,0.0,12,0.1,0,0
tx-gen-004629,cust-0027,72.8,91.53,0.8,0,0.0,13,0.1,1,0
tx-gen-004630,cust-0024,138.68,269.07,0.52,0,0.0,20,0.1,0,0
tx-gen-004631,cust-0007,65.27,89.03,0.73,0,0.0,18,0.4,0,0
tx-gen-004632,cust-0036,190.52499999999998,76.21,2.5,1,0.0,1,0.4,0,0
tx-gen-004633,cust-0045,38.73,266.62,0.15,1,0.0,0,0.4,0,0
tx-gen-004634,cust-0034,318.36,282.9,1.13,0,0.0,4,0.1,0,0
tx-gen-004635,cust-0001,30.28,60.06,0.5,0,0.0,18,0.1,0,0
tx-gen-004636,cust-0045,38.05,266.62,0.14,1,0.0,9,0.1,0,0
tx-gen-004637,cust-0027,15.82,91.53,0.17,0,0.0,0,0.1,0,0
tx-gen-004638,cust-0022,128.2,51.28,2.5,0,0.0,8,0.1,0,0
tx-gen-004639,cust-0004,450.3,212.71,2.12,0,0.0,20,0.4,0,0
tx-gen-004640,cust-0034,672.06,282.9,2.38,0,0.0,19,0.1,0,0
tx-gen-004641,cust-0016,721.125,288.45,2.5,0,0.0,8,0.4,0,0
tx-gen-004642,cust-0031,59.62,255.21,0.23,0,0.0,19,0.4,0,0
tx-gen-004643,cust-0021,27.98,63.7,0.44,0,0.0,3,0.1,0,0
tx-gen-004644,cust-0039,238.74,215.8,1.11,0,0.0,18,0.1,0,0
tx-gen-004645,cust-0041,60.73,91.84,0.66,1,0.0,3,0.1,0,0
tx-gen-004646,cust-0007,48.25,89.03,0.54,0,0.0,14,0.1,0,0
tx-gen-004647,cust-0045,118.08,266.62,0.44,0,0.0,5,0.4,0,0
tx-gen-004648,cust-0007,80.2,89.03,0.9,0,0.0,12,0.1,0,0
tx-gen-004649,cust-0025,159.32,185.89,0.86,0,0.0,19,0.4,0,0
tx-gen-004650,cust-0031,44.94,255.21,0.18,0,0.0,10,0.1,0,0
tx-gen-004651,cust-0042,157.86,247.36,0.64,1,0.0,20,0.1,0,0
tx-gen-004652,cust-0030,84.7,105.05,0.81,0,0.0,6,0.1,0,0
tx-gen-004653,cust-0039,182.27,215.8,0.84,0,0.0,19,0.1,0,0
tx-gen-004654,cust-0013,55.4,234.88,0.24,0,0.0,11,0.1,0,0
tx-gen-004655,cust-0014,296.25,218.5,1.36,0,0.0,14,0.1,0,0
tx-gen-004656,cust-0002,5.0,104.26,0.05,0,0.0,9,0.1,0,0
tx-gen-004657,cust-0019,84.59,193.01,0.44,0,0.0,9,0.1,0,0
tx-gen-004658,cust-0011,135.63,89.52,1.52,0,0.0,14,0.1,0,0
tx-gen-004659,cust-0047,113.54,136.82,0.83,0,0.0,13,0.1,0,0
tx-gen-004660,cust-0047,41.41,136.82,0.3,1,0.0,11,0.1,0,0
tx-gen-004661,cust-0035,58.51,49.28,1.19,0,0.0,5,0.1,0,0
tx-gen-004662,cust-0036,63.86,76.21,0.84,0,0.0,15,0.1,0,0
tx-gen-004663,cust-0011,142.41,89.52,1.59,0,0.0,6,0.1,0,0
tx-gen-004664,cust-0029,350.56,263.95,1.33,0,0.0,6,0.1,0,0
tx-gen-004665,cust-0043,96.35,102.29,0.94,2,0.0,14,0.1,0,0
tx-gen-004666,cust-0037,64.37,96.1,0.67,0,0.0,2,0.1,0,0
tx-gen-004667,cust-0040,30.71,214.85,0.14,0,0.0,12,0.1,0,0
tx-gen-004668,cust-0041,27.82,91.84,0.3,0,0.0,13,0.1,0,0
tx-gen-004669,cust-0033,114.58,210.95,0.54,1,0.0,7,0.1,0,0
tx-gen-004670,cust-0050,166.05,181.57,0.91,0,0.0,12,0.1,0,0
tx-gen-004671,cust-0018,40.45,56.11,0.72,2,0.0,14,0.4,0,0
tx-gen-004672,cust-0012,35.73,105.11,0.34,0,0.0,18,0.1,0,0
tx-gen-004673,cust-0028,5.0,296.01,0.02,0,0.0,6,0.4,0,0
tx-gen-004674,cust-0025,127.46,185.89,0.69,1,0.0,18,0.1,0,0
tx-gen-004675,cust-0035,16.58,49.28,0.34,0,0.0,11,0.4,0,0
tx-gen-004676,cust-0015,139.33,105.03,1.33,0,0.0,19,0.1,0,0
tx-gen-004677,cust-0010,5.32,219.36,0.02,0,0.0,10,0.1,0,0
tx-gen-004678,cust-0013,206.47,234.88,0.88,1,0.0,9,0.1,0,0
tx-gen-004679,cust-0035,123.2,49.28,2.5,0,0.0,16,0.1,0,0
tx-gen-004680,cust-0048,29.49,153.89,0.19,0,0.0,16,0.4,0,0
tx-gen-004681,cust-0028,188.85,296.01,0.64,0,0.0,22,0.1,0,0
tx-gen-004682,cust-0036,7.31,76.21,0.1,0,0.0,10,0.1,0,0
tx-gen-004683,cust-0029,259.37,263.95,0.98,0,0.0,22,0.1,0,0
tx-gen-004684,cust-0049,54.14,67.7,0.8,1,0.0,16,0.4,1,0
tx-gen-004685,cust-0039,112.9,215.8,0.52,0,0.0,15,0.1,0,0
tx-gen-004686,cust-0039,159.01,215.8,0.74,0,0.0,9,0.1,0,0
tx-gen-004687,cust-0007,202.0,89.03,2.27,0,0.0,19,0.1,0,0
tx-gen-004688,cust-0008,42.08,192.55,0.22,0,0.0,14,0.1,0,0
tx-gen-004689,cust-0038,5.0,132.45,0.04,0,0.0,9,0.4,0,0
tx-gen-004690,cust-0018,110.99,56.11,1.98,0,0.0,13,0.1,0,0
tx-gen-004691,cust-0028,254.76,296.01,0.86,0,0.0,14,0.4,0,0
tx-gen-004692,cust-0002,230.76,104.26,2.21,0,0.0,16,0.1,0,0
tx-gen-004693,cust-0002,94.74,104.26,0.91,0,0.0,10,0.4,0,0
tx-gen-004694,cust-0040,356.99,214.85,1.66,0,0.0,11,0.1,0,0
tx-gen-004695,cust-0034,158.86,282.9,0.56,0,0.0,18,0.1,0,0
tx-gen-004696,cust-0023,351.89,253.94,1.39,0,0.0,15,0.1,0,0
tx-gen-004697,cust-0047,334.16,136.82,2.44,0,0.0,19,0.1,0,0
tx-gen-004698,cust-0017,48.9,57.6,0.85,0,0.0,10,0.1,0,0
tx-gen-004699,cust-0024,53.65,269.07,0.2,0,0.0,5,0.1,0,0
tx-gen-004700,cust-0018,17.57,56.11,0.31,0,0.0,12,0.1,0,0
tx-gen-004701,cust-0046,19.36,87.41,0.22,0,0.0,20,0.1,0,0
tx-gen-004702,cust-0046,24.78,87.41,0.28,0,0.0,1,0.1,0,0
tx-gen-004703,cust-0031,93.38,255.21,0.37,0,0.0,21,0.4,0,0
tx-gen-004704,cust-0029,213.79,263.95,0.81,0,0.0,0,0.1,1,0
tx-gen-004705,cust-0044,245.22,276.55,0.89,1,0.0,1,0.1,1,0
tx-gen-004706,cust-0028,164.58,296.01,0.56,0,0.0,6,0.1,0,0
tx-gen-004707,cust-0041,87.76,91.84,0.96,0,0.0,16,0.4,0,0
tx-gen-004708,cust-0049,5.76,67.7,0.09,0,0.0,21,0.1,0,0
tx-gen-004709,cust-0033,19.38,210.95,0.09,0,0.0,17,0.1,0,0
tx-gen-004710,cust-0049,12.76,67.7,0.19,0,0.0,23,0.4,0,0
tx-gen-004711,cust-0040,156.83,214.85,0.73,0,0.0,3,0.1,0,0
tx-gen-004712,cust-0024,64.79,269.07,0.24,0,0.0,13,0.1,0,0
tx-gen-004713,cust-0031,85.0,255.21,0.33,0,0.0,16,0.1,0,0
tx-gen-004714,cust-0013,120.11,234.88,0.51,0,0.0,15,0.1,0,0
tx-gen-004715,cust-0041,153.43,91.84,1.67,0,0.0,16,0.4,0,0
tx-gen-004716,cust-0048,5.0,153.89,0.03,0,0.0,4,0.1,0,0
tx-gen-004717,cust-0010,229.9,219.36,1.05,0,0.0,17,0.1,0,0
tx-gen-004718,cust-0046,96.61,87.41,1.11,1,0.0,8,0.1,0,0
tx-gen-004719,cust-0029,423.04,263.95,1.6,0,0.0,12,0.1,0,0
tx-gen-004720,cust-0044,691.375,276.55,2.5,0,0.0,8,0.1,0,0
tx-gen-004721,cust-0035,5.0,49.28,0.1,0,0.0,17,0.4,1,0
tx-gen-004722,cust-0039,36.03,215.8,0.17,0,0.0,3,0.1,1,0
tx-gen-004723,cust-0024,584.71,269.07,2.17,1,0.0,2,0.1,0,0
tx-gen-004724,cust-0046,53.62,87.41,0.61,1,0.0,11,0.1,0,0
tx-gen-004725,cust-0030,87.35,105.05,0.83,0,0.0,12,0.1,0,0
tx-gen-004726,cust-0036,82.9,76.21,1.09,1,0.0,6,0.1,0,0
tx-gen-004727,cust-0031,290.05,255.21,1.14,0,0.0,6,0.1,0,0
tx-gen-004728,cust-0013,587.2,234.88,2.5,0,0.0,22,0.1,0,0
tx-gen-004729,cust-0042,618.4000000000001,247.36,2.5,0,0.0,9,0.4,0,0
tx-gen-004730,cust-0042,315.02,247.36,1.27,0,0.0,23,0.1,0,0
tx-gen-004731,cust-0024,91.1,269.07,0.34,0,0.0,1,0.1,0,0
tx-gen-004732,cust-0017,122.01,57.6,2.12,0,0.0,19,0.1,0,0
tx-gen-004733,cust-0016,14.56,288.45,0.05,1,0.0,9,0.1,0,0
tx-gen-004734,cust-0027,24.05,91.53,0.26,1,0.0,21,0.1,0,0
tx-gen-004735,cust-0030,1025.64,105.05,9.76,8,5540.0,22,0.1,1,1
tx-gen-004736,cust-0038,301.56,132.45,2.28,0,0.0,22,0.1,0,0
tx-gen-004737,cust-0049,20.04,67.7,0.3,0,0.0,16,0.4,0,0
tx-gen-004738,cust-0006,9.62,38.58,0.25,0,0.0,6,0.1,0,0
tx-gen-004739,cust-0029,39.23,263.95,0.15,0,0.0,4,0.1,0,0
tx-gen-004740,cust-0020,444.93,227.03,1.96,0,0.0,16,0.1,0,0
tx-gen-004741,cust-0027,63.45,91.53,0.69,0,0.0,0,0.1,0,0
tx-gen-004742,cust-0027,102.84,91.53,1.12,0,0.0,5,0.1,0,0
tx-gen-004743,cust-0040,2052.27,214.85,9.55,5,6642.0,22,0.8,0,1
tx-gen-004744,cust-0002,28.48,104.26,0.27,0,0.0,7,0.1,0,0
tx-gen-004745,cust-0015,149.04,105.03,1.42,0,0.0,7,0.1,0,0
tx-gen-004746,cust-0028,422.45,296.01,1.43,0,0.0,13,0.1,0,0
tx-gen-004747,cust-0016,108.12,288.45,0.37,1,0.0,10,0.1,0,0
tx-gen-004748,cust-0004,112.48,212.71,0.53,0,0.0,16,0.1,0,0
tx-gen-004749,cust-0020,53.43,227.03,0.24,0,0.0,1,0.1,0,0
tx-gen-004750,cust-0006,96.44999999999999,38.58,2.5,0,0.0,13,0.1,0,0
tx-gen-004751,cust-0020,235.51,227.03,1.04,0,0.0,5,0.1,0,0
tx-gen-004752,cust-0007,1005.04,89.03,11.29,6,6354.0,3,0.8,1,1
tx-gen-004753,cust-0006,96.44999999999999,38.58,2.5,0,0.0,23,0.1,0,0
tx-gen-004754,cust-0032,46.98,129.95,0.36,0,0.0,16,0.1,0,0
tx-gen-004755,cust-0024,409.73,269.07,1.52,0,0.0,2,0.1,0,0
tx-gen-004756,cust-0013,341.01,234.88,1.45,0,0.0,2,0.1,0,0
tx-gen-004757,cust-0014,257.07,218.5,1.18,0,0.0,23,0.4,0,0
tx-gen-004758,cust-0008,481.375,192.55,2.5,0,0.0,19,0.1,0,0
tx-gen-004759,cust-0040,107.46,214.85,0.5,0,0.0,13,0.4,0,0
tx-gen-004760,cust-0005,7.49,53.47,0.14,0,0.0,10,0.1,0,0
tx-gen-004761,cust-0008,214.47,192.55,1.11,0,0.0,10,0.4,0,0
tx-gen-004762,cust-0007,116.34,89.03,1.31,0,0.0,7,0.4,0,0
tx-gen-004763,cust-0036,65.22,76.21,0.86,2,0.0,17,0.1,1,0
tx-gen-004764,cust-0005,12.39,53.47,0.23,0,0.0,1,0.1,0,0
tx-gen-004765,cust-0012,73.8,105.11,0.7,0,0.0,6,0.1,0,0
tx-gen-004766,cust-0037,35.96,96.1,0.37,1,0.0,1,0.1,0,0
tx-gen-004767,cust-0007,49.65,89.03,0.56,0,0.0,21,0.1,1,0
tx-gen-004768,cust-0019,200.01,193.01,1.04,0,0.0,22,0.1,0,0
tx-gen-004769,cust-0016,394.41,288.45,1.37,0,0.0,8,0.1,0,0
tx-gen-004770,cust-0005,14.13,53.47,0.26,0,0.0,13,0.1,0,0
tx-gen-004771,cust-0001,31.22,60.06,0.52,0,0.0,11,0.1,0,0
tx-gen-004772,cust-0004,66.7,212.71,0.31,0,0.0,1,0.1,0,0
tx-gen-004773,cust-0050,40.21,181.57,0.22,0,0.0,13,0.1,0,0
tx-gen-004774,cust-0016,441.23,288.45,1.53,2,0.0,19,0.1,0,0
tx-gen-004775,cust-0036,182.88,76.21,2.4,0,0.0,17,0.4,0,0
tx-gen-004776,cust-0040,99.35,214.85,0.46,0,0.0,10,0.1,0,0
tx-gen-004777,cust-0020,315.89,227.03,1.39,0,0.0,6,0.1,1,0
tx-gen-004778,cust-0045,606.02,266.62,2.27,0,0.0,7,0.1,0,0
tx-gen-004779,cust-0004,398.11,212.71,1.87,0,0.0,22,0.1,0,0
tx-gen-004780,cust-0048,31.07,153.89,0.2,0,0.0,17,0.1,0,0
tx-gen-004781,cust-0009,209.225,83.69,2.5,0,0.0,14,0.1,0,0
tx-gen-004782,cust-0011,42.32,89.52,0.47,0,0.0,16,0.4,0,0
tx-gen-004783,cust-0010,1945.09,219.36,8.87,8,563.0,14,0.8,1,1
tx-gen-004784,cust-0001,24.89,60.06,0.41,0,0.0,23,0.1,0,0
tx-gen-004785,cust-0041,5.92,91.84,0.06,0,0.0,18,0.1,0,0
tx-gen-004786,cust-0046,58.2,87.41,0.67,0,0.0,6,0.1,0,0
tx-gen-004787,cust-0030,12.13,105.05,0.12,0,0.0,7,0.4,0,0
tx-gen-004788,cust-0009,23.91,83.69,0.29,0,0.0,10,0.4,0,0
tx-gen-004789,cust-0040,81.9,214.85,0.38,0,0.0,20,0.1,0,0
tx-gen-004790,cust-0003,111.98,67.68,1.65,0,0.0,13,0.1,0,0
tx-gen-004791,cust-0041,191.34,91.84,2.08,1,0.0,8,0.1,0,0
tx-gen-004792,cust-0036,436.55,76.21,5.73,5,4817.0,13,0.8,0,1
tx-gen-004793,cust-0029,95.08,263.95,0.36,2,0.0,7,0.4,0,0
tx-gen-004794,cust-0038,1177.98,132.45,8.89,7,6924.0,14,0.8,1,1
tx-gen-004795,cust-0045,521.74,266.62,1.96,1,0.0,5,0.1,0,0
tx-gen-004796,cust-0023,494.3,253.94,1.95,0,0.0,5,0.1,0,0
tx-gen-004797,cust-0033,305.18,210.95,1.45,0,0.0,7,0.1,0,0
tx-gen-004798,cust-0040,34.08,214.85,0.16,0,0.0,15,0.1,0,0
tx-gen-004799,cust-0004,249.34,212.71,1.17,1,0.0,15,0.1,0,0
tx-gen-004800,cust-0006,96.44999999999999,38.58,2.5,0,0.0,14,0.4,1,0
tx-gen-004801,cust-0031,292.83,255.21,1.15,1,0.0,5,0.1,0,0
tx-gen-004802,cust-0037,38.72,96.1,0.4,0,0.0,12,0.4,0,0
tx-gen-004803,cust-0049,47.0,67.7,0.69,0,0.0,8,0.4,1,0
tx-gen-004804,cust-0021,66.1,63.7,1.04,2,0.0,23,0.1,0,0
tx-gen-004805,cust-0020,162.22,227.03,0.71,0,0.0,2,0.1,0,0
tx-gen-004806,cust-0004,27.18,212.71,0.13,0,0.0,5,0.1,0,0
tx-gen-004807,cust-0038,49.54,132.45,0.37,0,0.0,11,0.1,0,0
tx-gen-004808,cust-0037,155.83,96.1,1.62,0,0.0,2,0.1,0,0
tx-gen-004809,cust-0001,118.7,60.06,1.98,0,0.0,6,0.4,0,0
tx-gen-004810,cust-0041,13.56,91.84,0.15,0,0.0,16,0.1,0,0
tx-gen-004811,cust-0038,331.125,132.45,2.5,0,0.0,10,0.4,0,0
tx-gen-004812,cust-0011,35.69,89.52,0.4,1,0.0,23,0.4,0,0
tx-gen-004813,cust-0008,209.04,192.55,1.09,0,0.0,0,0.1,0,0
tx-gen-004814,cust-0033,293.98,210.95,1.39,0,0.0,21,0.4,0,0
tx-gen-004815,cust-0028,494.64,296.01,1.67,0,0.0,6,0.1,0,0
tx-gen-004816,cust-0026,121.95,48.78,2.5,0,0.0,5,0.1,0,0
tx-gen-004817,cust-0018,21.06,56.11,0.38,0,0.0,7,0.1,0,0
tx-gen-004818,cust-0023,496.58,253.94,1.96,0,0.0,9,0.1,0,0
tx-gen-004819,cust-0046,12.34,87.41,0.14,1,0.0,4,0.1,0,0
tx-gen-004820,cust-0032,158.66,129.95,1.22,0,0.0,15,0.1,0,0
tx-gen-004821,cust-0046,118.42,87.41,1.35,0,0.0,22,0.1,1,0
tx-gen-004822,cust-0011,101.37,89.52,1.13,1,0.0,10,0.1,0,0
tx-gen-004823,cust-0040,62.47,214.85,0.29,0,0.0,15,0.1,0,0
tx-gen-004824,cust-0027,188.91,91.53,2.06,0,0.0,23,0.1,0,0
tx-gen-004825,cust-0028,54.75,296.01,0.18,0,0.0,3,0.4,0,0
tx-gen-004826,cust-0028,16.32,296.01,0.06,0,0.0,17,0.1,0,0
tx-gen-004827,cust-0048,194.51,153.89,1.26,1,0.0,17,0.1,0,0
tx-gen-004828,cust-0013,151.56,234.88,0.65,0,0.0,19,0.1,0,0
tx-gen-004829,cust-0010,414.84,219.36,1.89,0,0.0,13,0.1,0,0
tx-gen-004830,cust-0035,23.83,49.28,0.48,0,0.0,13,0.1,0,0
tx-gen-004831,cust-0031,47.02,255.21,0.18,0,0.0,8,0.1,0,0
tx-gen-004832,cust-0017,104.29,57.6,1.81,1,0.0,11,0.1,0,0
tx-gen-004833,cust-0003,53.88,67.68,0.8,1,0.0,13,0.1,0,0
tx-gen-004834,cust-0005,11.21,53.47,0.21,0,0.0,8,0.1,0,0
tx-gen-004835,cust-0034,360.51,282.9,1.27,1,0.0,5,0.1,0,0
tx-gen-004836,cust-0018,40.15,56.11,0.72,0,0.0,10,0.1,0,0
tx-gen-004837,cust-0026,45.23,48.78,0.93,1,0.0,19,0.1,1,0
tx-gen-004838,cust-0026,30.14,48.78,0.62,0,0.0,12,0.1,0,0
tx-gen-004839,cust-0048,271.52,153.89,1.76,0,0.0,4,0.4,0,0
tx-gen-004840,cust-0045,471.75,266.62,1.77,0,0.0,7,0.1,0,0
tx-gen-004841,cust-0044,341.75,276.55,1.24,0,0.0,15,0.1,0,0
tx-gen-004842,cust-0006,5.0,38.58,0.13,0,0.0,12,0.1,0,0
tx-gen-004843,cust-0042,451.54,247.36,1.83,0,0.0,19,0.4,0,0
tx-gen-004844,cust-0032,144.47,129.95,1.11,0,0.0,3,0.4,1,0
tx-gen-004845,cust-0025,221.97,185.89,1.19,1,0.0,15,0.1,0,0
tx-gen-004846,cust-0031,115.09,255.21,0.45,0,0.0,7,0.1,0,0
tx-gen-004847,cust-0036,161.13,76.21,2.11,1,0.0,0,0.1,0,0
tx-gen-004848,cust-0037,124.19,96.1,1.29,0,0.0,2,0.4,0,0
tx-gen-004849,cust-0024,32.14,269.07,0.12,0,0.0,22,0.4,0,0
tx-gen-004850,cust-0007,46.64,89.03,0.52,0,0.0,23,0.1,0,0
tx-gen-004851,cust-0028,643.79,296.01,2.17,0,0.0,10,0.4,0,0
tx-gen-004852,cust-0049,5.0,67.7,0.07,0,0.0,15,0.1,0,0
tx-gen-004853,cust-0029,659.875,263.95,2.5,0,0.0,21,0.1,0,0
tx-gen-004854,cust-0003,76.94,67.68,1.14,0,0.0,22,0.1,0,0
tx-gen-004855,cust-0042,246.86,247.36,1.0,0,0.0,3,0.1,0,0
tx-gen-004856,cust-0035,15.55,49.28,0.32,0,0.0,20,0.1,0,0
tx-gen-004857,cust-0037,27.49,96.1,0.29,1,0.0,19,0.1,0,0
tx-gen-004858,cust-0040,537.125,214.85,2.5,0,0.0,21,0.1,1,0
tx-gen-004859,cust-0016,102.17,288.45,0.35,0,0.0,5,0.1,0,0
tx-gen-004860,cust-0030,156.93,105.05,1.49,0,0.0,15,0.1,1,0
tx-gen-004861,cust-0042,123.54,247.36,0.5,0,0.0,9,0.1,0,0
tx-gen-004862,cust-0017,8.64,57.6,0.15,0,0.0,12,0.1,0,0
tx-gen-004863,cust-0012,5.0,105.11,0.05,2,0.0,5,0.1,0,0
tx-gen-004864,cust-0017,45.26,57.6,0.79,0,0.0,4,0.1,0,0
tx-gen-004865,cust-0032,324.875,129.95,2.5,0,0.0,19,0.4,0,0
tx-gen-004866,cust-0030,48.39,105.05,0.46,0,0.0,14,0.1,0,0
tx-gen-004867,cust-0024,118.9,269.07,0.44,0,0.0,19,0.4,0,0
tx-gen-004868,cust-0048,64.9,153.89,0.42,0,0.0,7,0.1,0,0
tx-gen-004869,cust-0032,95.53,129.95,0.74,0,0.0,15,0.1,0,0
tx-gen-004870,cust-0010,127.45,219.36,0.58,0,0.0,7,0.1,0,0
tx-gen-004871,cust-0013,497.84,234.88,2.12,0,0.0,16,0.1,0,0
tx-gen-004872,cust-0041,64.68,91.84,0.7,0,0.0,4,0.1,0,0
tx-gen-004873,cust-0026,34.57,48.78,0.71,0,0.0,11,0.1,1,0
tx-gen-004874,cust-0043,15.23,102.29,0.15,0,0.0,8,0.1,0,0
tx-gen-004875,cust-0021,159.25,63.7,2.5,0,0.0,19,0.4,0,0
tx-gen-004876,cust-0019,55.52,193.01,0.29,0,0.0,15,0.1,0,0
tx-gen-004877,cust-0039,16.44,215.8,0.08,0,0.0,4,0.1,0,0
tx-gen-004878,cust-0044,2749.69,276.55,9.94,6,4918.0,13,0.1,1,1
tx-gen-004879,cust-0037,689.62,96.1,7.18,7,2103.0,10,0.4,1,1
tx-gen-004880,cust-0026,53.08,48.78,1.09,0,0.0,4,0.1,0,0
tx-gen-004881,cust-0050,164.28,181.57,0.9,0,0.0,0,0.4,0,0
tx-gen-004882,cust-0016,154.72,288.45,0.54,0,0.0,0,0.1,0,0
tx-gen-004883,cust-0044,151.69,276.55,0.55,0,0.0,23,0.4,0,0
tx-gen-004884,cust-0030,161.51,105.05,1.54,0,0.0,14,0.4,0,0
tx-gen-004885,cust-0014,47.59,218.5,0.22,0,0.0,10,0.1,0,0
tx-gen-004886,cust-0005,91.77,53.47,1.72,0,0.0,6,0.4,0,0
tx-gen-004887,cust-0011,93.66,89.52,1.05,0,0.0,4,0.4,0,0
tx-gen-004888,cust-0044,150.15,276.55,0.54,0,0.0,13,0.1,0,0
tx-gen-004889,cust-0027,56.07,91.53,0.61,0,0.0,16,0.1,0,0
tx-gen-004890,cust-0046,25.92,87.41,0.3,1,0.0,0,0.1,0,0
tx-gen-004891,cust-0015,146.49,105.03,1.39,1,0.0,5,0.1,0,0
tx-gen-004892,cust-0010,157.77,219.36,0.72,0,0.0,7,0.4,0,0
tx-gen-004893,cust-0012,40.67,105.11,0.39,1,0.0,18,0.1,0,0
tx-gen-004894,cust-0038,120.06,132.45,0.91,1,0.0,5,0.1,0,0
tx-gen-004895,cust-0034,707.25,282.9,2.5,0,0.0,2,0.1,0,0
tx-gen-004896,cust-0009,47.82,83.69,0.57,0,0.0,3,0.1,0,0
tx-gen-004897,cust-0021,159.25,63.7,2.5,1,0.0,8,0.1,0,0
tx-gen-004898,cust-0042,104.67,247.36,0.42,1,0.0,8,0.1,0,0
tx-gen-004899,cust-0026,5.0,48.78,0.1,2,0.0,23,0.1,0,0
tx-gen-004900,cust-0018,12.82,56.11,0.23,0,0.0,21,0.1,0,0
tx-gen-004901,cust-0021,34.56,63.7,0.54,0,0.0,22,0.1,0,0
tx-gen-004902,cust-0045,66.12,266.62,0.25,0,0.0,4,0.1,1,0
tx-gen-004903,cust-0013,5.0,234.88,0.02,0,0.0,15,0.1,0,0
tx-gen-004904,cust-0042,609.77,247.36,2.47,0,0.0,3,0.4,0,0
tx-gen-004905,cust-0047,254.09,136.82,1.86,0,0.0,9,0.1,0,0
tx-gen-004906,cust-0032,176.2,129.95,1.36,0,0.0,16,0.1,0,0
tx-gen-004907,cust-0005,9.82,53.47,0.18,0,0.0,12,0.1,0,0
tx-gen-004908,cust-0004,27.28,212.71,0.13,0,0.0,3,0.1,0,0
tx-gen-004909,cust-0025,1453.54,185.89,7.82,6,1257.0,3,0.8,0,1
tx-gen-004910,cust-0047,9.58,136.82,0.07,0,0.0,9,0.1,1,0
tx-gen-004911,cust-0016,371.37,288.45,1.29,0,0.0,8,0.1,0,0
tx-gen-004912,cust-0031,638.025,255.21,2.5,0,0.0,22,0.1,0,0
tx-gen-004913,cust-0007,50.13,89.03,0.56,0,0.0,19,0.1,0,0
tx-gen-004914,cust-0026,6.19,48.78,0.13,0,0.0,18,0.1,0,0
tx-gen-004915,cust-0037,69.02,96.1,0.72,0,0.0,14,0.1,0,0
tx-gen-004916,cust-0022,22.0,51.28,0.43,0,0.0,8,0.4,0,0
tx-gen-004917,cust-0038,62.21,132.45,0.47,0,0.0,12,0.1,1,0
tx-gen-004918,cust-0049,65.74,67.7,0.97,0,0.0,20,0.1,0,0
tx-gen-004919,cust-0037,923.93,96.1,9.61,4,6009.0,9,0.1,1,1
tx-gen-004920,cust-0043,129.74,102.29,1.27,0,0.0,6,0.1,0,0
tx-gen-004921,cust-0005,6.27,53.47,0.12,0,0.0,0,0.4,0,0
tx-gen-004922,cust-0035,5.0,49.28,0.1,2,0.0,14,0.1,0,0
tx-gen-004923,cust-0012,262.775,105.11,2.5,0,0.0,5,0.1,0,0
tx-gen-004924,cust-0026,12.92,48.78,0.26,0,0.0,0,0.1,0,0
tx-gen-004925,cust-0012,5.82,105.11,0.06,0,0.0,0,0.1,0,0
tx-gen-004926,cust-0024,56.66,269.07,0.21,0,0.0,19,0.1,0,0
tx-gen-004927,cust-0039,8.58,215.8,0.04,0,0.0,12,0.4,0,0
tx-gen-004928,cust-0020,112.9,227.03,0.5,0,0.0,13,0.1,0,0
tx-gen-004929,cust-0016,467.73,288.45,1.62,0,0.0,16,0.1,0,0
tx-gen-004930,cust-0017,24.04,57.6,0.42,0,0.0,19,0.1,0,0
tx-gen-004931,cust-0048,90.38,153.89,0.59,0,0.0,6,0.1,0,0
tx-gen-004932,cust-0013,264.41,234.88,1.13,0,0.0,1,0.1,0,0
tx-gen-004933,cust-0046,62.16,87.41,0.71,1,0.0,15,0.1,0,0
tx-gen-004934,cust-0049,133.81,67.7,1.98,0,0.0,7,0.1,0,0
tx-gen-004935,cust-0032,261.22,129.95,2.01,0,0.0,11,0.1,0,0
tx-gen-004936,cust-0004,5.0,212.71,0.02,0,0.0,14,0.1,1,0
tx-gen-004937,cust-0045,401.34,266.62,1.51,2,0.0,0,0.1,0,0
tx-gen-004938,cust-0015,64.86,105.03,0.62,0,0.0,10,0.4,0,0
tx-gen-004939,cust-0029,659.875,263.95,2.5,0,0.0,13,0.1,0,0
tx-gen-004940,cust-0026,32.2,48.78,0.66,0,0.0,15,0.1,0,0
tx-gen-004941,cust-0020,567.575,227.03,2.5,0,0.0,17,0.4,0,0
tx-gen-004942,cust-0041,129.01,91.84,1.4,0,0.0,5,0.1,0,0
tx-gen-004943,cust-0016,82.45,288.45,0.29,0,0.0,13,0.1,0,0
tx-gen-004944,cust-0048,118.96,153.89,0.77,1,0.0,1,0.1,1,0
tx-gen-004945,cust-0017,144.0,57.6,2.5,0,0.0,23,0.1,0,0
tx-gen-004946,cust-0018,109.34,56.11,1.95,0,0.0,22,0.4,0,0
tx-gen-004947,cust-0029,27.04,263.95,0.1,0,0.0,18,0.1,1,0
tx-gen-004948,cust-0025,1985.97,185.89,10.68,3,6396.0,0,0.8,1,1
tx-gen-004949,cust-0038,162.31,132.45,1.23,0,0.0,4,0.1,0,0
tx-gen-004950,cust-0007,37.75,89.03,0.42,0,0.0,10,0.1,0,0
tx-gen-004951,cust-0024,5.0,269.07,0.02,0,0.0,22,0.1,0,0
tx-gen-004952,cust-0037,49.65,96.1,0.52,0,0.0,19,0.1,0,0
tx-gen-004953,cust-0019,51.64,193.01,0.27,0,0.0,10,0.1,0,0
tx-gen-004954,cust-0039,368.7,215.8,1.71,1,0.0,14,0.4,0,0
tx-gen-004955,cust-0001,24.71,60.06,0.41,0,0.0,11,0.4,0,0
tx-gen-004956,cust-0042,434.73,247.36,1.76,0,0.0,2,0.1,0,0
tx-gen-004957,cust-0027,5.0,91.53,0.05,0,0.0,8,0.1,0,0
tx-gen-004958,cust-0029,97.11,263.95,0.37,0,0.0,23,0.4,0,0
tx-gen-004959,cust-0042,68.26,247.36,0.28,0,0.0,10,0.1,0,0
tx-gen-004960,cust-0030,27.94,105.05,0.27,0,0.0,10,0.1,0,0
tx-gen-004961,cust-0029,18.64,263.95,0.07,0,0.0,13,0.1,0,0
tx-gen-004962,cust-0012,21.78,105.11,0.21,0,0.0,22,0.1,1,0
tx-gen-004963,cust-0011,72.59,89.52,0.81,0,0.0,22,0.1,1,0
tx-gen-004964,cust-0016,99.34,288.45,0.34,0,0.0,0,0.1,1,0
tx-gen-004965,cust-0017,31.12,57.6,0.54,1,0.0,1,0.1,0,0
tx-gen-004966,cust-0025,87.93,185.89,0.47,0,0.0,12,0.1,0,0
tx-gen-004967,cust-0040,448.33,214.85,2.09,0,0.0,21,0.1,0,0
tx-gen-004968,cust-0026,114.98,48.78,2.36,0,0.0,19,0.4,0,0
tx-gen-004969,cust-0022,34.83,51.28,0.68,0,0.0,10,0.1,0,0
tx-gen-004970,cust-0017,23.08,57.6,0.4,0,0.0,13,0.1,0,0
tx-gen-004971,cust-0022,5.79,51.28,0.11,0,0.0,14,0.4,0,0
tx-gen-004972,cust-0034,707.25,282.9,2.5,0,0.0,7,0.1,1,0
tx-gen-004973,cust-0010,13.63,219.36,0.06,0,0.0,14,0.1,0,0
tx-gen-004974,cust-0049,23.92,67.7,0.35,0,0.0,0,0.1,0,0
tx-gen-004975,cust-0036,26.97,76.21,0.35,0,0.0,14,0.4,1,0
tx-gen-004976,cust-0035,19.03,49.28,0.39,0,0.0,10,0.1,0,0
tx-gen-004977,cust-0009,15.02,83.69,0.18,1,0.0,16,0.1,0,0
tx-gen-004978,cust-0006,58.97,38.58,1.53,0,0.0,16,0.4,0,0
tx-gen-004979,cust-0014,28.55,218.5,0.13,0,0.0,11,0.1,0,0
tx-gen-004980,cust-0034,285.05,282.9,1.01,0,0.0,12,0.4,0,0
tx-gen-004981,cust-0045,35.25,266.62,0.13,0,0.0,8,0.1,0,0
tx-gen-004982,cust-0012,7.69,105.11,0.07,1,0.0,7,0.1,0,0
tx-gen-004983,cust-0020,545.24,227.03,2.4,0,0.0,21,0.1,0,0
tx-gen-004984,cust-0035,10.39,49.28,0.21,0,0.0,14,0.1,0,0
tx-gen-004985,cust-0045,459.06,266.62,1.72,0,0.0,23,0.1,0,0
tx-gen-004986,cust-0010,172.56,219.36,0.79,0,0.0,9,0.1,0,0
tx-gen-004987,cust-0001,5.0,60.06,0.08,0,0.0,12,0.1,1,0
tx-gen-004988,cust-0005,133.675,53.47,2.5,0,0.0,5,0.1,0,0
tx-gen-004989,cust-0045,75.62,266.62,0.28,0,0.0,11,0.1,0,0
tx-gen-004990,cust-0021,125.08,63.7,1.96,0,0.0,15,0.1,0,0
tx-gen-004991,cust-0044,51.13,276.55,0.18,0,0.0,0,0.1,0,0
tx-gen-004992,cust-0047,263.21,136.82,1.92,1,0.0,19,0.4,0,0
tx-gen-004993,cust-0048,5.0,153.89,0.03,0,0.0,4,0.1,1,0
tx-gen-004994,cust-0033,151.25,210.95,0.72,0,0.0,21,0.1,0,0
tx-gen-004995,cust-0035,72.31,49.28,1.47,0,0.0,22,0.1,0,0
tx-gen-004996,cust-0017,144.0,57.6,2.5,0,0.0,2,0.1,0,0
tx-gen-004997,cust-0005,128.28,53.47,2.4,0,0.0,9,0.1,0,0
tx-gen-004998,cust-0041,157.3,91.84,1.71,0,0.0,16,0.1,0,0
tx-gen-004999,cust-0028,648.55,296.01,2.19,0,0.0,23,0.1,0,0
tx-gen-005000,cust-0005,11.88,53.47,0.22,1,0.0,4,0.1,0,0
